flow_id,flow_name,category,amount_in_inventory_unit,unit,amount_kg,factor,impact_kg_co2eq,treatment
ac1eb121-e94a-3198-a613-528dbb56c2d2,Barium compounds,Elementary flows/emission/air,7.260092306409312e-08,kg,,,,no_factor_in_ipcc_ar6_100
0346d063-4db1-3f52-a695-892c4c98d443,Beryllium,Elementary flows/emission/air,5.796605631865563e-09,kg,,,,no_factor_in_ipcc_ar6_100
587e4238-31d8-3674-94e9-d20186f55839,Lead compounds,Elementary flows/emission/water,2.8233612308456027e-09,kg,,,,no_factor_in_ipcc_ar6_100
233fa408-5db8-3c9a-aa2f-60dcb6d587e6,Copper compounds,Elementary flows/emission/air,4.9050891364585134e-09,kg,,,,no_factor_in_ipcc_ar6_100
769dbca1-f841-3aea-a60d-bbefd9bf412e,Vanadium compounds,Elementary flows/emission/air,4.5547874770095465e-09,kg,,,,no_factor_in_ipcc_ar6_100
e2230ed6-8d5e-3315-8bc9-ce337d1283ce,Hydrochloric acid,Elementary flows/emission/air,8.222313415367183e-05,kg,,,,no_factor_in_ipcc_ar6_100
993fb955-f686-37f7-96e1-22b8c2a35ced,Chrysene,Elementary flows/emission/air,2.8913682310968046e-10,kg,,,,no_factor_in_ipcc_ar6_100
187c525c-3715-388c-b303-a0671524a615,Carbon monoxide,Elementary flows/emission/air,0.01963996899019254,kg,,,,no_factor_in_ipcc_ar6_100
d97a56c9-1cfd-3886-aa9f-e8f4960dff04,Barium compounds,Elementary flows/emission/water,1.4980175720943805e-07,kg,,,,no_factor_in_ipcc_ar6_100
45880be9-788f-387b-8b1b-c38615cc48e2,Phenol,Elementary flows/emission/air,1.7870975921349065e-06,kg,,,,no_factor_in_ipcc_ar6_100
9a474c27-63f9-3d0d-a74c-465fd97400e7,Manganese,Elementary flows/emission/air,9.429928796904464e-06,kg,,,,no_factor_in_ipcc_ar6_100
248c35a7-7964-3f7b-aff8-9f29e983835e,Benz[a]anthracene,Elementary flows/emission/air,4.947369509858654e-10,kg,,,,no_factor_in_ipcc_ar6_100
0838fbf7-0add-3353-ba9a-b187edeb85d6,Sulfuric acid,Elementary flows/emission/air,2.603921998681294e-06,kg,,,,no_factor_in_ipcc_ar6_100
3f72fe9c-b003-38ee-b8d2-13a84f60506c,Toluene,Elementary flows/emission/air,1.1743218229286988e-05,kg,,,,no_factor_in_ipcc_ar6_100
ac0fa9f8-2455-3106-841c-ed7be967c566,Dioxins,Elementary flows/emission/air,1.1724871352807947e-13,kg,,,,no_factor_in_ipcc_ar6_100
565c5d1a-1e0e-35f3-82a0-4845c43d3dcf,Benzene,Elementary flows/emission/air,3.951667368821734e-06,kg,,,,no_factor_in_ipcc_ar6_100
65b5d5dd-95b5-36b2-8cb0-7c5501ff1e32,Ammonia,Elementary flows/emission/air,3.816567751975696e-05,kg,,,,no_factor_in_ipcc_ar6_100
4382ba18-dd21-3837-80b2-94283ef5490e,Nitrogen oxides,Elementary flows/emission/air,0.005678882852961515,kg,,,,no_factor_in_ipcc_ar6_100
aef9d0ff-6482-3b1d-a53e-4d738bdcd9b1,Xylene,Elementary flows/emission/air,1.0828496506641362e-05,kg,,,,no_factor_in_ipcc_ar6_100
c33548d3-5ccc-39da-b434-3c558a178cfd,Manganese compounds,Elementary flows/emission/air,1.3006403616479617e-08,kg,,,,no_factor_in_ipcc_ar6_100
8ba7dd57-b502-397b-944a-f63c6615f754,"Water, fresh",Elementary flows/resource/water,-92.7956562763201,kg,,,,no_factor_in_ipcc_ar6_100
4177b053-26a1-36e1-baa8-43af1249eb56,Copper compounds,Elementary flows/emission/water,5.659355237202096e-08,kg,,,,no_factor_in_ipcc_ar6_100
d5a296be-7219-3921-a430-cff172ac7911,Cadmium,Elementary flows/emission/air,5.792661653292177e-08,kg,,,,no_factor_in_ipcc_ar6_100
a320e284-d276-3167-89b3-19d790081c08,"Particulate matter, > 2.5μm and ≤ 10μm",Elementary flows/emission/air,0.00019904675105466465,kg,,,,no_factor_in_ipcc_ar6_100
fe829136-3042-36e6-b4cb-7ff591e8db98,Lead,Elementary flows/emission/air,4.85281060251376e-06,kg,,,,no_factor_in_ipcc_ar6_100
b5c72fb3-6445-33b7-aec4-ba41e30b8d14,Vinyl chloride,Elementary flows/emission/air,6.724362930302706e-07,kg,,,,no_factor_in_ipcc_ar6_100
b13d5170-0f62-30e2-9c10-ddde89b2d2b1,Mercury compounds,Elementary flows/emission/air,1.0411667827243898e-09,kg,,,,no_factor_in_ipcc_ar6_100
ebf3aeb4-7a46-3029-a8f8-83d68f4d4ce5,Naphthalene,Elementary flows/emission/air,7.167978295663016e-08,kg,,,,no_factor_in_ipcc_ar6_100
f4973035-59f5-3bdc-b257-b274dcc04e0f,Sulfur dioxide,Elementary flows/emission/air,0.007819700313071328,kg,,,,no_factor_in_ipcc_ar6_100
1c288388-0f32-30f1-8267-19b8d72c80df,Hydrofluoric acid,Elementary flows/emission/air,1.114321574029903e-05,kg,,,,no_factor_in_ipcc_ar6_100
49a9c581-7c83-36b0-b1bd-455ea4c665a6,"Particulate matter, ≤ 2.5μm",Elementary flows/emission/air,0.0008698528606813216,kg,,,,no_factor_in_ipcc_ar6_100
b6db14bd-73e9-3f02-852a-e8b5e60bbc61,Selenium,Elementary flows/emission/air,3.391501381619923e-07,kg,,,,no_factor_in_ipcc_ar6_100
a257b8d3-62dd-37ad-b429-73d96c97165c,Formaldehyde,Elementary flows/emission/air,2.3228310715646628e-05,kg,,,,no_factor_in_ipcc_ar6_100
e2c65e04-f613-33db-9a6e-4cb4577b0005,Mercury,Elementary flows/emission/air,2.961717166697824e-07,kg,,,,no_factor_in_ipcc_ar6_100
f654e940-5737-3bc7-9492-f163c47bfbd5,Zinc compounds,Elementary flows/emission/air,3.544063005166615e-08,kg,,,,no_factor_in_ipcc_ar6_100
50f56ea3-e292-3c09-89d2-74466af5f11e,Nickel,Elementary flows/emission/air,7.639813160333515e-05,kg,,,,no_factor_in_ipcc_ar6_100
76bd7eb9-a592-319f-9234-9a469de5bd59,Benzo[a]pyrene,Elementary flows/emission/air,2.3739731102995914e-09,kg,,,,no_factor_in_ipcc_ar6_100
d9ed8839-5d20-3904-af9c-5807284712e0,Chromium(III),Elementary flows/emission/air,4.486696700743474e-08,kg,,,,no_factor_in_ipcc_ar6_100
c89c263a-b0b7-34c9-a27c-d9ebf851c3cc,Fluoranthene,Elementary flows/emission/air,1.193697600380631e-07,kg,,,,no_factor_in_ipcc_ar6_100
ac249128-5489-3eb8-bfb8-61c0b93d2e07,Chromium(VI),Elementary flows/emission/air,2.8140386983514922e-09,kg,,,,no_factor_in_ipcc_ar6_100
e7e53ff6-c201-3e33-a8c0-00c7ea0ced99,Lead compounds,Elementary flows/emission/air,1.172182976182221e-08,kg,,,,no_factor_in_ipcc_ar6_100
09dc3fe9-7e57-321f-9e04-34375bf2a0b7,Acetaldehyde,Elementary flows/emission/air,9.457311914998981e-06,kg,,,,no_factor_in_ipcc_ar6_100
02493f33-ffee-3fb6-8508-42de1592015e,"PAH/POM, unspecified",Elementary flows/emission/air,3.491756759758056e-09,kg,,,,no_factor_in_ipcc_ar6_100
a1c1753e-5b37-3aa2-a929-552eb0d6d351,"Water, fresh",Elementary flows/emission/water,33.56576930383961,kg,,,,no_factor_in_ipcc_ar6_100
2b16d0b5-4713-3bb8-be5b-905382f0e8a8,Arsenic,Elementary flows/emission/air,1.548870371720866e-07,kg,,,,no_factor_in_ipcc_ar6_100
a59ee0ff-0f7a-3f04-95d6-9f0620010da0,Manganese compounds,Elementary flows/emission/water,9.746658848663689e-07,kg,,,,no_factor_in_ipcc_ar6_100
6f861846-1c4c-3fc9-a198-56b2d9abd83b,Volatile organic compounds,Elementary flows/emission/air,0.3755776744553363,kg,,,,no_factor_in_ipcc_ar6_100
8c959db8-d359-36e3-8517-588e1c21df4a,"Energy, heat",Elementary flows/resource/air,-7.523116938194309,MJ,,,,no_factor_in_ipcc_ar6_100
a742c00e-7148-3f99-9ecc-16bb46bd2f4f,Nitrogen dioxide,Elementary flows/emission/air,0.00017387253058834072,kg,,,,no_factor_in_ipcc_ar6_100
71f2d986-ed4b-3342-8ca7-15dd2dc30239,Mercury compounds,Elementary flows/emission/water,3.2219549706616406e-11,kg,,,,no_factor_in_ipcc_ar6_100
3600a034-449c-3066-9960-6a13903c310d,Di(2-ethylhexyl) phthalate,Elementary flows/emission/air,1.4653000165990854e-09,kg,,,,no_factor_in_ipcc_ar6_100
6e8f5792-945d-35a1-a558-663397d47b5b,Zinc compounds,Elementary flows/emission/water,6.951113948577347e-08,kg,,,,no_factor_in_ipcc_ar6_100
302920d1-c74b-3ff7-98e6-0cbbdd8431f2,Strontium,Elementary flows/emission/air,2.137465275321077e-08,kg,,,,no_factor_in_ipcc_ar6_100
cfde66db-caf3-3368-bf82-8f8b44882c25,Thiram,Elementary flows/emission/water,5.626725115155864e-14,kg,,,,no_factor_in_ipcc_ar6_100
3b66fd84-6bf2-3a57-bd4c-f779d71fee69,Cyanide,Elementary flows/emission/water,9.001082003338289e-08,kg,,,,no_factor_in_ipcc_ar6_100
fc047629-d783-3edd-bea8-ef323f025478,Imidacloprid,Elementary flows/emission/air,8.332338750202014e-13,kg,,,,no_factor_in_ipcc_ar6_100
22144b1f-4fc0-3643-953b-ede9a14e9ed4,Oxygen,Elementary flows/emission/air,0.00425577801728404,kg,,,,no_factor_in_ipcc_ar6_100
3b7209a0-e9df-3308-a096-0ee2a8712dfe,Nickel(II),Elementary flows/emission/air,4.916227319100477e-09,kg,,,,no_factor_in_ipcc_ar6_100
52e6476c-bc9d-3aa2-bfb8-6597393b87d1,Biphenyl,Elementary flows/emission/air,1.2011819287081378e-09,kg,,,,no_factor_in_ipcc_ar6_100
68c6cf3d-a36e-3a9a-b71e-a8deb3de1d07,Beta Cypermethrin,Elementary flows/emission/water,1.441412397334658e-13,kg,,,,no_factor_in_ipcc_ar6_100
6db1dc8d-facf-347f-9885-53936a44286b,Naphthalene,Elementary flows/emission/water,3.592217676319879e-08,kg,,,,no_factor_in_ipcc_ar6_100
a2f0cbbe-078a-3dc9-b2c4-d474312d8067,Cesium-134,Elementary flows/emission/air,3.7820806464809227e-08,kBq,,,,no_factor_in_ipcc_ar6_100
2cf52e26-e4e6-37e0-85a1-6bcbfb17ec03,Zinc(II),Elementary flows/emission/air,2.6980529248386817e-11,kg,,,,no_factor_in_ipcc_ar6_100
d7992b6b-6bb4-3abc-bf17-f5a66aefd8a2,p-Dichlorobenzene,Elementary flows/emission/water,8.758129587383645e-16,kg,,,,no_factor_in_ipcc_ar6_100
bcacf46d-46f2-3ac3-8f01-caf9bf103514,Phosphine,Elementary flows/emission/air,4.840160837473806e-12,kg,,,,no_factor_in_ipcc_ar6_100
a20f692f-5cab-3036-b3aa-821fb758a39c,m-Xylene,Elementary flows/emission/air,3.58182646695109e-07,kg,,,,no_factor_in_ipcc_ar6_100
0950274b-38ce-3248-8f61-2dba9026bf8f,Dissolved Organic Carbon,Elementary flows/emission/water,1.877930959405958e-07,kg,,,,no_factor_in_ipcc_ar6_100
df9ed90d-0e23-3c52-85f7-a4f333b5dea3,Isoprene,Elementary flows/emission/air,3.5297651378604673e-09,kg,,,,no_factor_in_ipcc_ar6_100
e0d81f05-0407-3fc9-9f11-e2d22a6edebd,Cobalt,Elementary flows/emission/air,1.1569739169288328e-07,kg,,,,no_factor_in_ipcc_ar6_100
c00fa432-1dcc-3bf3-870f-4043c05cc887,Beryllium,Elementary flows/emission/water,1.0759163488835345e-08,kg,,,,no_factor_in_ipcc_ar6_100
e4a6d76f-7108-3fd3-a47f-22732dbf42aa,Acetochlor,Elementary flows/emission/water,8.51565644173912e-11,kg,,,,no_factor_in_ipcc_ar6_100
0d657607-c3ae-35d3-bda1-6867f29bed9e,Uranium-235,Elementary flows/emission/air,1.6028682865536245e-08,kBq,,,,no_factor_in_ipcc_ar6_100
67999cea-e58a-3044-95a9-4b45269260fd,Benzene,Elementary flows/emission/water,4.0590472346887755e-06,kg,,,,no_factor_in_ipcc_ar6_100
e4683d80-6078-3dd4-b381-6489015df3db,Nitric oxide,Elementary flows/emission/air,5.96184187298719e-06,kg,,,,no_factor_in_ipcc_ar6_100
b11bd361-08c0-33b4-b624-2baae45ed7d8,Nitrogen,Elementary flows/emission/air,0.0006464538616021216,kg,,,,no_factor_in_ipcc_ar6_100
1f9a6be3-28c2-3957-af9a-776e56fad108,Carbofuran,Elementary flows/emission/water,1.407936336250048e-16,kg,,,,no_factor_in_ipcc_ar6_100
c19325cf-8ba0-34b3-b560-7e2db346d382,Polycyclic organic matter,Elementary flows/emission/air,3.6373121773573556e-11,kg,,,,no_factor_in_ipcc_ar6_100
428a6b08-35fb-384d-8cbc-3b1f2ce4a26a,Lead(II),Elementary flows/emission/air,3.354343608223349e-12,kg,,,,no_factor_in_ipcc_ar6_100
6c82f4d1-4fa8-3b7e-816d-c4153c0eba6d,Ethylbenzene,Elementary flows/emission/water,4.231553039654536e-07,kg,,,,no_factor_in_ipcc_ar6_100
562cddc2-e517-3896-a5d6-1be8fdb73f7f,Tellurium,Elementary flows/emission/air,-3.598431659350917e-11,kg,,,,no_factor_in_ipcc_ar6_100
8e9a6869-ba95-3f8a-97ee-ed990a485ad1,Ethephon,Elementary flows/emission/air,7.8753404494179e-11,kg,,,,no_factor_in_ipcc_ar6_100
290f3103-7be5-3af3-a342-634902137bd6,"2,2-Dimethylbutane",Elementary flows/emission/air,1.851003102083581e-14,kg,,,,no_factor_in_ipcc_ar6_100
8f023abc-b8fc-3ef7-9571-f4cf6c2b6820,Manganese,Elementary flows/emission/water,8.009501794946558e-06,kg,,,,no_factor_in_ipcc_ar6_100
12ae4a71-1402-36e9-ada8-fe6cb98c56ee,Phenanthrene,Elementary flows/emission/air,1.1542398338208732e-09,kg,,,,no_factor_in_ipcc_ar6_100
6051a1f6-90e3-3231-b4e6-fdd69c961129,Thallium,Elementary flows/emission/water,4.773720926402812e-09,kg,,,,no_factor_in_ipcc_ar6_100
24248309-5f3a-3134-9227-e9084be9102d,Ammonium,Elementary flows/emission/air,7.284915356807016e-06,kg,,,,no_factor_in_ipcc_ar6_100
2d7ce54f-4eb7-3310-8b37-a78f052e5de5,Dimethenamid,Elementary flows/emission/air,3.227049018386142e-13,kg,,,,no_factor_in_ipcc_ar6_100
8599e263-6ba7-371f-9781-940f34ccf742,Alachlor,Elementary flows/emission/water,1.4092623922889895e-10,kg,,,,no_factor_in_ipcc_ar6_100
7ea7cf84-83b4-3242-9f08-0bbaf6d16436,Di-n-octyl phthalate,Elementary flows/emission/air,1.3155990838705364e-10,kg,,,,no_factor_in_ipcc_ar6_100
a1e9b66c-ac46-35e8-bba3-318f6556a90f,Barium,Elementary flows/emission/water,7.99386653582334e-07,kg,,,,no_factor_in_ipcc_ar6_100
ba614600-af03-39a6-a0f5-897debdf159c,Sodium,Elementary flows/emission/water,2.838924361063085e-05,kg,,,,no_factor_in_ipcc_ar6_100
ae949cd2-45b1-39fb-9c52-943019cdba9b,Styrene,Elementary flows/emission/water,4.075772508676247e-06,kg,,,,no_factor_in_ipcc_ar6_100
0418b561-ecf8-33c8-9c81-225789f15bd3,Particulate matter,Elementary flows/emission/air,0.00014255966580738996,kg,,,,no_factor_in_ipcc_ar6_100
db0b47cf-3c13-3958-9e37-70222d72e5e1,Antimony-124,Elementary flows/emission/air,2.89733974688542e-10,kBq,,,,no_factor_in_ipcc_ar6_100
53ebe715-1465-358f-9e31-ae55956903d1,Chromium(VI),Elementary flows/emission/water,2.406856063973652e-08,kg,,,,no_factor_in_ipcc_ar6_100
4f816627-5cda-37b6-bc78-a6ee1ae4b089,Metals,Elementary flows/emission/air,2.2838097740791627e-05,kg,,,,no_factor_in_ipcc_ar6_100
2e40d2b0-30ad-3c0c-ba94-5172209277b9,Fluorine,Elementary flows/emission/air,1.0288976063354988e-09,kg,,,,no_factor_in_ipcc_ar6_100
31d47305-ae02-3929-8998-463bf1803af6,Pentachlorophenol,Elementary flows/emission/water,1.722109395018381e-13,kg,,,,no_factor_in_ipcc_ar6_100
361aea3f-0164-34f9-8a84-a13c67f29a1e,Cobalt-60,Elementary flows/emission/air,6.4215641326166096e-09,kBq,,,,no_factor_in_ipcc_ar6_100
44e7dac5-7299-3a7a-9480-4152ba299a12,Hydrazine,Elementary flows/emission/air,5.487457887998151e-10,kg,,,,no_factor_in_ipcc_ar6_100
aa7539ee-9aeb-3cb5-9d64-2a0bd94ebb0f,Hydrogen cyanide,Elementary flows/emission/air,8.233880080648209e-08,kg,,,,no_factor_in_ipcc_ar6_100
b7816a89-bb03-328a-8f01-e57d790cdc60,Argon,Elementary flows/emission/air,1.820166798862996e-07,kg,,,,no_factor_in_ipcc_ar6_100
4dcb0409-be5e-3186-8c63-bf16489412ee,Hydrogen bromide,Elementary flows/emission/air,1.0833736085904127e-12,kg,,,,no_factor_in_ipcc_ar6_100
ba9cee15-a144-3c38-9a3b-36931d4e64e9,Acrolein,Elementary flows/emission/air,7.752901314489702e-07,kg,,,,no_factor_in_ipcc_ar6_100
8983993b-1935-3dad-aa6d-79b3781436a2,Plutonium-238,Elementary flows/emission/water,3.047738655667822e-06,kBq,,,,no_factor_in_ipcc_ar6_100
fa84fbb8-4be1-37f3-ac91-db650ab1511b,Chlorate,Elementary flows/emission/water,4.81825838751671e-09,kg,,,,no_factor_in_ipcc_ar6_100
b7d2532e-bafa-32ed-9265-34b6b548dd93,Carbon-14,Elementary flows/emission/water,0.0005720724267393128,kBq,,,,no_factor_in_ipcc_ar6_100
d9d3dec9-f636-377d-a044-6b21d995c978,Nickel compounds,Elementary flows/emission/air,2.9313645987748135e-09,kg,,,,no_factor_in_ipcc_ar6_100
7fcdec62-bc1b-364f-a2b3-095db476af5e,"Aldehydes, C5",Elementary flows/emission/air,9.905460977369274e-13,kg,,,,no_factor_in_ipcc_ar6_100
2c5aef1c-7cf7-30ee-8a87-ba4682327767,Barium,Elementary flows/emission/air,5.2922258034088945e-08,kg,,,,no_factor_in_ipcc_ar6_100
1fafe8e0-1170-3378-86c1-480324006ebc,Organochlorine pesticides,Elementary flows/emission/water,8.715443551162815e-18,kg,,,,no_factor_in_ipcc_ar6_100
8c1d3916-6435-33d8-b11d-a66fc6e71162,Xenon-131m,Elementary flows/emission/air,1.1617037674931956e-05,kBq,,,,no_factor_in_ipcc_ar6_100
b3c70893-3c45-341e-903a-3dd226382175,Bromine,Elementary flows/emission/air,9.096445769372682e-10,kg,,,,no_factor_in_ipcc_ar6_100
12b39b80-c5cb-3410-9968-c6e41304f7d0,Cyclohexane,Elementary flows/emission/air,1.0881557652498831e-08,kg,,,,no_factor_in_ipcc_ar6_100
624e4e45-0474-3609-9317-8aae889414b6,Hydrogen peroxide,Elementary flows/emission/water,2.51663997795931e-10,kg,,,,no_factor_in_ipcc_ar6_100
ba950499-789b-30ad-b6f8-988492074643,Terbufos,Elementary flows/emission/air,-3.999133376652759e-15,kg,,,,no_factor_in_ipcc_ar6_100
f7ebc6df-b3ee-30de-b6e8-c70e155854b3,Toluene,Elementary flows/emission/water,4.058653153722751e-06,kg,,,,no_factor_in_ipcc_ar6_100
b7503034-5946-3ef9-8fa9-ec016ce41da9,"1,2-Dichloroethane",Elementary flows/emission/water,2.76643494690412e-11,kg,,,,no_factor_in_ipcc_ar6_100
2c06d858-76e8-3a2d-8153-090f7b92280b,Mecoprop,Elementary flows/emission/air,2.42839565333893e-14,kg,,,,no_factor_in_ipcc_ar6_100
f0540274-e177-35aa-aaca-2c33298ba3ff,1-Pentene,Elementary flows/emission/air,1.0091872891189836e-13,kg,,,,no_factor_in_ipcc_ar6_100
04d6d3dd-ddba-389c-83f6-e5f4a8638828,Chromium compounds,Elementary flows/emission/air,3.7174382299514616e-09,kg,,,,no_factor_in_ipcc_ar6_100
c5697dcb-8fd3-3046-b499-f34e33495b61,Fluorene,Elementary flows/emission/air,3.6001636623523925e-10,kg,,,,no_factor_in_ipcc_ar6_100
c69ad153-4e30-39ac-92e0-ded6825e8ec8,Eicosane,Elementary flows/emission/water,5.6174654974182576e-12,kg,,,,no_factor_in_ipcc_ar6_100
f5d6980f-0bab-38e7-a203-95da64eb6091,Vanadium,Elementary flows/emission/water,2.061826436990878e-08,kg,,,,no_factor_in_ipcc_ar6_100
43aed9d7-5a9b-3f3e-8d51-cc8bebd9a9a1,Acenaphthene,Elementary flows/emission/air,1.6196380588908981e-07,kg,,,,no_factor_in_ipcc_ar6_100
9a2c8196-dc6a-3ee0-868d-4278ac51a46f,Heptane,Elementary flows/emission/air,1.0898240651707487e-08,kg,,,,no_factor_in_ipcc_ar6_100
1aaa4326-5c2e-31c5-be81-f856b4e424b1,Hydrogen,Elementary flows/emission/air,0.0012740265603442904,MJ,,,,no_factor_in_ipcc_ar6_100
d6011744-04ee-31f6-b35a-57ba4ccf6bb4,Antimony-124,Elementary flows/emission/water,9.989372000922342e-08,kBq,,,,no_factor_in_ipcc_ar6_100
93995ef3-e3d2-37a6-a6ab-67636a2f12a3,Hydrofluorocarbons,Elementary flows/emission/air,6.3003924348472915e-09,kg,,,,no_factor_in_ipcc_ar6_100
457411b2-4dac-3eb2-965d-97b60660afa2,"1,3-Butadiene",Elementary flows/emission/air,1.4395781765745667e-05,kg,,,,no_factor_in_ipcc_ar6_100
2d117fdd-370d-331c-b07c-b0172c4a10ef,Ammonia,Elementary flows/emission/water,1.917532022730373e-05,kg,,,,no_factor_in_ipcc_ar6_100
42904b8f-ac78-3e54-8774-2d117b505a09,Strontium,Elementary flows/emission/water,8.923113412771455e-07,kg,,,,no_factor_in_ipcc_ar6_100
6a8ca31c-ede5-38b1-8c30-2d50fb499a55,Hydrocarbons,Elementary flows/emission/air,2.274911339258002e-05,kg,,,,no_factor_in_ipcc_ar6_100
920c61f8-5c4a-3900-b070-9a437d2738b8,Benzo(b)fluoranthene,Elementary flows/emission/air,7.221082555928306e-12,kg,,,,no_factor_in_ipcc_ar6_100
2e3e37e5-3662-3cb5-8d6d-626337fe83cf,Tungsten,Elementary flows/emission/water,6.976937220968594e-08,kg,,,,no_factor_in_ipcc_ar6_100
046a3f81-70f0-346e-ba1b-2010e209a565,Methylcyclohexane,Elementary flows/emission/air,1.922572479588395e-09,kg,,,,no_factor_in_ipcc_ar6_100
86382895-8bd4-3a06-8690-741950b7d876,Octane,Elementary flows/emission/air,1.0850011579512913e-07,kg,,,,no_factor_in_ipcc_ar6_100
217a8343-2afd-3588-a873-cd15e89d07a1,Carbonyl sulfide,Elementary flows/emission/air,3.366308646006864e-08,kg,,,,no_factor_in_ipcc_ar6_100
592fa548-20aa-36e9-b703-68be0ff6f30a,Propionaldehyde,Elementary flows/emission/air,6.101799615635475e-07,kg,,,,no_factor_in_ipcc_ar6_100
b11dcdc8-258b-34cb-b9e9-01bbd03c38e3,Iodine-129,Elementary flows/emission/air,2.956362439816242e-07,kBq,,,,no_factor_in_ipcc_ar6_100
cbf6df8e-c4a2-3920-a97a-2238ccb7bc6c,Total Organic Carbon,Elementary flows/emission/water,2.414410485230363e-06,kg,,,,no_factor_in_ipcc_ar6_100
42983b7d-3999-3fa9-b172-a0fc678236fe,Hydrocarbons,Elementary flows/emission/water,5.562676495465984e-08,kg,,,,no_factor_in_ipcc_ar6_100
dba13345-758b-3464-81eb-3afafe6e646d,Chloride,Elementary flows/emission/air,1.4054451933864403e-07,kg,,,,no_factor_in_ipcc_ar6_100
fb336cba-b80e-3c67-bac9-d5bd96258d13,Hydroxide,Elementary flows/emission/water,1.806780615111883e-10,kg,,,,no_factor_in_ipcc_ar6_100
5a939c2b-cebf-3060-8862-4a8650caf6dd,"Particulate matter, ≤ 10μm",Elementary flows/emission/air,3.110745376833237e-05,kg,,,,no_factor_in_ipcc_ar6_100
6792b60c-7476-3da1-9350-96ec38739232,Butanediol,Elementary flows/emission/water,6.593242976192469e-16,kg,,,,no_factor_in_ipcc_ar6_100
8316b7f3-877e-3b66-91b6-668307492ac7,Curium-244,Elementary flows/emission/water,1.8021731928315334e-07,kBq,,,,no_factor_in_ipcc_ar6_100
448fcd9d-49f8-3144-bb84-df0fd1f8ab08,Hydrogen sulfide,Elementary flows/emission/water,2.8256418797181186e-07,kg,,,,no_factor_in_ipcc_ar6_100
3fabe8db-c3b5-3701-823e-a3ff0b245710,Arsenic(V),Elementary flows/emission/air,4.049603739678141e-11,kg,,,,no_factor_in_ipcc_ar6_100
0fe64d97-61d5-3366-9778-8c39d00edd73,Chlorobenzene,Elementary flows/emission/air,1.0656589991874174e-08,kg,,,,no_factor_in_ipcc_ar6_100
9703abac-7076-3ecc-9203-707c6eb5bb78,Cobalt-58,Elementary flows/emission/air,3.979761587798342e-10,kBq,,,,no_factor_in_ipcc_ar6_100
8384736f-93e4-3edc-af93-47bdc7ef9fc7,Acetophenone,Elementary flows/emission/air,6.797255144495229e-08,kg,,,,no_factor_in_ipcc_ar6_100
8f8b7a99-41b6-368d-8170-3fd1bc15a936,Iodide,Elementary flows/emission/water,1.1516554951096426e-10,kg,,,,no_factor_in_ipcc_ar6_100
efbe8a51-b965-3e03-8075-5a2257858fe8,Hydrofluoric acid,Elementary flows/emission/water,2.292352132210304e-08,kg,,,,no_factor_in_ipcc_ar6_100
5408dd06-70db-3ce6-b304-c391983fd003,Calcium,Elementary flows/emission/water,5.134826854230105e-05,kg,,,,no_factor_in_ipcc_ar6_100
4c625fbb-1370-3c34-80c2-2f5dd298c40b,Ioxynil,Elementary flows/emission/air,2.6052404747872845e-18,kg,,,,no_factor_in_ipcc_ar6_100
3d6ea24a-5e55-3c13-87d5-b65b021c8cf7,Chromate,Elementary flows/emission/water,-6.358795899388923e-16,kg,,,,no_factor_in_ipcc_ar6_100
b3447c56-0205-34f1-8b36-f7a8214c8bfb,Glyphosate,Elementary flows/emission/water,2.0850886581896484e-10,kg,,,,no_factor_in_ipcc_ar6_100
0e4c2745-1f35-3295-96b9-c7e0efe54e9e,Arsenic(III) trioxide,Elementary flows/emission/air,9.87085128072758e-14,kg,,,,no_factor_in_ipcc_ar6_100
675d27f1-91b6-3a26-b747-2d8f5fdfa02f,"7,12-Dimethylbenz[a]anthracene",Elementary flows/emission/air,7.062764402730568e-12,kg,,,,no_factor_in_ipcc_ar6_100
40909f94-a484-353e-9a4b-4ec6a1fb966f,Sulfur,Elementary flows/emission/water,4.118701999151502e-08,kg,,,,no_factor_in_ipcc_ar6_100
8aec1626-a25f-3cb6-a102-670bc1a14863,Hydriodic acid,Elementary flows/emission/air,1.6382049434850287e-17,kg,,,,no_factor_in_ipcc_ar6_100
b226d15c-c2e3-3059-bb74-322e3d3fe53d,Acetochlor,Elementary flows/emission/air,1.7595368145668191e-10,kg,,,,no_factor_in_ipcc_ar6_100
b2781dc3-77ab-326f-9463-058a6608beac,Benzo[a]pyrene,Elementary flows/emission/water,-1.4217163800507972e-13,kg,,,,no_factor_in_ipcc_ar6_100
45e642f2-1460-3479-aeb0-9252a8957a1e,Thorium-234,Elementary flows/emission/air,2.216245124736064e-09,kBq,,,,no_factor_in_ipcc_ar6_100
95df3205-7c00-3edd-af6e-92ff90f42999,Phosphorus,Elementary flows/emission/air,8.84275831003647e-08,kg,,,,no_factor_in_ipcc_ar6_100
5c8aca95-6eb3-3b26-83d0-838936066653,Lead-210,Elementary flows/emission/water,1.114183752877097e-07,kBq,,,,no_factor_in_ipcc_ar6_100
e8504f5c-8ad1-33e2-81cc-f46d5fb5018a,Triethylene glycol,Elementary flows/emission/water,5.5429800362930065e-12,kg,,,,no_factor_in_ipcc_ar6_100
b7271ab2-884e-3d5f-83ee-66709a9fd3cc,Dicamba,Elementary flows/emission/water,6.78097366788453e-12,kg,,,,no_factor_in_ipcc_ar6_100
e617f02e-82a3-3305-a723-02afcb30a42f,Dicamba,Elementary flows/emission/air,1.2706205566392696e-11,kg,,,,no_factor_in_ipcc_ar6_100
a8bac6c7-4db5-34b1-8069-f47644edba5f,Dimethyl sulfate,Elementary flows/emission/air,7.528522745021337e-10,kg,,,,no_factor_in_ipcc_ar6_100
4d1571a6-ffff-3a36-82df-224ed975a094,"Energy, solar",Elementary flows/resource/air,-0.272491425161059,MJ,,,,no_factor_in_ipcc_ar6_100
ceb19cad-78ed-3635-902c-d7ac03e5b830,"2,3,7,8-Tetrachlorodibenzo-p-dioxin",Elementary flows/emission/air,3.091225519874323e-12,kg,,,,no_factor_in_ipcc_ar6_100
9f6b69d5-78f2-35a2-82b2-44dc2fdc9fd5,Bentazon,Elementary flows/emission/air,9.197629446499473e-13,kg,,,,no_factor_in_ipcc_ar6_100
a63a9c73-2fe4-3679-93c2-28b6f7fb8915,Uranium,Elementary flows/emission/water,2.710814873095529e-07,kg,,,,no_factor_in_ipcc_ar6_100
2f1ba44b-e661-3677-81dd-ff0086adf2fe,Total Organic Carbon,Elementary flows/emission/air,1.19191376112295e-06,kg,,,,no_factor_in_ipcc_ar6_100
7cfe87ec-d041-35a9-8547-17559edc863a,Cyclopentane,Elementary flows/emission/air,4.018504419481105e-09,kg,,,,no_factor_in_ipcc_ar6_100
ff2db099-eda7-3d5c-904f-397643bb2fc9,Beryllium compounds,Elementary flows/emission/air,2.874255690253304e-11,kg,,,,no_factor_in_ipcc_ar6_100
b95121cf-ac27-306d-88e4-94a160ab28c9,Methyl acrylate,Elementary flows/emission/air,1.5654758453281003e-11,kg,,,,no_factor_in_ipcc_ar6_100
02ee8bfe-ea2c-3dfd-944d-53bd8c43a42a,Radium-228,Elementary flows/emission/water,935.5710761860391,kBq,,,,no_factor_in_ipcc_ar6_100
59ebfa04-8747-377a-8e7f-a4392cc83e97,Mercury(II),Elementary flows/emission/air,2.2191135949962604e-12,kg,,,,no_factor_in_ipcc_ar6_100
f54d9588-ffe1-3ebb-922d-d7ec19c625a9,Chloroform,Elementary flows/emission/water,1.1140818626853165e-09,kg,,,,no_factor_in_ipcc_ar6_100
36461f75-8fd6-3d69-9ef7-f52f3a13641e,Acenaphthylene,Elementary flows/emission/water,6.08076598876028e-13,kg,,,,no_factor_in_ipcc_ar6_100
4652e3ad-c583-32b0-b146-b247e4a4d9c6,"Particulate matter, > 10μm",Elementary flows/emission/water,5.700058693917769e-07,kg,,,,no_factor_in_ipcc_ar6_100
8a7ef355-2f16-3368-afc8-cf40ed441619,Chromium,Elementary flows/emission/water,4.31744975909342e-06,kg,,,,no_factor_in_ipcc_ar6_100
96054103-8509-3049-a638-c4d13cc707cc,Water,Elementary flows/emission/water,40.79355692047093,kg,,,,no_factor_in_ipcc_ar6_100
133271d6-37c8-3f4f-89cf-992a77bb2857,Caprolactam,Elementary flows/emission/air,2.802211485297339e-11,kg,,,,no_factor_in_ipcc_ar6_100
1e9fb400-240f-31cf-8074-00580c0207a3,Biphenyl,Elementary flows/emission/water,4.055488677038054e-07,kg,,,,no_factor_in_ipcc_ar6_100
efeb7418-2009-33e3-9c12-822a0eb4f2e4,Dioxins,Elementary flows/emission/water,-1.3745795827081738e-16,kg,,,,no_factor_in_ipcc_ar6_100
4b26dc27-7261-3dee-a44d-8abb3fb419ce,Dichlorobenzene,Elementary flows/emission/air,4.962780547658068e-11,kg,,,,no_factor_in_ipcc_ar6_100
ce29c37b-e901-3ca1-a8ef-5bdb4c937deb,Tridecane,Elementary flows/emission/air,2.1831963109484335e-17,kg,,,,no_factor_in_ipcc_ar6_100
c7186030-0347-32eb-862d-91f61b1cf017,Methyl parathion,Elementary flows/emission/water,9.810763280602275e-14,kg,,,,no_factor_in_ipcc_ar6_100
06f87740-2639-3b02-bf94-e7e21e746346,Acid compounds,Elementary flows/emission/air,6.164512479561527e-08,kg,,,,no_factor_in_ipcc_ar6_100
5072c316-c9f9-30f2-808c-7fc8d0a59968,1-Undecene,Elementary flows/emission/air,1.0220934284326164e-17,kg,,,,no_factor_in_ipcc_ar6_100
dbd3853e-af15-36e9-aab2-3bf918264f66,Silver-110,Elementary flows/emission/water,2.2238443712593144e-08,kBq,,,,no_factor_in_ipcc_ar6_100
b6d9bcfb-e1f1-3a0f-911c-e3f864a791f4,Bentazon,Elementary flows/emission/water,6.206269486311826e-13,kg,,,,no_factor_in_ipcc_ar6_100
e51f946b-179b-3580-9ba3-37299516be47,"Dibenz[a,h]anthracene",Elementary flows/emission/air,4.492614038303773e-12,kg,,,,no_factor_in_ipcc_ar6_100
40a7bc05-dd9d-3468-99f1-017faf0bc3a8,Dimethylnitramine,Elementary flows/emission/air,-1.475063855498543e-16,kg,,,,no_factor_in_ipcc_ar6_100
1897b106-f879-3b9e-b44d-b5bf29d9d6e5,Nonane,Elementary flows/emission/air,5.528104767989793e-13,kg,,,,no_factor_in_ipcc_ar6_100
ad362da4-86b8-3519-b904-d7f3be4328fe,Methanol,Elementary flows/emission/air,0.00014330678695494584,kg,,,,no_factor_in_ipcc_ar6_100
5f3bb2ec-d153-3cb5-9bc1-3eef8f44bf67,2-Methylnaphthalene,Elementary flows/emission/air,8.857374779113576e-11,kg,,,,no_factor_in_ipcc_ar6_100
c3b39652-8ffb-367b-8687-78cd74dd8106,"Aldehydes, C6",Elementary flows/emission/air,9.096938446321515e-11,kg,,,,no_factor_in_ipcc_ar6_100
744039f7-9641-399c-9f9e-e4a78eab355b,Metals,Elementary flows/emission/water,6.0687671834077825e-09,kg,,,,no_factor_in_ipcc_ar6_100
c0e826d9-ea03-3ea5-bf64-cb2f02b43003,Silver,Elementary flows/emission/air,2.3860710536443538e-11,kg,,,,no_factor_in_ipcc_ar6_100
b51b5cbd-b0cb-3104-b03b-4fbc12829a9e,Pyrene,Elementary flows/emission/air,1.5167050763979698e-10,kg,,,,no_factor_in_ipcc_ar6_100
4acda2b2-105c-30e7-bb18-31ffb1a63c5c,Dodecane,Elementary flows/emission/air,2.0221838715217863e-16,kg,,,,no_factor_in_ipcc_ar6_100
e10e86a1-fd6a-3ac5-a822-55762e8ae99d,Uranium,Elementary flows/emission/air,1.217823585969133e-06,kg,,,,no_factor_in_ipcc_ar6_100
3b5d9ccd-0ce5-37ca-8865-c0e1863b405d,Nitrate,Elementary flows/emission/water,1.2079588348173604e-06,kg,,,,no_factor_in_ipcc_ar6_100
5bd7af62-1b05-3694-a723-336cb58e345f,Tetrachloroethylene,Elementary flows/emission/water,2.6483299535603678e-12,kg,,,,no_factor_in_ipcc_ar6_100
ad364b46-715f-34b8-988b-a9aff43cd905,Cyprodinil,Elementary flows/emission/water,5.944148821344557e-14,kg,,,,no_factor_in_ipcc_ar6_100
a027e850-76b7-38b3-b2b2-992245442e94,Fipronil,Elementary flows/emission/water,2.959631286906071e-15,kg,,,,no_factor_in_ipcc_ar6_100
24799559-4743-37d4-bef3-0331b0b797aa,Xenon-135m,Elementary flows/emission/air,4.391970182597368e-05,kBq,,,,no_factor_in_ipcc_ar6_100
afff3694-b538-36cc-8318-ed1f55063674,Protactinium-234,Elementary flows/emission/water,1.4366560299264391e-08,kBq,,,,no_factor_in_ipcc_ar6_100
cf3a10a8-cc6a-3bf5-ada3-b2626091ed50,Ammonium chloride,Elementary flows/emission/air,4.4680746650635925e-12,kg,,,,no_factor_in_ipcc_ar6_100
0b2ad544-7f5a-3208-8a4e-32278a844b9e,Atrazine,Elementary flows/emission/air,2.9998424566300513e-10,kg,,,,no_factor_in_ipcc_ar6_100
9a75a979-3c99-3b02-9944-baa838fe12ac,3-Methylcholanthrene,Elementary flows/emission/air,4.881385406815004e-09,kg,,,,no_factor_in_ipcc_ar6_100
58f974ff-c012-3d6e-85ac-d941a4607642,Cesium-137,Elementary flows/emission/water,6.439033857797142e-05,kBq,,,,no_factor_in_ipcc_ar6_100
585e8987-ce59-30b8-b25a-af5cd53fb0e2,MCPA,Elementary flows/emission/air,1.3381600202793317e-15,kg,,,,no_factor_in_ipcc_ar6_100
e962ef47-cedd-36b6-b962-abacbab62a02,"Indeno[1,2,3-cd]pyrene",Elementary flows/emission/air,9.842282525903773e-12,kg,,,,no_factor_in_ipcc_ar6_100
27b840cc-1f41-3943-8ea8-6d68b44b7f81,Biological Oxygen Demand,Elementary flows/emission/water,0.00018789064012780796,kg,,,,no_factor_in_ipcc_ar6_100
965958b3-8368-3395-a55d-f6f819e40587,Copper,Elementary flows/emission/water,2.2188985422361802e-08,kg,,,,no_factor_in_ipcc_ar6_100
925ac29a-c7d3-3f35-9eff-5cc3232f2f55,Rhodium,Elementary flows/emission/air,2.2113452664370833e-15,kg,,,,no_factor_in_ipcc_ar6_100
d86dc414-0d1a-3073-a345-13cc947fa0e7,Tantalum,Elementary flows/emission/water,4.441841314875758e-16,kg,,,,no_factor_in_ipcc_ar6_100
e79b4a93-9cd0-3718-8de3-14e8f5b9ec09,Plutonium-238,Elementary flows/emission/air,1.2096455266443539e-11,kBq,,,,no_factor_in_ipcc_ar6_100
6c7402f5-173f-358a-8724-db60071b5091,Pentane,Elementary flows/emission/air,1.4466664134566614e-06,kg,,,,no_factor_in_ipcc_ar6_100
14019299-4013-3351-af2d-287fee154b97,Bicarbonate,Elementary flows/emission/water,5.285932818139051e-09,kg,,,,no_factor_in_ipcc_ar6_100
34b07e52-3833-3665-aeec-01aed3f78362,Acenaphthylene,Elementary flows/emission/air,8.85668462421374e-08,kg,,,,no_factor_in_ipcc_ar6_100
97b782fe-3069-3b68-af8e-fcd559e47d11,Silicon,Elementary flows/emission/water,1.371825238125036e-05,kg,,,,no_factor_in_ipcc_ar6_100
3a41e87c-065d-3ab8-bc14-73ff717163c6,p-Xylene,Elementary flows/emission/air,4.0508478042247033e-08,kg,,,,no_factor_in_ipcc_ar6_100
e430eaa1-80c8-376d-a3bf-816c9a741807,Water,Elementary flows/emission/air,8.045976176190987,kg,,,,no_factor_in_ipcc_ar6_100
5d625d45-6ef9-3bd2-8484-54fbcf800fd6,Lead(II),Elementary flows/emission/water,2.0743168739109862e-10,kg,,,,no_factor_in_ipcc_ar6_100
67297f72-511b-3e86-b7e4-676437a75dbf,"Water, saline",Elementary flows/resource/water,-6.10311426825559,kg,,,,no_factor_in_ipcc_ar6_100
35caf035-7ab7-323c-abfd-38c5682f6856,Strontium-90,Elementary flows/emission/water,6.8591730884048e-06,kBq,,,,no_factor_in_ipcc_ar6_100
8122f9fb-a740-3bb7-bb66-f3f64059629d,Mercaptans,Elementary flows/emission/air,1.20384117616154e-06,kg,,,,no_factor_in_ipcc_ar6_100
359735dd-53cf-3228-8f84-1678a49d40d2,Mancozeb,Elementary flows/emission/air,2.1119289077308546e-11,kg,,,,no_factor_in_ipcc_ar6_100
7da38308-b536-32b4-b334-a34c8d952f07,Deltamethrin,Elementary flows/emission/water,6.2654464336726705e-15,kg,,,,no_factor_in_ipcc_ar6_100
bffbba00-357a-3d54-8f8b-bdd5476ba8a3,Acetic acid,Elementary flows/emission/water,2.435312255444459e-11,kg,,,,no_factor_in_ipcc_ar6_100
d5670f7b-8a81-3d00-92b1-8c9e12e0ef69,Ethylene oxide,Elementary flows/emission/air,2.3908411653186244e-10,kg,,,,no_factor_in_ipcc_ar6_100
f9e94137-4a27-3973-a4d2-0d8bdafd2ade,Ethanol,Elementary flows/emission/air,0.00035375415936477855,kg,,,,no_factor_in_ipcc_ar6_100
63bd071e-a05b-3666-ba14-e1a487ed151b,Bromine,Elementary flows/emission/water,5.1477004142345084e-08,kg,,,,no_factor_in_ipcc_ar6_100
1345e5a3-e4c5-3cc1-b896-988ae1796d8e,Magnesium,Elementary flows/emission/water,5.491180568621146e-05,kg,,,,no_factor_in_ipcc_ar6_100
87345046-bc9a-3701-b002-69fa7045c16d,Cyanide compounds,Elementary flows/emission/air,6.747749272374534e-09,kg,,,,no_factor_in_ipcc_ar6_100
61a45604-2ff4-384b-8d90-bae7206c2540,Total dissolved solids,Elementary flows/emission/water,0.0002627015024745883,kg,,,,no_factor_in_ipcc_ar6_100
515e9797-af84-335a-a30f-a48f9a9e2ed7,Isobutane,Elementary flows/emission/air,0.00010738622991632314,kg,,,,no_factor_in_ipcc_ar6_100
48266a38-cc1b-3448-a058-2521390e8ff2,Hexamethylenediamine,Elementary flows/emission/air,5.2434505022448826e-18,kg,,,,no_factor_in_ipcc_ar6_100
735d1149-bcb1-32ff-820a-a957073d0288,Deltamethrin,Elementary flows/emission/air,1.0017334701810724e-13,kg,,,,no_factor_in_ipcc_ar6_100
7ca58e58-ada7-36c9-bdc6-1eea26d32abb,p-Cresol,Elementary flows/emission/air,5.126703479632606e-11,kg,,,,no_factor_in_ipcc_ar6_100
99c5e585-34aa-31a6-afe9-d44a14b9e27f,Dimethylamine,Elementary flows/emission/air,2.032504753945029e-11,kg,,,,no_factor_in_ipcc_ar6_100
8fd3bd5d-0b66-3e69-8ada-71f544ae6532,Cesium-134,Elementary flows/emission/water,1.332631421903679e-05,kBq,,,,no_factor_in_ipcc_ar6_100
7a4d317f-256d-3438-8a96-90ece2935d31,Acetic acid,Elementary flows/emission/air,3.7061249658912788e-06,kg,,,,no_factor_in_ipcc_ar6_100
43161b00-9b9e-385e-a374-babe607eafb5,Xenon-137,Elementary flows/emission/air,3.313665464642628e-05,kBq,,,,no_factor_in_ipcc_ar6_100
44cd68db-6977-3417-9d90-e0eb26836f37,Radium-224,Elementary flows/emission/water,3.8282967687294047e-08,kBq,,,,no_factor_in_ipcc_ar6_100
ea1403e6-a4ce-3fe0-9d94-7df7ae84136e,Carbon disulfide,Elementary flows/emission/water,3.6852692872247574e-11,kg,,,,no_factor_in_ipcc_ar6_100
637c2a11-389c-3555-a5be-62d3823dbd2a,Dodecane,Elementary flows/emission/water,2.0466524819687786e-11,kg,,,,no_factor_in_ipcc_ar6_100
e6cafce7-a60f-316b-b264-3127bdc946d0,Volatile organic compounds,Elementary flows/emission/water,2.350602995376338e-07,kg,,,,no_factor_in_ipcc_ar6_100
009ab972-c6c1-3200-b646-4152b467bea7,Methylcyclopentane,Elementary flows/emission/air,2.4891781014625077e-14,kg,,,,no_factor_in_ipcc_ar6_100
d58c0068-da31-3dfd-8017-8f1ebd577e7d,Propionic acid,Elementary flows/emission/air,2.126273463162891e-11,kg,,,,no_factor_in_ipcc_ar6_100
2302a27a-54b2-3c15-a655-88c3063a8f0a,Trifluralin,Elementary flows/emission/air,9.090432423945368e-11,kg,,,,no_factor_in_ipcc_ar6_100
c4da1480-4f19-3d01-8f04-8432c38991b1,Chlorine,Elementary flows/emission/air,1.210617499717162e-06,kg,,,,no_factor_in_ipcc_ar6_100
e20f518e-1e27-386a-8711-7b364a9390ce,Lead-210,Elementary flows/emission/air,1.197804749211147e-07,kBq,,,,no_factor_in_ipcc_ar6_100
663b55b1-648c-348f-a79d-9d44bcdaeb64,"1,1,1,2-Tetrachloroethane",Elementary flows/emission/air,4.365097448350757e-13,kg,,,,no_factor_in_ipcc_ar6_100
741dd160-026e-3849-9f37-b9520f28656e,Radium-226,Elementary flows/emission/air,6.766296071232334e-08,kBq,,,,no_factor_in_ipcc_ar6_100
299354d4-a6a3-3b8a-8c44-0aa607cad9cf,Fenvalerate,Elementary flows/emission/air,1.0129367341122978e-18,kg,,,,no_factor_in_ipcc_ar6_100
7306a222-cbbc-391d-bbc8-346904e41235,Methanol,Elementary flows/emission/water,1.7958733129304056e-06,kg,,,,no_factor_in_ipcc_ar6_100
69bc8b47-09b5-3a09-b7f4-3e4d2925ce5a,Styrene,Elementary flows/emission/air,1.4547319274349418e-06,kg,,,,no_factor_in_ipcc_ar6_100
5860024c-105f-3546-a5b9-271267151d8c,Carbon-14,Elementary flows/emission/air,0.00015680690876143083,kBq,,,,no_factor_in_ipcc_ar6_100
ec278fbc-9d2f-319a-8a83-edbfb4f00cbd,Diethylamine,Elementary flows/emission/air,7.297187659499329e-16,kg,,,,no_factor_in_ipcc_ar6_100
a4197078-ca3b-3f35-bf7a-64d2940136bd,"Hydrocarbons, chlorinated",Elementary flows/emission/water,1.9446466380200018e-14,kg,,,,no_factor_in_ipcc_ar6_100
db989bb6-a79a-35b1-aee9-2db77f60875a,Hydrogen cyanide,Elementary flows/emission/water,2.3622154617088054e-13,kg,,,,no_factor_in_ipcc_ar6_100
c3ff0a51-912f-3024-ad17-f52074cfd989,Cadmium(II),Elementary flows/emission/water,2.0995544831499582e-07,kg,,,,no_factor_in_ipcc_ar6_100
3c817988-581c-39d4-9117-1bf39c2ba78c,Uranium-235,Elementary flows/emission/water,2.205358575240002e-08,kBq,,,,no_factor_in_ipcc_ar6_100
30aff867-8f13-32d1-88d6-4edc0ba5752a,Antimony compounds,Elementary flows/emission/air,1.50131347926846e-10,kg,,,,no_factor_in_ipcc_ar6_100
192a68c2-1672-3f30-ae06-a52765311a5b,Sulfite,Elementary flows/emission/water,5.810169322218869e-08,kg,,,,no_factor_in_ipcc_ar6_100
2b8613fe-c7db-355d-9754-baebbc92512f,Aluminum,Elementary flows/emission/water,8.719483106887459e-06,kg,,,,no_factor_in_ipcc_ar6_100
e169f5f8-18bf-33b2-94d6-7c95d5a83259,Tin,Elementary flows/emission/water,9.57906909781073e-09,kg,,,,no_factor_in_ipcc_ar6_100
14622b86-6d9a-3b6c-bc4b-84251899a991,Hexane,Elementary flows/emission/water,3.144832257288877e-11,kg,,,,no_factor_in_ipcc_ar6_100
c7456904-71f7-34d3-b7aa-22a4f69c593a,Cadmium(II),Elementary flows/emission/air,1.1757005768010457e-12,kg,,,,no_factor_in_ipcc_ar6_100
0bf913b1-486a-3ce1-991b-d1e8687b67e0,2-Chloroacetophenone,Elementary flows/emission/air,1.0390004337866285e-10,kg,,,,no_factor_in_ipcc_ar6_100
11a32a93-218c-3322-b620-b25f3dab1bb8,Radon-222,Elementary flows/emission/air,1.3670806553123114,kBq,,,,no_factor_in_ipcc_ar6_100
da3e01c8-7dec-3bce-97d7-a2a787b9bd79,Acetone,Elementary flows/emission/air,1.46902948823719e-05,kg,,,,no_factor_in_ipcc_ar6_100
f9a34d23-025d-3eb0-b55d-d084988c0b8d,Bromate,Elementary flows/emission/water,6.064908049673039e-10,kg,,,,no_factor_in_ipcc_ar6_100
5574de2a-d2e5-3fd5-b9d6-dc39e34c66ea,cis-2-Pentene,Elementary flows/emission/air,7.143513130228926e-14,kg,,,,no_factor_in_ipcc_ar6_100
3de26185-5e91-31a3-8e73-000e65bcd3bf,trans-2-Pentene,Elementary flows/emission/air,1.339563802338618e-13,kg,,,,no_factor_in_ipcc_ar6_100
5fe16b97-3332-38eb-8030-b62db19473eb,Carbon disulfide,Elementary flows/emission/air,7.761328088793665e-07,kg,,,,no_factor_in_ipcc_ar6_100
efd11fd5-bac6-31a0-b675-600e582ae363,Copper(II),Elementary flows/emission/air,5.8444659162294465e-12,kg,,,,no_factor_in_ipcc_ar6_100
971d8430-5b52-3a53-b290-4c36f0c2de52,Benz[a]anthracene,Elementary flows/emission/water,6.5434038540351e-11,kg,,,,no_factor_in_ipcc_ar6_100
f2d8b56c-6f3c-3d40-8096-391a0fd4aa26,Terbufos,Elementary flows/emission/water,6.202491412397907e-16,kg,,,,no_factor_in_ipcc_ar6_100
5b67fd1d-bf38-3717-a3ef-9cc3e0a54cfd,Methyl mercaptan,Elementary flows/emission/air,3.994116678262917e-14,kg,,,,no_factor_in_ipcc_ar6_100
40ba4085-36b8-3564-8552-5d3bd6186f93,Fluoride,Elementary flows/emission/air,3.8490792314660526e-07,kg,,,,no_factor_in_ipcc_ar6_100
c60dcead-4e5d-3463-97d8-be23d09bc504,Iodine,Elementary flows/emission/water,1.9695781713662946e-06,kg,,,,no_factor_in_ipcc_ar6_100
d94f94d7-2d65-3f80-8254-1c8129263b01,Chlorine,Elementary flows/emission/water,1.2200167593874168e-07,kg,,,,no_factor_in_ipcc_ar6_100
20712130-9353-3782-81f1-76d35215b0ea,Silica,Elementary flows/emission/air,1.2424412276496233e-11,kg,,,,no_factor_in_ipcc_ar6_100
d2f54c81-a502-3f4e-a174-145f66b47143,Thorium-234,Elementary flows/emission/water,1.4368574946166458e-08,kBq,,,,no_factor_in_ipcc_ar6_100
e3bcc418-eca5-39a0-a128-e2716b806624,Arsenic(V),Elementary flows/emission/water,4.3680319494229095e-07,kg,,,,no_factor_in_ipcc_ar6_100
d9134087-d959-37a7-b2b0-6c8a620f4c4d,Ammonium,Elementary flows/emission/water,2.2368170872889634e-07,kg,,,,no_factor_in_ipcc_ar6_100
0c241f3e-aa86-3804-8bd8-6082e2ad201f,Sulfate,Elementary flows/emission/water,0.007153161768981895,kg,,,,no_factor_in_ipcc_ar6_100
95d9432a-c3a9-3b92-b462-4cc673600d4b,Uranium-234,Elementary flows/emission/water,3.9914094708587634e-07,kBq,,,,no_factor_in_ipcc_ar6_100
38b7760e-42fa-3d33-b91c-67d348d99097,Magnesium,Elementary flows/emission/air,2.1618568178095668e-07,kg,,,,no_factor_in_ipcc_ar6_100
9abff9b8-f8b2-367d-827b-4657ccaa788a,Beta Cypermethrin,Elementary flows/emission/air,2.74264677244077e-13,kg,,,,no_factor_in_ipcc_ar6_100
3bf6bb55-a2d2-36a1-988c-3caf0d73baf9,Polycyclic aromatic hydrocarbons,Elementary flows/emission/air,3.457180453825988e-06,kg,,,,no_factor_in_ipcc_ar6_100
baa8a7f5-a708-359a-9af3-4f1279daaaf5,"1,3,5-Trimethylbenzene",Elementary flows/emission/air,4.676013315631888e-16,kg,,,,no_factor_in_ipcc_ar6_100
51b96ba3-3dc1-32f4-94e6-47601e4754ae,Boron,Elementary flows/emission/air,2.3805043807724484e-06,kg,,,,no_factor_in_ipcc_ar6_100
58f54817-71a6-30c8-a2dc-ed7de941afdd,Tritium,Elementary flows/emission/air,224948256859.75458,kBq,,,,no_factor_in_ipcc_ar6_100
5f38d379-fe5b-354c-83b3-cba734266e82,Yttrium,Elementary flows/emission/water,2.4992470858058693e-12,kg,,,,no_factor_in_ipcc_ar6_100
82fcc18d-8502-385b-8749-17b8f19fd177,Phenol,Elementary flows/emission/water,1.2617178115098393e-06,kg,,,,no_factor_in_ipcc_ar6_100
3675e6f7-8453-3486-a889-a30ff2ef9bcd,Polycyclic aromatic hydrocarbons,Elementary flows/emission/water,3.700570298917425e-11,kg,,,,no_factor_in_ipcc_ar6_100
7d2d94b8-a7a3-3670-b74d-1fc75b7ed55e,Bromide,Elementary flows/emission/water,1.5445266486233274e-06,kg,,,,no_factor_in_ipcc_ar6_100
f1c0d1e7-601c-3aaa-85f2-15e772ebf8a0,Barite,Elementary flows/emission/water,8.167338525318865e-09,kg,,,,no_factor_in_ipcc_ar6_100
41f104ab-8f49-3924-9b57-98ed81cd54a0,Zinc,Elementary flows/emission/water,1.9212884898968207e-07,kg,,,,no_factor_in_ipcc_ar6_100
2014edbf-fd15-3674-8927-701264cb597f,Propylene,Elementary flows/emission/air,1.3935785282834157e-07,kg,,,,no_factor_in_ipcc_ar6_100
92c83b8e-2ed2-31af-a119-b29023aa3798,2-Methylbutane,Elementary flows/emission/air,1.2962996446096826e-06,kg,,,,no_factor_in_ipcc_ar6_100
18819e98-6dd1-3a8f-a27a-67ca826f3381,Polychlorinated biphenyls,Elementary flows/emission/air,1.1552100648763085e-11,kg,,,,no_factor_in_ipcc_ar6_100
941c13f5-f858-3032-a780-cb76cbdf0f54,Ethylene dibromide,Elementary flows/emission/water,1.988998137867583e-16,kg,,,,no_factor_in_ipcc_ar6_100
41520962-0f73-3a5a-a396-c1c2d52bb55f,Ethylene glycol,Elementary flows/emission/water,4.068578628741854e-07,kg,,,,no_factor_in_ipcc_ar6_100
9ea2cd60-4a80-3555-a410-e07b7f36976f,Methacrylic acid,Elementary flows/emission/air,2.0749414924946743e-17,kg,,,,no_factor_in_ipcc_ar6_100
ae2ae835-e8e2-3e31-b395-a44aa4708c13,Scandium,Elementary flows/emission/air,2.490630757339041e-12,kg,,,,no_factor_in_ipcc_ar6_100
b6546ff7-0bf9-3866-8335-01aa38b3e8b0,Hexadecane,Elementary flows/emission/water,2.238906267220322e-11,kg,,,,no_factor_in_ipcc_ar6_100
f860537f-7ad4-307d-9eaa-7c52fbbf71f9,Helium,Elementary flows/emission/air,1.7420304036433734e-09,kg,,,,no_factor_in_ipcc_ar6_100
67fc25e9-c934-3213-9c88-87e045a47114,3-Methylpentane,Elementary flows/emission/air,6.287385110817782e-14,kg,,,,no_factor_in_ipcc_ar6_100
204e3a2a-1fb5-38ad-b417-04cb01fde161,Manganese-54,Elementary flows/emission/water,4.599009529838289e-06,kBq,,,,no_factor_in_ipcc_ar6_100
98bd36e1-fbe4-32ee-ba78-3b6726917c9b,Chromium,Elementary flows/emission/air,6.210969379706001e-07,kg,,,,no_factor_in_ipcc_ar6_100
0d49536b-d0ab-3230-96f0-76b0bb4f83fb,Thiram,Elementary flows/emission/air,9.477728596751638e-13,kg,,,,no_factor_in_ipcc_ar6_100
bf688e2e-ac31-3441-b17c-c8ab06c188c6,Methyl ethyl ketone,Elementary flows/emission/water,1.7160166433806534e-14,kg,,,,no_factor_in_ipcc_ar6_100
f3c908b3-a355-388d-aa06-adbfb8ce12dc,Silver,Elementary flows/emission/water,6.479738627011223e-10,kg,,,,no_factor_in_ipcc_ar6_100
842a45a4-365f-3d8d-9d88-c479fe45b839,1-Tetradecene,Elementary flows/emission/air,6.807735156262108e-18,kg,,,,no_factor_in_ipcc_ar6_100
0c9f874c-118e-3335-8095-2d1d284d756b,Benomyl,Elementary flows/emission/air,3.55088672275428e-12,kg,,,,no_factor_in_ipcc_ar6_100
8ec7f708-9411-37a7-80df-4096d397c513,Cresol,Elementary flows/emission/air,9.27613755408392e-08,kg,,,,no_factor_in_ipcc_ar6_100
7cbf7556-2b17-3cc2-97cf-5c9e24e50d65,Cobalt,Elementary flows/emission/water,3.0905454266763064e-06,kg,,,,no_factor_in_ipcc_ar6_100
e6877d29-bd39-333a-9e7f-8ed43c42ffeb,Glyphosate,Elementary flows/emission/air,2.917785161529349e-10,kg,,,,no_factor_in_ipcc_ar6_100
e69aa915-002c-304e-9685-705bd8bb6706,Nickel(II),Elementary flows/emission/water,1.1956406694356622e-06,kg,,,,no_factor_in_ipcc_ar6_100
eaed4e59-d43d-3bc3-898e-53b3cf053ff8,Sulfur dioxide,Elementary flows/emission/water,2.8026114000665517e-06,kg,,,,no_factor_in_ipcc_ar6_100
17f7cee4-cb97-303d-8267-85dac788af38,Furan,Elementary flows/emission/water,1.1913367574783006e-16,kg,,,,no_factor_in_ipcc_ar6_100
1e981c2b-4012-3364-8593-4d4f8b302a44,Mancozeb,Elementary flows/emission/water,3.877914558344403e-12,kg,,,,no_factor_in_ipcc_ar6_100
924cc8cf-ddf6-3b1a-9fbe-489c095c1f01,Chemical Oxygen Demand,Elementary flows/emission/water,0.000903622244988997,kg,,,,no_factor_in_ipcc_ar6_100
57c5f97f-cea5-32ac-b432-feae084b8118,Nitrogen dioxide,Elementary flows/emission/water,1.962471590869457e-08,kg,,,,no_factor_in_ipcc_ar6_100
e3955c32-e6a0-3b4b-baad-5055042a8dbb,Arsenic,Elementary flows/emission/water,9.432155827713836e-09,kg,,,,no_factor_in_ipcc_ar6_100
f8cbcd43-8201-3b05-b19a-82d305414af4,Hydrogen sulfide,Elementary flows/emission/air,0.00015360982549802676,kg,,,,no_factor_in_ipcc_ar6_100
c4629bd9-6185-3901-816a-96cee29a19c9,Formaldehyde,Elementary flows/emission/water,1.2177930755259736e-08,kg,,,,no_factor_in_ipcc_ar6_100
db2cacde-b97f-3b2b-bb92-e3b94af587fb,Krypton-85,Elementary flows/emission/air,5.080890281833008,kBq,,,,no_factor_in_ipcc_ar6_100
e59ceec8-4ad5-315b-819d-5f2350aec15e,Sulfur,Elementary flows/emission/air,1.4214960249066657e-10,kg,,,,no_factor_in_ipcc_ar6_100
cf99fc3b-5c94-31ca-a16b-c6c1f48b5054,Radionuclides,Elementary flows/emission/water,0.00011818946829639908,kBq,,,,no_factor_in_ipcc_ar6_100
222a86c7-0134-3761-8eeb-a5c8a2947ca6,Isopropanol,Elementary flows/emission/air,3.508831120000166e-05,kg,,,,no_factor_in_ipcc_ar6_100
086497a9-ac6e-3e3f-9b16-d980cc0bb381,Methyl ethyl ketone,Elementary flows/emission/air,3.502755004631465e-05,kg,,,,no_factor_in_ipcc_ar6_100
ef53665f-a47e-3f59-8e8d-f799e1705e34,Cesium-137,Elementary flows/emission/air,7.722443243170586e-08,kBq,,,,no_factor_in_ipcc_ar6_100
02f393d6-bc1c-370e-9144-a022ddca1d0a,Methyl methacrylate,Elementary flows/emission/air,3.9368560793297115e-09,kg,,,,no_factor_in_ipcc_ar6_100
8f3ba062-365c-3cde-9776-3c32ec142c78,Acrylonitrile,Elementary flows/emission/water,3.0001602510466537e-10,kg,,,,no_factor_in_ipcc_ar6_100
1733622b-b54a-3202-8e58-4670a96ef6b3,Phosphorus,Elementary flows/emission/water,8.94908854266379e-06,kg,,,,no_factor_in_ipcc_ar6_100
f40da0f7-a3fe-3b8e-a7bf-fceaa1930e27,Hydrogen ion,Elementary flows/emission/water,7.816319327473592e-07,kg,,,,no_factor_in_ipcc_ar6_100
97a0c2f4-6a88-3db0-bd03-777cdd5eb249,Orthophosphate,Elementary flows/emission/water,1.13245758794545e-05,kg,,,,no_factor_in_ipcc_ar6_100
f9937b48-488f-35f9-ba2c-cb89f3de142b,Lanthanum,Elementary flows/emission/air,4.207977103907064e-15,kg,,,,no_factor_in_ipcc_ar6_100
f4d494d1-6e82-3f63-a2d5-610f40dc08b4,Phenanthrene,Elementary flows/emission/water,3.5903873014171087e-12,kg,,,,no_factor_in_ipcc_ar6_100
627ef3a5-9a70-3fb9-8bb7-2792eddec502,Anthracene,Elementary flows/emission/water,1.8897214515163697e-09,kg,,,,no_factor_in_ipcc_ar6_100
5ba5aa71-2d33-3b9c-9bd4-37c19b1b4506,Cobalt compounds,Elementary flows/emission/air,3.990797569702474e-10,kg,,,,no_factor_in_ipcc_ar6_100
caa29242-717c-37bd-b57b-de22a122d579,Sulfide,Elementary flows/emission/water,9.076506311450129e-08,kg,,,,no_factor_in_ipcc_ar6_100
e8b8cad5-6cb4-3c94-b181-51b1546decd6,Furan,Elementary flows/emission/air,5.9165386883167364e-12,kg,,,,no_factor_in_ipcc_ar6_100
721121c7-a4c7-3fc1-bbc4-7fbaecc2fbe2,Carbonate,Elementary flows/emission/water,1.609817022713342e-06,kg,,,,no_factor_in_ipcc_ar6_100
08250d9c-fd05-3281-87c0-a677a247dbc0,Isoproturon,Elementary flows/emission/air,3.417510600294537e-18,kg,,,,no_factor_in_ipcc_ar6_100
18b5a96b-f01a-3b11-8077-16777ce57763,Chrysene,Elementary flows/emission/water,2.1215857319845822e-10,kg,,,,no_factor_in_ipcc_ar6_100
1f62b25d-4dcb-3f81-8273-65dbbda19bac,Lithium(I),Elementary flows/emission/water,2.4140259562724846e-08,kg,,,,no_factor_in_ipcc_ar6_100
335ce2b4-7b49-3aad-90fc-40811cfbeb17,Cobalt-58,Elementary flows/emission/water,1.3104378881683616e-07,kBq,,,,no_factor_in_ipcc_ar6_100
19dfa28f-3397-3e39-820a-147c60c0feb8,Protactinium-234,Elementary flows/emission/air,2.2159936389956096e-09,kBq,,,,no_factor_in_ipcc_ar6_100
ad64464c-1ff3-36e2-b7cd-8e404a62f7f2,1-Butene,Elementary flows/emission/air,2.7819655274386238e-11,kg,,,,no_factor_in_ipcc_ar6_100
540be919-976a-3ace-9487-96eb007c865f,Ammonium nitrate,Elementary flows/emission/air,3.411951735371875e-15,kg,,,,no_factor_in_ipcc_ar6_100
8f9298b9-3a83-3e30-a157-dd3f2eeebe93,Copper(II),Elementary flows/emission/water,3.534343439925116e-12,kg,,,,no_factor_in_ipcc_ar6_100
3081c013-5a24-3fc7-a0c6-65f9e56f424f,2-Methyl-1-butene,Elementary flows/emission/air,6.933489991492373e-14,kg,,,,no_factor_in_ipcc_ar6_100
b7333c73-5e11-36c0-9e18-651c5655c163,Decane,Elementary flows/emission/air,2.217783657425913e-15,kg,,,,no_factor_in_ipcc_ar6_100
e8290192-858e-386e-b764-cc1d1b8d4556,Thorium-230,Elementary flows/emission/air,1.1297943088855715e-08,kBq,,,,no_factor_in_ipcc_ar6_100
21dc7186-7f29-345c-ae26-920f880dd935,Iodine-129,Elementary flows/emission/water,0.0001114540004726316,kBq,,,,no_factor_in_ipcc_ar6_100
48c481d2-a5da-3974-9695-ab588b961a2c,Potassium,Elementary flows/emission/water,1.2639295399726648e-05,kg,,,,no_factor_in_ipcc_ar6_100
d493484c-ea71-3963-9f2f-46847d51004e,Ethephon,Elementary flows/emission/water,3.7732105907533514e-11,kg,,,,no_factor_in_ipcc_ar6_100
84e1a10f-91b7-3f53-a702-acf6b5003521,Iodine-131,Elementary flows/emission/water,9.359222889096668e-05,kBq,,,,no_factor_in_ipcc_ar6_100
4e4f5897-255d-3c10-97aa-ed9bcce888d3,Propylene glycol 1-methyl ether,Elementary flows/emission/air,2.787777481037815e-15,kg,,,,no_factor_in_ipcc_ar6_100
d4625608-6ef8-3ce6-bfa4-0f96f3535e23,Nitrogen,Elementary flows/emission/water,6.304284124391292e-05,kg,,,,no_factor_in_ipcc_ar6_100
15822ba2-73d7-3e80-946c-35ed2cc639b9,"2,4-Dimethylpentane",Elementary flows/emission/air,7.231040184039659e-15,kg,,,,no_factor_in_ipcc_ar6_100
b415204e-1506-3fc6-8e4b-97f8e64403b8,Chloride,Elementary flows/emission/water,0.01816850806462627,kg,,,,no_factor_in_ipcc_ar6_100
ca50de59-971c-3414-8f6b-3a1b0062aba8,Vinyl acetate,Elementary flows/emission/air,5.075452213805053e-10,kg,,,,no_factor_in_ipcc_ar6_100
dce9617d-7a15-32be-adcb-f01854016ebc,Cresol,Elementary flows/emission/water,4.1136734941687115e-09,kg,,,,no_factor_in_ipcc_ar6_100
7006c273-b24d-366b-b70d-ee1405a810cc,Cyprodinil,Elementary flows/emission/air,1.1307236803767897e-13,kg,,,,no_factor_in_ipcc_ar6_100
e2eb491c-78ff-3123-9e42-494c7d199b44,Water,Elementary flows/resource/water,-5.411901434141514,kg,,,,no_factor_in_ipcc_ar6_100
c7e05642-0ebb-3835-8654-21192725df17,"2,3,7,8-Tetrachlorodibenzo-p-dioxin",Elementary flows/emission/water,2.0894341439620237e-15,kg,,,,no_factor_in_ipcc_ar6_100
69bf1b3e-8c8f-3ade-b0a1-1ab051a8496e,"Aldehydes, unspecified",Elementary flows/emission/air,2.1463265125924008e-08,kg,,,,no_factor_in_ipcc_ar6_100
f8204689-71e9-3275-85f4-66c4112e5511,Lead,Elementary flows/emission/water,2.4284985949631774e-07,kg,,,,no_factor_in_ipcc_ar6_100
3967526f-a8d4-373d-a771-d6b15194e99e,Acenaphthene,Elementary flows/emission/water,9.313214150725541e-10,kg,,,,no_factor_in_ipcc_ar6_100
7fdbc046-29ad-3377-a9c1-a45031e0cd53,"2,4-Dinitrotoluene",Elementary flows/emission/air,2.0007273724153923e-10,kg,,,,no_factor_in_ipcc_ar6_100
24d7a4d5-6a69-36fd-9f13-b8b890f75ec7,Cobalt-60,Elementary flows/emission/water,3.9929124697192124e-05,kBq,,,,no_factor_in_ipcc_ar6_100
b15117ec-3b8e-35de-bef2-00aec1b9636e,Copper,Elementary flows/emission/air,9.196734852561864e-07,kg,,,,no_factor_in_ipcc_ar6_100
e8faa900-21bb-3f05-921a-75d854c9ac52,Methomyl,Elementary flows/emission/air,2.701438764996647e-13,kg,,,,no_factor_in_ipcc_ar6_100
3b981d82-2f3d-3ac0-89b5-5e38b91ef0f3,"2,2,4-Trimethylpentane",Elementary flows/emission/air,1.9047114368146752e-08,kg,,,,no_factor_in_ipcc_ar6_100
d0128da6-02ff-3bcb-9bf3-860463ee9714,"Hydrocarbons, halogenated",Elementary flows/emission/air,4.812195398215695e-12,kg,,,,no_factor_in_ipcc_ar6_100
a29a8389-b6a9-377a-b70d-a4bd68733f04,Antimony-125,Elementary flows/emission/water,1.0244060097410501e-08,kBq,,,,no_factor_in_ipcc_ar6_100
a3f9fcea-4205-3a29-8364-2d0868fc99b2,Palladium,Elementary flows/emission/air,2.2907585240830135e-15,kg,,,,no_factor_in_ipcc_ar6_100
9d1be6fc-6398-35e9-8179-20182c429610,Silica,Elementary flows/emission/water,9.592125006422416e-09,kg,,,,no_factor_in_ipcc_ar6_100
0595730a-def1-336a-be91-4d481dfdf1aa,Argon-41,Elementary flows/emission/air,0.0003108784765414089,kBq,,,,no_factor_in_ipcc_ar6_100
33ef7f92-3412-3640-94aa-034580f6485a,Trifluralin,Elementary flows/emission/water,2.0823976177051386e-11,kg,,,,no_factor_in_ipcc_ar6_100
ff5e65a2-cf7a-328e-b58d-8560c0288c4f,Chlormequat chloride,Elementary flows/emission/air,1.3249573582453816e-17,kg,,,,no_factor_in_ipcc_ar6_100
643aef04-de1f-3c91-a4d8-71f164dbe30f,Radium-226,Elementary flows/emission/water,185780.46833737943,kBq,,,,no_factor_in_ipcc_ar6_100
42e4c3cb-8468-3004-bd4b-19e6cbb81687,Sulfur oxides,Elementary flows/emission/air,3.5030836332665e-05,kg,,,,no_factor_in_ipcc_ar6_100
42b724c4-3782-350c-b290-ede340ab29d1,Titanium,Elementary flows/emission/air,2.6721101868238408e-08,kg,,,,no_factor_in_ipcc_ar6_100
224e47eb-4483-3a1c-b0ec-83d8a39d6041,Lithium,Elementary flows/emission/water,6.880495634208086e-08,kg,,,,no_factor_in_ipcc_ar6_100
8bfbde02-15a7-3ce0-8077-439631f2b2d3,Sodium chloride,Elementary flows/emission/water,0.00039341765228484193,kg,,,,no_factor_in_ipcc_ar6_100
5a0f4337-3cdb-3484-84b4-67f1f5d0c113,Nickel,Elementary flows/emission/water,4.394529984246542e-08,kg,,,,no_factor_in_ipcc_ar6_100
1d80200a-44ec-3ef6-8af6-116e0818139d,Thorium-228,Elementary flows/emission/water,1.5339383288183822e-07,kBq,,,,no_factor_in_ipcc_ar6_100
83f8b02b-1fc2-3a8c-a0b0-b12ec687e1fa,Aromatic hydrocarbons,Elementary flows/emission/water,1.4013161742188805e-08,kg,,,,no_factor_in_ipcc_ar6_100
687b7004-d26d-3dfc-b8f2-81e092bc4bca,Mercury,Elementary flows/emission/water,2.0392357562120478e-09,kg,,,,no_factor_in_ipcc_ar6_100
2849da1c-036f-3b74-a007-5a102cf375a1,Calcium carbonate,Elementary flows/emission/water,1.1928524843907342e-12,kg,,,,no_factor_in_ipcc_ar6_100
68f4dfa4-87c3-33fe-a1c0-bb0610f2fb1b,Carbon,Elementary flows/emission/water,1.264355538469859e-05,kg,,,,no_factor_in_ipcc_ar6_100
2b61d376-c8c2-31ae-9c19-9b8b958c74dd,Iron,Elementary flows/emission/water,0.0006263873696846136,kg,,,,no_factor_in_ipcc_ar6_100
d4db8e12-ceb5-30bd-847b-7d958abc8dc3,Polonium-210,Elementary flows/emission/air,2.0944204240921691e-07,kBq,,,,no_factor_in_ipcc_ar6_100
22db4f89-a507-39e6-9ef5-8e2e673bdcf9,Adsorbable organic halides,Elementary flows/emission/water,1.3690094824698727e-06,kg,,,,no_factor_in_ipcc_ar6_100
32f40e39-7f70-3d64-b878-efd3a641dd11,"Particulate matter, ≤ 10μm",Elementary flows/emission/water,1.1435083167931902e-12,kg,,,,no_factor_in_ipcc_ar6_100
7955b6e2-3ae6-315c-94f1-028d7faada34,Hexane,Elementary flows/emission/air,1.1735190003487824e-05,kg,,,,no_factor_in_ipcc_ar6_100
0443ebbf-28e4-392c-93e8-10ff23bff59d,Chlorinated organic compounds,Elementary flows/emission/air,3.3270863948805033e-12,kg,,,,no_factor_in_ipcc_ar6_100
a32fdfa3-2c98-3b88-8fa4-d6ac0f859277,Methomyl,Elementary flows/emission/water,1.3993477119465482e-13,kg,,,,no_factor_in_ipcc_ar6_100
028e02ca-551e-37ae-865e-6b885f988a6c,Molybdenum trioxide,Elementary flows/emission/water,7.697955185277467e-11,kg,,,,no_factor_in_ipcc_ar6_100
b7ae3e81-d9ce-345f-bd73-d91acbddcd5f,Cadmium,Elementary flows/emission/water,3.8698189016844415e-10,kg,,,,no_factor_in_ipcc_ar6_100
e7db2838-8512-3079-a3fc-bd3361d22943,Sulfur trioxide,Elementary flows/emission/air,1.6747173941109718e-10,kg,,,,no_factor_in_ipcc_ar6_100
5dede561-6b10-3be4-ac13-fd9d41b25023,Imidacloprid,Elementary flows/emission/water,4.380524444798185e-13,kg,,,,no_factor_in_ipcc_ar6_100
57152560-592a-383f-89b1-a77d7d432ad8,Boron,Elementary flows/emission/water,2.215116701351372e-06,kg,,,,no_factor_in_ipcc_ar6_100
9aa7fac7-87ac-35ac-9cfb-639180846bee,Isophorone,Elementary flows/emission/air,1.1279931729966704e-08,kg,,,,no_factor_in_ipcc_ar6_100
4925db0d-7f56-3efa-ada9-eb799c3edd5b,Propylene oxide,Elementary flows/emission/air,4.578572482515833e-08,kg,,,,no_factor_in_ipcc_ar6_100
a7eb485a-5288-3bb8-aad2-ce1992ec92b8,"Particulate matter, > 10μm",Elementary flows/emission/air,4.967126782731366e-05,kg,,,,no_factor_in_ipcc_ar6_100
d7abf794-b082-3702-8b27-b95e23b09601,Benomyl,Elementary flows/emission/water,2.2189380986514478e-13,kg,,,,no_factor_in_ipcc_ar6_100
7113ed99-e5b4-3ff7-af3f-7a8fb5c222ba,Zinc sulfate,Elementary flows/emission/air,1.7228935460238248e-10,kg,,,,no_factor_in_ipcc_ar6_100
c341a135-2684-33bf-9577-b1e49443dc56,Sulfur trioxide,Elementary flows/emission/water,1.9883292502660353e-10,kg,,,,no_factor_in_ipcc_ar6_100
5c2441ce-7ada-3cbb-8a85-be69e1d8d9c4,Strontium-87,Elementary flows/emission/water,7.173354348480483,kBq,,,,no_factor_in_ipcc_ar6_100
49c894b2-2be7-369d-a6d7-6d2ce679db77,n-Butyl acetate,Elementary flows/emission/air,8.104011334328385e-15,kg,,,,no_factor_in_ipcc_ar6_100
78f32bf1-7a26-3163-9085-3df4da7d9e57,Sulfuric acid,Elementary flows/emission/water,8.372251956496345e-10,kg,,,,no_factor_in_ipcc_ar6_100
1628c7b9-2292-32b7-a640-1c471768ff8c,Fipronil,Elementary flows/emission/air,5.16124978086768e-15,kg,,,,no_factor_in_ipcc_ar6_100
e8a4d121-c284-3073-ba8f-37f9253ff20a,Fluoride,Elementary flows/emission/water,0.00027768580601925943,kg,,,,no_factor_in_ipcc_ar6_100
16e9aaa4-b307-3860-a1af-e82f5a1dbd64,Methyl isobutyl ketone,Elementary flows/emission/air,3.631984412452574e-08,kg,,,,no_factor_in_ipcc_ar6_100
346f49b9-598c-3f47-96c8-b47ccdb5a01f,Docosane,Elementary flows/emission/water,2.2810354885107757e-13,kg,,,,no_factor_in_ipcc_ar6_100
f7cebd38-4cdb-39ba-aa58-b9970b32743c,2-Hexanone,Elementary flows/emission/water,2.437320096193356e-12,kg,,,,no_factor_in_ipcc_ar6_100
fb555654-c1ae-3a4c-be73-4e52bd420d80,Atrazine,Elementary flows/emission/water,2.8406060255394243e-11,kg,,,,no_factor_in_ipcc_ar6_100
c2b4ac05-015c-372b-9cb2-331cfc9c75c4,Mercury(II),Elementary flows/emission/water,3.1316756871584364e-13,kg,,,,no_factor_in_ipcc_ar6_100
839b1b58-8089-3455-9755-a839f9d1fdbc,Vinyl chloride,Elementary flows/emission/water,8.774274689350724e-10,kg,,,,no_factor_in_ipcc_ar6_100
cf1c6b0f-a688-355e-b222-ebb4a4c163d5,Fluorine,Elementary flows/emission/water,1.5869956672565924e-09,kg,,,,no_factor_in_ipcc_ar6_100
956f63bb-0c4e-3544-81af-a0313e902664,Fluoranthene,Elementary flows/emission/water,3.8024139177213625e-10,kg,,,,no_factor_in_ipcc_ar6_100
f5bb2d1e-1a7a-3587-8922-d711ec7e6ea4,Acrylonitrile,Elementary flows/emission/air,4.2551534020925044e-07,kg,,,,no_factor_in_ipcc_ar6_100
670a7e81-4e50-3ee6-9a86-3e31d4f05778,Tetradecane,Elementary flows/emission/water,5.2528713051928e-12,kg,,,,no_factor_in_ipcc_ar6_100
968a0f1d-ffdf-327f-a99d-9e767b54320b,Hydrochloric acid,Elementary flows/emission/water,3.4362839087825135e-07,kg,,,,no_factor_in_ipcc_ar6_100
7b2a26ef-86ec-39e1-82e6-016b31800e2b,Ethylbenzene,Elementary flows/emission/air,9.162926349680769e-07,kg,,,,no_factor_in_ipcc_ar6_100
9afdd2c1-9b05-3de5-a6ba-eb95948a71fa,Thallium,Elementary flows/emission/air,2.3732954906602548e-09,kg,,,,no_factor_in_ipcc_ar6_100
b172246a-087b-307d-913a-af43ac3aca72,Xenon-135,Elementary flows/emission/air,0.00039239133378815783,kBq,,,,no_factor_in_ipcc_ar6_100
39bd71e3-a5cb-318a-8363-1872c1478f5c,"Alcohols, ethoxylated C12-14",Elementary flows/emission/air,3.5025000000001244e-05,kg,,,,no_factor_in_ipcc_ar6_100
d240a362-1f01-3b10-a506-6f544c61df57,Selenium compounds,Elementary flows/emission/air,3.4426852388693613e-09,kg,,,,no_factor_in_ipcc_ar6_100
e99ddeb5-25be-3571-9b7a-2668d9531e8a,o-Xylene,Elementary flows/emission/air,3.912500490969283e-08,kg,,,,no_factor_in_ipcc_ar6_100
c19f72d2-41a0-3218-ba4f-61fa392accd6,Benzo[ghi]perylene,Elementary flows/emission/air,1.978347369321391e-10,kg,,,,no_factor_in_ipcc_ar6_100
5905f568-b472-3e56-9f96-d41c33f34ef7,Chromium(III),Elementary flows/emission/water,1.721139762139144e-06,kg,,,,no_factor_in_ipcc_ar6_100
34e3e9d7-a951-3525-a73b-cfb3f74dbe97,Carbon black,Elementary flows/emission/air,1.8706919420756739e-06,kg,,,,no_factor_in_ipcc_ar6_100
dde20124-511b-3e0d-8834-5ddd88e15cba,Antimony,Elementary flows/emission/water,2.5652007483094292e-08,kg,,,,no_factor_in_ipcc_ar6_100
7feae0b3-8fb8-3caf-9078-f23b4fd362d1,Dimethenamid,Elementary flows/emission/water,1.7682168197787192e-13,kg,,,,no_factor_in_ipcc_ar6_100
57facb29-666b-34eb-96a3-670f6d995798,Chloromethane,Elementary flows/emission/water,2.9233960976514036e-12,kg,,,,no_factor_in_ipcc_ar6_100
fd07c148-75ee-3839-b747-72c0542da278,Benzo[k]fluoranthene,Elementary flows/emission/water,3.8561926173841624e-10,kg,,,,no_factor_in_ipcc_ar6_100
60c6d4e3-32ff-3939-b773-88816686c3df,Thorium-230,Elementary flows/emission/water,1.4894575056031165e-06,kBq,,,,no_factor_in_ipcc_ar6_100
8f9a0368-97e3-37f6-902d-325916697da4,Cadmium compounds,Elementary flows/emission/air,1.5626903233225935e-12,kg,,,,no_factor_in_ipcc_ar6_100
c979ddf8-5576-36eb-bc76-040e01f99cc6,"2,4-Dimethylphenol",Elementary flows/emission/water,2.5722252454118005e-11,kg,,,,no_factor_in_ipcc_ar6_100
7bc1e3d2-2b20-3a19-abe0-a5aaaf3c64e7,Organochlorine pesticides,Elementary flows/emission/air,4.8028680655992956e-17,kg,,,,no_factor_in_ipcc_ar6_100
0b9668f1-074d-326e-889c-8e803fc651bd,o-Cresol,Elementary flows/emission/air,1.048780498467738e-10,kg,,,,no_factor_in_ipcc_ar6_100
6a363e7a-441d-3c00-bd50-72bf574ad92d,Tin,Elementary flows/emission/air,3.993698923626608e-07,kg,,,,no_factor_in_ipcc_ar6_100
9e32fa50-41aa-3c16-8a4c-2e97713a2f9c,Xenon-138,Elementary flows/emission/air,4.44826578688629e-05,kBq,,,,no_factor_in_ipcc_ar6_100
2a5ef0fa-b99b-3825-9afe-75a430b127d9,Propylene glycol monomethyl ether acetate,Elementary flows/emission/air,1.636898932882892e-14,kg,,,,no_factor_in_ipcc_ar6_100
a6ef0d41-eede-3377-957e-0bdee5f8aa1e,Americium-241,Elementary flows/emission/water,7.7076431118936e-07,kBq,,,,no_factor_in_ipcc_ar6_100
5aaca76f-ed8b-3dc6-9cb3-597421c567ac,Anthracene,Elementary flows/emission/air,9.969421236076372e-11,kg,,,,no_factor_in_ipcc_ar6_100
58dcc57f-065f-30c9-9c70-c20c8396ba4c,Lead dioxide,Elementary flows/emission/air,4.4975028964910896e-15,kg,,,,no_factor_in_ipcc_ar6_100
8f6e0975-9a80-3709-8ee7-1e4c0a9c9e1c,Cumene,Elementary flows/emission/air,4.680287789007089e-07,kg,,,,no_factor_in_ipcc_ar6_100
5a5b5b1e-2901-3214-af7c-b01fb05adc69,Ruthenium-106,Elementary flows/emission/water,0.0004409825196478509,kBq,,,,no_factor_in_ipcc_ar6_100
f0616d3c-8ad2-364a-aaae-42f0651f32e8,Benzyl chloride,Elementary flows/emission/air,1.337656735847628e-08,kg,,,,no_factor_in_ipcc_ar6_100
0f2dc726-d62a-3a67-bf97-af90ef81af0a,Titanium,Elementary flows/emission/water,1.2537243125042416e-08,kg,,,,no_factor_in_ipcc_ar6_100
2b4bb267-4445-37a5-a505-b61d0daf2b3f,Zinc(II),Elementary flows/emission/water,2.8446388185939516e-06,kg,,,,no_factor_in_ipcc_ar6_100
8cd40628-79b2-3a83-aa05-dc40ae815266,Aromatic hydrocarbons,Elementary flows/emission/air,3.4455382012536637e-07,kg,,,,no_factor_in_ipcc_ar6_100
314e4cef-5385-3262-bdb6-a756c7817579,Aluminum,Elementary flows/emission/air,4.6015191946972257e-07,kg,,,,no_factor_in_ipcc_ar6_100
fcf65d36-ae15-3066-80c2-b624e04c6380,Benzo[k]fluoranthene,Elementary flows/emission/air,4.2078726288574056e-12,kg,,,,no_factor_in_ipcc_ar6_100
715541af-f083-3c8e-8820-9119ad5866c5,Carbon,Elementary flows/emission/air,2.3752550617443658e-09,kg,,,,no_factor_in_ipcc_ar6_100
031590c9-2a66-3ecc-8f20-613e5fe40c1a,Acetone,Elementary flows/emission/water,2.5271178008106642e-12,kg,,,,no_factor_in_ipcc_ar6_100
02e71963-66c4-3d19-8c70-aeec2316762c,Nitrate,Elementary flows/emission/air,1.3703929091530357e-09,kg,,,,no_factor_in_ipcc_ar6_100
964aeb11-dbb5-34da-90dc-dc10ab5dfd99,Nitrite,Elementary flows/emission/water,1.4086919671488781e-09,kg,,,,no_factor_in_ipcc_ar6_100
190624ea-8ca6-383c-aeb4-8efa942b544f,Radionuclides,Elementary flows/emission/air,720.7939918072509,kBq,,,,no_factor_in_ipcc_ar6_100
435bfa52-d2d3-3760-abf4-27de892972ac,Zinc,Elementary flows/emission/air,8.92505645309284e-07,kg,,,,no_factor_in_ipcc_ar6_100
15971080-ac97-3ed5-b858-f00ddd47806f,Hydrogen ion,Elementary flows/emission/air,-2.1559829038570623e-13,kg,,,,no_factor_in_ipcc_ar6_100
d451b9a9-13bd-3679-9c5c-3a68b809dd1a,Arsine,Elementary flows/emission/air,2.844246078681145e-14,kg,,,,no_factor_in_ipcc_ar6_100
5131a370-a6cf-3a72-8756-6aa30666e3f7,2-Methylpentane,Elementary flows/emission/air,4.995369429845871e-13,kg,,,,no_factor_in_ipcc_ar6_100
0aecbc74-0a66-3812-8d4c-409144f04ac8,"Silane, tetrafluoro-",Elementary flows/emission/air,5.132162340612278e-13,kg,,,,no_factor_in_ipcc_ar6_100
11b4481a-d297-349a-89fc-102009c1410c,Xylene,Elementary flows/emission/water,4.0661705716474816e-07,kg,,,,no_factor_in_ipcc_ar6_100
0cf75565-4164-3e75-b847-4974ebe979fc,Methyl parathion,Elementary flows/emission/air,8.947280881722715e-14,kg,,,,no_factor_in_ipcc_ar6_100
8bb4f763-9d53-3ae6-b698-f9e1bb186816,Xenon-133,Elementary flows/emission/air,0.0007917908211159828,kBq,,,,no_factor_in_ipcc_ar6_100
215fdef5-4bee-3402-b597-d0ae5c449b3b,Selenium,Elementary flows/emission/water,4.027888555127823e-08,kg,,,,no_factor_in_ipcc_ar6_100
4383b6b5-ccab-30f1-b0f9-aca7cfc30910,Molybdenum,Elementary flows/emission/air,1.2870270647039123e-07,kg,,,,no_factor_in_ipcc_ar6_100
3378c02d-6828-36dc-a9fe-9948b59a8bd6,Ethylene,Elementary flows/emission/air,4.13053850666988e-06,kg,,,,no_factor_in_ipcc_ar6_100
7401407a-978a-355e-81db-826dc484dd4a,Iron,Elementary flows/emission/air,7.3732376643231975e-06,kg,,,,no_factor_in_ipcc_ar6_100
7e3145d3-a1a3-36d0-ae11-d380127cde8b,Vanadium,Elementary flows/emission/air,9.670844996819433e-07,kg,,,,no_factor_in_ipcc_ar6_100
f95a65ae-f63c-39be-a86a-cb9b547b781b,Molybdenum,Elementary flows/emission/water,1.2498393110545482e-07,kg,,,,no_factor_in_ipcc_ar6_100
a975efda-5fb3-38a9-8d3f-212606aa853f,m-Xylene,Elementary flows/emission/water,1.2496734115409971e-11,kg,,,,no_factor_in_ipcc_ar6_100
9e480e1c-719e-3284-9e0c-e7587e264c6b,Tritium,Elementary flows/emission/water,73683162384453.56,kBq,,,,no_factor_in_ipcc_ar6_100
a26535d8-fd0d-3629-99de-7864c5dc78d0,"1,2-Dichloropropane",Elementary flows/emission/water,2.605484394134453e-13,kg,,,,no_factor_in_ipcc_ar6_100
1ab6fbf2-eba9-3962-b66e-2f47edf68957,Uranium-234,Elementary flows/emission/air,3.5570170009820623e-07,kBq,,,,no_factor_in_ipcc_ar6_100
297a9650-621a-325a-97f3-073c469b7848,trans-2-Butene,Elementary flows/emission/air,5.397139738352619e-14,kg,,,,no_factor_in_ipcc_ar6_100
95cf40b7-7fb1-35c5-b6e1-c764044157cf,Iodine-131,Elementary flows/emission/air,3.59764186870649e-07,kBq,,,,no_factor_in_ipcc_ar6_100
786e8081-5f2e-3bab-9585-d0dba98ec7c3,Total suspended solids,Elementary flows/emission/water,2.3067728702904697e-05,kg,,,,no_factor_in_ipcc_ar6_100
f8c1e692-1c14-34b8-85ca-5f520d341586,Carbofuran,Elementary flows/emission/air,7.551593931481389e-14,kg,,,,no_factor_in_ipcc_ar6_100
f8188722-8d99-32de-97c3-dee774c3a503,Diethanolamine,Elementary flows/emission/air,1.8617498705847285e-09,kg,,,,no_factor_in_ipcc_ar6_100
ab008eed-064c-31b9-9bd1-35fea7c7e7e0,Fenoxaprop,Elementary flows/emission/air,1.4584607083872812e-16,kg,,,,no_factor_in_ipcc_ar6_100
dcea4192-e8b0-3c00-9f5e-600607cdff0d,Flumetsulam,Elementary flows/emission/air,1.4812097655415916e-12,kg,,,,no_factor_in_ipcc_ar6_100
b330e0bd-997f-3ae9-9bff-244143bf66a6,"1,2,3,7,8,9-Hexachlorodibenzo-p-dioxin",Elementary flows/emission/air,1.3137224701116922e-17,kg,,,,no_factor_in_ipcc_ar6_100
68d98174-4c5c-370c-beda-23b93ce00b43,"Hydrocarbons, chlorinated",Elementary flows/emission/air,8.795702087903807e-12,kg,,,,no_factor_in_ipcc_ar6_100
c18339d3-7450-38e4-8889-f61d666cc321,Paraquat,Elementary flows/emission/air,1.3375842284976058e-11,kg,,,,no_factor_in_ipcc_ar6_100
7c651aa4-c883-3a36-9f27-24809ce858fa,1-Pentanol,Elementary flows/emission/air,4.42770628130592e-16,kg,,,,no_factor_in_ipcc_ar6_100
3a17ea66-85b2-3d3b-a1fb-5d58f274890c,N-Nitrosodimethylamine,Elementary flows/emission/air,7.981811549905123e-12,kg,,,,no_factor_in_ipcc_ar6_100
409f63a7-3591-31cf-9645-1812decf3209,Chromium-51,Elementary flows/emission/air,2.902784148211252e-13,kBq,,,,no_factor_in_ipcc_ar6_100
e200edf4-9f8c-32d1-857b-83015bf29b09,Diethanolamine,Elementary flows/emission/water,3.364419443089763e-10,kg,,,,no_factor_in_ipcc_ar6_100
acff99cf-07fe-3ca6-b600-343dd604ca2f,"2,3,4,7,8-Pentachlorodibenzofuran",Elementary flows/emission/water,2.4340048111412857e-18,kg,,,,no_factor_in_ipcc_ar6_100
bba07c69-0112-3f82-999e-e3a4c81b6e68,"N,N-Dimethylformamide",Elementary flows/emission/air,5.3987807517633244e-08,kg,,,,no_factor_in_ipcc_ar6_100
dfe2fcba-feff-3e93-be27-4f46cca1e887,"2,4,5-Trichlorophenol",Elementary flows/emission/air,2.417725280116528e-10,kg,,,,no_factor_in_ipcc_ar6_100
bf5315db-0443-3c49-b072-c37824b4808d,Tribromomethane,Elementary flows/emission/water,5.551646292914368e-14,kg,,,,no_factor_in_ipcc_ar6_100
81fab966-bdc6-3429-8d8b-3d2bd057f928,Sodium(I),Elementary flows/emission/water,0.0002771435870759358,kg,,,,no_factor_in_ipcc_ar6_100
778fb50e-fcbd-3184-9411-0bc701b2b1f5,Chlorinated organic compounds,Elementary flows/emission/water,3.4336727237201763e-13,kg,,,,no_factor_in_ipcc_ar6_100
b6e5d387-9d6a-304d-9438-db81eb4da4f3,"2,4,6-Trichlorophenol",Elementary flows/emission/air,3.5781332688195235e-12,kg,,,,no_factor_in_ipcc_ar6_100
c3cef628-7199-38bc-9dea-ff35d0386b3b,1-Butanol,Elementary flows/emission/water,6.7947597261362815e-12,kg,,,,no_factor_in_ipcc_ar6_100
8f9d27d7-e27c-3baa-a1e5-4ad61a38d900,p-Nitrophenol,Elementary flows/emission/air,2.5308419911135984e-12,kg,,,,no_factor_in_ipcc_ar6_100
c69f1479-5147-3a84-8bad-4ffebb68f5c4,.beta.-Hexachlorocyclohexane,Elementary flows/emission/water,2.4157705392888527e-16,kg,,,,no_factor_in_ipcc_ar6_100
8d3b3a8d-02c0-36e1-8722-d72795bced89,Iron-59,Elementary flows/emission/water,8.340119893153112e-08,kBq,,,,no_factor_in_ipcc_ar6_100
559f878a-5780-304e-baae-df0b7044fbd0,"2,3,7,8-Tetrachlorodibenzofuran",Elementary flows/emission/water,1.104824443177826e-18,kg,,,,no_factor_in_ipcc_ar6_100
a451a5f6-30e6-37d5-ac4b-ab75b81e79e3,"1,2,4-Trimethylbenzene",Elementary flows/emission/water,7.259122884762039e-11,kg,,,,no_factor_in_ipcc_ar6_100
118ab408-621b-3e25-bfbf-9f040e5ce7ce,Isobutanol,Elementary flows/emission/water,1.8415503501313817e-15,kg,,,,no_factor_in_ipcc_ar6_100
133ab24d-ec96-3e00-b1d0-64d6a2c075ed,"4,4'-Isopropylidenediphenol",Elementary flows/emission/air,7.926458924001982e-10,kg,,,,no_factor_in_ipcc_ar6_100
7910d808-9bc5-3161-bad5-5edf6829b622,Ethyl acetate,Elementary flows/emission/air,3.502505230534841e-05,kg,,,,no_factor_in_ipcc_ar6_100
97141cce-a845-3720-992a-3924e4833b43,Glycidol,Elementary flows/emission/water,1.0481872596543993e-11,kg,,,,no_factor_in_ipcc_ar6_100
0f6267c8-58a9-31ca-8e2f-be97e07d7eaf,"Dibenzo[a,h]pyrene",Elementary flows/emission/air,5.281279113928143e-15,kg,,,,no_factor_in_ipcc_ar6_100
1d7c3c8d-f29b-341d-ac72-00c2b93ee7a3,Ethylamine,Elementary flows/emission/water,2.293552595369111e-15,kg,,,,no_factor_in_ipcc_ar6_100
6edd5908-1d5b-3da5-95a7-685385aeecda,Tributyltin Compounds,Elementary flows/emission/water,3.0631276326531255e-12,kg,,,,no_factor_in_ipcc_ar6_100
b2a02e24-33c1-3424-88b5-fa715300f46e,Krypton-89,Elementary flows/emission/air,3.371396729407448e-08,kBq,,,,no_factor_in_ipcc_ar6_100
a3b5b2fb-0186-3a31-b689-4110e21c20bc,Silver-110,Elementary flows/emission/air,1.0359773762034837e-13,kBq,,,,no_factor_in_ipcc_ar6_100
abe2bbfb-96d0-330e-a190-a2075fee0ee5,Iodine-133,Elementary flows/emission/air,6.023739150218206e-11,kBq,,,,no_factor_in_ipcc_ar6_100
76b25848-8799-39d5-b64b-c23a5b706b10,Pendimethalin,Elementary flows/emission/water,6.280156809149616e-12,kg,,,,no_factor_in_ipcc_ar6_100
dde269e6-7ccc-3bfd-828d-1c4d4307a815,MCPB,Elementary flows/emission/air,1.370648394487381e-15,kg,,,,no_factor_in_ipcc_ar6_100
bf22566e-66a2-34d2-974f-180f8edd21e4,Propionaldehyde,Elementary flows/emission/water,5.688062348574153e-13,kg,,,,no_factor_in_ipcc_ar6_100
266ddb11-1c4e-38dc-acc7-e5e47c133068,Sodium formate,Elementary flows/emission/water,4.426149960806929e-12,kg,,,,no_factor_in_ipcc_ar6_100
648fc81b-d50a-303e-a875-8927af53958e,Bauxite,Elementary flows/emission/water,3.750221982469458e-11,kg,,,,no_factor_in_ipcc_ar6_100
376cbb78-eb15-3275-a330-131bce7b3434,Lanthanum-140,Elementary flows/emission/water,6.20849440975768e-11,kBq,,,,no_factor_in_ipcc_ar6_100
1bdf88f3-9b77-30c2-9d5b-eefe99cddf27,Zirconium-95,Elementary flows/emission/air,1.9289958566785484e-12,kBq,,,,no_factor_in_ipcc_ar6_100
ff49b1cf-352d-327c-aa05-56e69b955d7a,2-Aminopropanol,Elementary flows/emission/air,1.2994181204562874e-17,kg,,,,no_factor_in_ipcc_ar6_100
7ce964c0-5c8c-3cc2-baf3-0b4b89f0947f,Glycol ethers,Elementary flows/emission/water,1.701762497765017e-12,kg,,,,no_factor_in_ipcc_ar6_100
754a1c55-1866-3e9d-a475-914e73403369,"Dibenzo[a,e]pyrene",Elementary flows/emission/air,5.3873566498988805e-15,kg,,,,no_factor_in_ipcc_ar6_100
126bd48d-5d75-38f2-81f9-7a36dd22d219,"4,4'-Isopropylidenediphenol",Elementary flows/emission/water,3.839354100144472e-10,kg,,,,no_factor_in_ipcc_ar6_100
cc9adebc-197e-38ea-9bf2-541019bf3984,Zeta-Cypermethrin,Elementary flows/emission/air,2.033862229273634e-13,kg,,,,no_factor_in_ipcc_ar6_100
c4dfe59e-f331-3153-8a8e-08f5084500f1,Formamide,Elementary flows/emission/air,8.098114143467442e-16,kg,,,,no_factor_in_ipcc_ar6_100
0bb731c1-14f9-33af-b944-734f463575e2,Tefluthrin,Elementary flows/emission/water,3.9679326653366536e-13,kg,,,,no_factor_in_ipcc_ar6_100
8d0ee36c-fb50-3e0c-b0cd-c7a19f2a5d8b,Platinum,Elementary flows/emission/air,3.0438088333752694e-12,kg,,,,no_factor_in_ipcc_ar6_100
8ec9de49-e009-3d2f-bc58-502fb0da5a3f,2-Methylnaphthalene,Elementary flows/emission/water,4.086129200170799e-12,kg,,,,no_factor_in_ipcc_ar6_100
3406549e-cf97-3fec-b0bb-07506f38dfc4,Ethylene,Elementary flows/emission/water,4.055539239458936e-06,kg,,,,no_factor_in_ipcc_ar6_100
0c146e67-2bc8-33b1-b8ad-a1ed2aab88e4,Manganese-54,Elementary flows/emission/air,1.4865845927910447e-13,kBq,,,,no_factor_in_ipcc_ar6_100
0c8c9877-5938-36dd-910b-48daed6913e1,Decane,Elementary flows/emission/water,5.311428255197085e-09,kg,,,,no_factor_in_ipcc_ar6_100
60356ed9-370c-386b-b237-1ad52d4758ac,Benzofluoranthene,Elementary flows/emission/water,6.741450886153061e-12,kg,,,,no_factor_in_ipcc_ar6_100
eec36aa7-2df6-36c3-9a07-500c4bbf62a9,Chlorobenzene,Elementary flows/emission/water,1.0657567752254213e-10,kg,,,,no_factor_in_ipcc_ar6_100
3a32e0ec-3b96-3bd2-9630-0ae610a4838b,Cesium,Elementary flows/emission/water,7.822273182637248e-13,kg,,,,no_factor_in_ipcc_ar6_100
f636cde4-be91-3550-8381-14a3f8054e13,Chromium(IV),Elementary flows/emission/air,9.452837922970085e-12,kg,,,,no_factor_in_ipcc_ar6_100
4020c94c-829f-3e41-be2b-69255638d06b,Silicate group,Elementary flows/emission/water,3.834401519264944e-12,kg,,,,no_factor_in_ipcc_ar6_100
f871bd90-342d-3ccf-8875-b15e396d2488,"1,4-Butanediol",Elementary flows/emission/air,1.2375261931667976e-14,kg,,,,no_factor_in_ipcc_ar6_100
d4a5ea12-0d27-3d28-a3c3-86f193498635,Chloroacetyl chloride,Elementary flows/emission/water,4.1636375630947613e-17,kg,,,,no_factor_in_ipcc_ar6_100
f5fa456c-34ed-39a3-868a-377e30ed76c6,"1,4-Dioxane",Elementary flows/emission/air,5.3081531109504494e-11,kg,,,,no_factor_in_ipcc_ar6_100
c7dfc410-23e2-352a-a172-e57112388ecf,"4,4'-Methylenedianiline",Elementary flows/emission/air,5.221750987090301e-12,kg,,,,no_factor_in_ipcc_ar6_100
13433131-590e-318a-a284-a2f2e05a4a85,"1,2,3,4,6,7,8,9-Octachlorodibenzofuran",Elementary flows/emission/air,5.140999435133692e-17,kg,,,,no_factor_in_ipcc_ar6_100
6e7fa9bf-f2ea-371c-a813-5f30a57a9d1a,Tungsten,Elementary flows/emission/air,2.702220733980686e-13,kg,,,,no_factor_in_ipcc_ar6_100
b19a36a1-8be8-3b91-8869-93e55cae147f,Zirconium,Elementary flows/emission/air,3.806954391620488e-15,kg,,,,no_factor_in_ipcc_ar6_100
682cf2c7-09f7-3b75-b316-f3f961e86847,Cerium-141,Elementary flows/emission/water,2.3101395898439063e-11,kBq,,,,no_factor_in_ipcc_ar6_100
37ffbf4b-d757-3cec-9cdf-c98fde8149ff,Ammonium carbonate,Elementary flows/emission/air,2.7850756682210318e-14,kg,,,,no_factor_in_ipcc_ar6_100
c0cd898f-82dd-390a-9a48-f53b34f0dfe1,Diethylamine,Elementary flows/emission/water,1.8857274325374942e-15,kg,,,,no_factor_in_ipcc_ar6_100
475e3a78-071c-355a-ba92-20d2da394e97,"Dibenzo[a,i]pyrene",Elementary flows/emission/air,5.291240317477027e-15,kg,,,,no_factor_in_ipcc_ar6_100
9fbf4799-8de2-3760-bb42-6b8128228f04,"2,4-Dimethylphenol",Elementary flows/emission/air,1.855619325151105e-11,kg,,,,no_factor_in_ipcc_ar6_100
6d5be8a8-7a15-36b8-b411-39d54f0ea8ca,Lactofen,Elementary flows/emission/air,9.278967168927598e-13,kg,,,,no_factor_in_ipcc_ar6_100
30be6ad3-0af0-32bd-a83d-b040d9790aa7,Molybdenum trioxide,Elementary flows/emission/air,3.982896182233493e-11,kg,,,,no_factor_in_ipcc_ar6_100
0a0026f6-bebf-332e-8dd3-616a6d4e9e1b,Perylene,Elementary flows/emission/air,1.4490626512855414e-15,kg,,,,no_factor_in_ipcc_ar6_100
a599621a-cc11-377b-a415-a8eea0fb8fd7,Acephate,Elementary flows/emission/air,2.3694549667098223e-11,kg,,,,no_factor_in_ipcc_ar6_100
1f799425-898b-34ee-9bff-250472b98b2e,"1,3-Butadiene",Elementary flows/emission/water,9.671487051257035e-07,kg,,,,no_factor_in_ipcc_ar6_100
60971e7f-03ce-37c1-b95b-b51f4d2a49e1,Dicyclopentadiene,Elementary flows/emission/air,9.828773130742514e-11,kg,,,,no_factor_in_ipcc_ar6_100
c5687d4c-d0e3-3e3c-b9e4-662e2f852e9b,Endosulfan,Elementary flows/emission/water,2.8164737670167967e-13,kg,,,,no_factor_in_ipcc_ar6_100
e3650058-0426-3a79-a606-758f352723e1,"2,3,4,6,7,8-Hexachlorodibenzofuran",Elementary flows/emission/air,6.069912164757375e-17,kg,,,,no_factor_in_ipcc_ar6_100
b6e3b3d7-2bda-3248-836f-ce81a3650cf6,Tellurium-132,Elementary flows/emission/water,2.7868179518043774e-12,kBq,,,,no_factor_in_ipcc_ar6_100
1863bddf-df44-357b-95f2-e05b2781b587,o-Nitrotoluene,Elementary flows/emission/air,2.0951345093693896e-17,kg,,,,no_factor_in_ipcc_ar6_100
981f397a-bee2-3519-b316-02a7756bf22a,p-Dichlorobenzene,Elementary flows/emission/air,2.7751356358522786e-09,kg,,,,no_factor_in_ipcc_ar6_100
2e6af10c-ada7-3e44-9243-3fc7dd9f580d,"1,1,2-Trichloroethane",Elementary flows/emission/air,1.6769603638199283e-08,kg,,,,no_factor_in_ipcc_ar6_100
5761fb62-1c6d-3b45-a09a-22a38736c736,Thorium-232,Elementary flows/emission/water,3.696745529363498e-09,kBq,,,,no_factor_in_ipcc_ar6_100
4bee26b6-1db8-3fcb-98d2-0407d8b490d1,1-Pentene,Elementary flows/emission/water,8.030811846773075e-16,kg,,,,no_factor_in_ipcc_ar6_100
da9d5cb9-ad52-3bca-99a9-650145f9cab5,Methyl isobutyl ketone,Elementary flows/emission/water,8.969906734150831e-10,kg,,,,no_factor_in_ipcc_ar6_100
194ca21a-3be0-3c2b-b788-e5e24cfc988d,1-Methylnaphthalene,Elementary flows/emission/air,1.5707768593288455e-11,kg,,,,no_factor_in_ipcc_ar6_100
1b92a28f-209f-3380-b8fe-1354a50fa03d,Pentachlorophenol,Elementary flows/emission/air,3.171717276392626e-11,kg,,,,no_factor_in_ipcc_ar6_100
6ca13c04-b9bb-363e-9072-a0057a85c8b3,Sethoxydim,Elementary flows/emission/air,4.2542236407570245e-13,kg,,,,no_factor_in_ipcc_ar6_100
d57fd36b-f458-38e7-9ae1-117bb5725291,Cerium-141,Elementary flows/emission/air,4.5300202072900476e-12,kBq,,,,no_factor_in_ipcc_ar6_100
28c8bbdf-1a2b-3c96-baf8-d965df47c0c6,Hexachlorobenzene,Elementary flows/emission/air,1.1166944173398862e-09,kg,,,,no_factor_in_ipcc_ar6_100
371dd7d6-178e-37c8-a648-b69256b742e8,o-Xylene,Elementary flows/emission/water,9.712955820762792e-12,kg,,,,no_factor_in_ipcc_ar6_100
4784dde7-fce7-3d68-9667-820dc31df78e,Dimethyl phthalate,Elementary flows/emission/air,1.6948574700937137e-10,kg,,,,no_factor_in_ipcc_ar6_100
a19bb01d-13b1-3887-ac5f-806fa56aff0a,Asbestos,Elementary flows/emission/water,5.626086577813056e-12,kg,,,,no_factor_in_ipcc_ar6_100
809fc19c-c152-3e3f-afd7-3c2da6c23d07,"1,2,3,4,7,8-Hexachlorodibenzofuran",Elementary flows/emission/water,1.0398955337243841e-17,kg,,,,no_factor_in_ipcc_ar6_100
ad60660d-a560-3357-b658-773a915bfb92,"1,1-Dichloroethane",Elementary flows/emission/air,4.068155596448487e-09,kg,,,,no_factor_in_ipcc_ar6_100
2ad46f53-8641-34b6-ac01-82fbec61f089,Aromatics,Elementary flows/emission/water,7.292881110223411e-13,kg,,,,no_factor_in_ipcc_ar6_100
04cebf8e-43f8-37e0-aab3-6139360f83f5,Potassium-40,Elementary flows/emission/air,3.994790336288052e-08,kBq,,,,no_factor_in_ipcc_ar6_100
0c255a64-9a70-337f-8b13-40fadad36b76,Benzaldehyde,Elementary flows/emission/air,7.740438506624768e-12,kg,,,,no_factor_in_ipcc_ar6_100
cadec445-752a-3165-b9f4-543becd5d116,p-Phenylenediamine,Elementary flows/emission/air,1.0322610647430633e-11,kg,,,,no_factor_in_ipcc_ar6_100
37037bee-9867-3769-999c-c4d891b9975b,Cyanide,Elementary flows/emission/air,6.306039551845906e-08,kg,,,,no_factor_in_ipcc_ar6_100
683830a2-3551-3b38-9133-b8934dc0e38b,Acetyl chloride,Elementary flows/emission/water,8.348254690803474e-16,kg,,,,no_factor_in_ipcc_ar6_100
f308c394-340b-3abb-8c2b-2e829fb36f2b,"1,2,3,4,6,7,8-Heptachlorodibenzo-p-dioxin",Elementary flows/emission/air,4.8244583801999704e-17,kg,,,,no_factor_in_ipcc_ar6_100
4db0edca-0fd0-3b5a-bda1-13c586708b46,o-Dichlorobenzene,Elementary flows/emission/water,2.9121752143245454e-11,kg,,,,no_factor_in_ipcc_ar6_100
44448fb8-46c2-307e-96a1-3295d63a128f,Cyanoacetic acid,Elementary flows/emission/air,4.161826627306833e-17,kg,,,,no_factor_in_ipcc_ar6_100
5a31f813-7eb7-38f9-b9cf-32d9fcc73255,Chloramine,Elementary flows/emission/water,5.117592847153767e-14,kg,,,,no_factor_in_ipcc_ar6_100
92e83625-9370-38ce-8c6d-4fc4cc0bed00,Ethyl acetate,Elementary flows/emission/water,7.761415195832906e-15,kg,,,,no_factor_in_ipcc_ar6_100
01894008-2dcb-3311-a718-850bdc1ccbc7,Aniline,Elementary flows/emission/water,2.9403478920560447e-13,kg,,,,no_factor_in_ipcc_ar6_100
1cb3814f-067b-3f04-af78-4f6ad4c132b7,"1,3-Dichloropropene",Elementary flows/emission/air,3.3691570183155467e-09,kg,,,,no_factor_in_ipcc_ar6_100
0df50c9e-16ca-34b3-802b-ffc969edb8a6,Tebuconazole,Elementary flows/emission/air,2.4744626879958607e-12,kg,,,,no_factor_in_ipcc_ar6_100
86916afc-aa57-3de2-9e2e-3de751c0502d,Lanthanum-140,Elementary flows/emission/air,1.5970507690376417e-12,kBq,,,,no_factor_in_ipcc_ar6_100
4af31034-fae1-369e-8d09-16f92a65d7ae,"2,4-DB",Elementary flows/emission/water,1.0799605662196819e-12,kg,,,,no_factor_in_ipcc_ar6_100
a32372cc-f03b-3b8b-8915-1a1b2d722399,Potassium-40,Elementary flows/emission/water,2.253007834553588e-08,kBq,,,,no_factor_in_ipcc_ar6_100
608789fc-efb0-3b8a-b69f-d16d4464ba36,Silver(I),Elementary flows/emission/water,7.48596961017594e-14,kg,,,,no_factor_in_ipcc_ar6_100
8982c766-9799-34c0-bc09-7a88808fc68b,"Dibenz[a,j]acridine",Elementary flows/emission/air,2.3168738426630342e-14,kg,,,,no_factor_in_ipcc_ar6_100
48658981-64e7-39cc-b8d4-ba067b74d20d,Fomesafen,Elementary flows/emission/air,1.925077520925824e-15,kg,,,,no_factor_in_ipcc_ar6_100
a9c945a9-667f-3e98-bc54-697151cfcb03,Dipropylamine,Elementary flows/emission/air,4.94676813373825e-16,kg,,,,no_factor_in_ipcc_ar6_100
b6708257-558f-3302-bab7-ba2af0487c2a,Magnesium chloride,Elementary flows/emission/water,6.789540908802648e-10,kg,,,,no_factor_in_ipcc_ar6_100
74ec13f4-2492-3099-949c-26ec4e15f0e1,Pentachlorobenzene,Elementary flows/emission/air,1.625536614903882e-14,kg,,,,no_factor_in_ipcc_ar6_100
4ac8906b-2b86-3d7a-8873-c5dcbe6b5d2a,Acetonitrile,Elementary flows/emission/water,2.207425741325428e-11,kg,,,,no_factor_in_ipcc_ar6_100
ecf36b02-8387-34d8-a419-b15f1c823d9f,"3,3'-Dimethoxybenzidine",Elementary flows/emission/air,1.9884833706593883e-12,kg,,,,no_factor_in_ipcc_ar6_100
bc81e98d-653e-3c38-ab2c-df0aa7867f6c,Niobium-95,Elementary flows/emission/water,1.277303037588572e-10,kBq,,,,no_factor_in_ipcc_ar6_100
5b312e15-70b0-34f2-aca9-510316febf39,Metolachlor,Elementary flows/emission/water,3.672444849774858e-11,kg,,,,no_factor_in_ipcc_ar6_100
c992bbf2-2c77-3c76-bb44-d8e1f26c3a9b,"Dibenz[a,h]acridine",Elementary flows/emission/air,1.93435822875101e-15,kg,,,,no_factor_in_ipcc_ar6_100
17dac1fd-efcf-3118-bfa7-69313dbf8b3f,Barium-140,Elementary flows/emission/air,1.869294107129708e-11,kBq,,,,no_factor_in_ipcc_ar6_100
ffbf17ac-259f-3767-a03f-e0545b860282,Chlorine dioxide,Elementary flows/emission/air,2.3482578972240704e-09,kg,,,,no_factor_in_ipcc_ar6_100
ff4d5d7f-a981-3097-b23e-b62299671c99,Formamide,Elementary flows/emission/water,1.9435628490421906e-15,kg,,,,no_factor_in_ipcc_ar6_100
7346f0e9-44cb-3fb6-800d-c206e441b83c,Sodium-24,Elementary flows/emission/water,3.42868148939227e-10,kBq,,,,no_factor_in_ipcc_ar6_100
21e6927d-b6df-3d13-bd31-426760ab01a6,"2,3,4,6,7,8-Hexachlorodibenzofuran",Elementary flows/emission/water,1.7212254077903e-18,kg,,,,no_factor_in_ipcc_ar6_100
5555684e-3458-361c-9aa4-fb4efe80791d,Methyl tert-butyl ether,Elementary flows/emission/water,8.795204905146603e-13,kg,,,,no_factor_in_ipcc_ar6_100
80110573-503a-39cb-acd6-87fddbee3652,Potassium(I),Elementary flows/emission/water,1.2908599153632407e-10,kg,,,,no_factor_in_ipcc_ar6_100
5277f163-5df4-38e0-8bde-45a562794ba8,"1,2,3,6,7,8-Hexachlorodibenzo-p-dioxin",Elementary flows/emission/water,1.6150182382009071e-18,kg,,,,no_factor_in_ipcc_ar6_100
a6425a6c-8b40-3c24-ba85-6f644be1c2c1,Thifensulfuron,Elementary flows/emission/air,6.134978996876688e-13,kg,,,,no_factor_in_ipcc_ar6_100
5990e300-8fda-3199-8733-13072a047898,Chloroacetic acid,Elementary flows/emission/air,1.9953409270420763e-12,kg,,,,no_factor_in_ipcc_ar6_100
3711411e-bda8-3b2a-9317-b1ad17d2e12c,Methyl acetate,Elementary flows/emission/air,5.618233030869055e-18,kg,,,,no_factor_in_ipcc_ar6_100
37749376-d759-3afe-b5eb-ccc6b8ec1868,Hexachlorocyclopentadiene,Elementary flows/emission/air,1.0709108073316801e-08,kg,,,,no_factor_in_ipcc_ar6_100
366db8ca-5a41-354b-9847-179eb2759073,"1,2,3,4,6,7,8-Heptachlorodibenzofuran",Elementary flows/emission/air,1.7690938876892493e-16,kg,,,,no_factor_in_ipcc_ar6_100
234cfe50-973a-38d2-8466-143d512e78f0,Krypton-87,Elementary flows/emission/air,6.050642760600657e-08,kBq,,,,no_factor_in_ipcc_ar6_100
ae0dc249-97ae-3575-a2ea-99c3d2d312b0,"1,2,3,6,7,8-Hexachlorodibenzo-p-dioxin",Elementary flows/emission/air,1.581900594196751e-17,kg,,,,no_factor_in_ipcc_ar6_100
637025a8-66e5-3808-8cf5-f9a036fb4c91,Methyl lactate,Elementary flows/emission/air,1.9586779690334857e-08,kg,,,,no_factor_in_ipcc_ar6_100
806ce2b4-1a8c-3844-8372-dd0fa3797c21,Methyl tert-butyl ether,Elementary flows/emission/air,1.7436706020648136e-09,kg,,,,no_factor_in_ipcc_ar6_100
24cfa2d1-ba72-371f-9d3f-cc121bc063f1,Benzofluoranthene,Elementary flows/emission/air,1.1376477880969912e-11,kg,,,,no_factor_in_ipcc_ar6_100
0efdeaa0-9e41-33eb-8e58-a06418344693,N-Methyl-2-pyrrolidone,Elementary flows/emission/water,2.7053410295309065e-12,kg,,,,no_factor_in_ipcc_ar6_100
d6af65eb-a2ab-3d68-818d-10f0b168d2ac,Methyl acetate,Elementary flows/emission/water,1.3483235530771775e-17,kg,,,,no_factor_in_ipcc_ar6_100
f1b4ae26-6dda-3d7f-8364-6e8c0ed72c34,"Dibenz[a,h]anthracene",Elementary flows/emission/water,4.2693369961711946e-12,kg,,,,no_factor_in_ipcc_ar6_100
b06bf2c2-13b9-3ad2-ac49-b47635813bca,Urea,Elementary flows/emission/water,1.767467434643691e-15,kg,,,,no_factor_in_ipcc_ar6_100
1c6780c5-6d85-377a-a6c3-bad80ad32743,Antimony-122,Elementary flows/emission/water,2.992011829395639e-11,kBq,,,,no_factor_in_ipcc_ar6_100
2e1b0e71-eec1-3f93-bbd9-80a2f20615cf,m-Cresol,Elementary flows/emission/air,1.5230716588091383e-11,kg,,,,no_factor_in_ipcc_ar6_100
4e6eb42f-d04e-3e26-b651-e86a17605220,Polychlorinated biphenyls,Elementary flows/emission/water,9.35082226649569e-17,kg,,,,no_factor_in_ipcc_ar6_100
22d0bc7f-6d99-3c31-a31a-279c3febc8fa,Pyraclostrobin,Elementary flows/emission/air,1.9719120450154995e-12,kg,,,,no_factor_in_ipcc_ar6_100
a6acc103-65ab-33ea-a33e-0074b63708bd,Fluazifop-P-butyl,Elementary flows/emission/air,9.284966315981772e-13,kg,,,,no_factor_in_ipcc_ar6_100
4a90ef9a-bcb0-3e9d-80da-1a48dfd8ae6f,Hexachlorobutadiene,Elementary flows/emission/air,1.3219460000610475e-12,kg,,,,no_factor_in_ipcc_ar6_100
993c3a4f-36fd-3d2d-aa48-0e8ade199eaa,Heptachlor,Elementary flows/emission/water,1.484229813185001e-16,kg,,,,no_factor_in_ipcc_ar6_100
9c5f3999-7544-3f7b-b815-c65f26e8edfa,Nitrobenzene,Elementary flows/emission/water,1.6936206822719045e-14,kg,,,,no_factor_in_ipcc_ar6_100
efd64017-ff6e-3c09-945d-623965d648fc,Propylene oxide,Elementary flows/emission/water,1.7254381029933811e-12,kg,,,,no_factor_in_ipcc_ar6_100
ea0a3ada-c97c-3f2a-a88a-6553b146c818,Glycol ethers,Elementary flows/emission/air,3.6296946675653564e-10,kg,,,,no_factor_in_ipcc_ar6_100
76b9697a-54d4-3747-acb5-7618be47ca19,Cyclohexane,Elementary flows/emission/water,1.5946599811582104e-11,kg,,,,no_factor_in_ipcc_ar6_100
8dd24f8b-2f72-3972-9c30-f7ac92dd9f4c,Cobalt-57,Elementary flows/emission/water,2.952294143816633e-10,kBq,,,,no_factor_in_ipcc_ar6_100
22ba44bd-133a-3049-809b-3062f7ef507e,Methyl formate,Elementary flows/emission/water,1.7671238637889e-16,kg,,,,no_factor_in_ipcc_ar6_100
8cd61983-018e-388a-88f1-dd026900572a,Aniline,Elementary flows/emission/air,2.3802340669650054e-10,kg,,,,no_factor_in_ipcc_ar6_100
62f3e781-d884-3080-9344-dded2766ff3b,"3,3'-Dichlorobenzidine",Elementary flows/emission/air,5.729410441451296e-13,kg,,,,no_factor_in_ipcc_ar6_100
0824848a-9ae0-35e2-b2fd-ac0f46756a5d,Pendimethalin,Elementary flows/emission/air,4.100158642664077e-11,kg,,,,no_factor_in_ipcc_ar6_100
b0842d97-1616-37ba-a467-e01af950f6a0,Dipropylamine,Elementary flows/emission/water,1.1873574256865087e-15,kg,,,,no_factor_in_ipcc_ar6_100
0ab9b136-af56-38b7-96cc-52af12a4c71d,Propylamine,Elementary flows/emission/air,2.600484344027709e-16,kg,,,,no_factor_in_ipcc_ar6_100
15248baa-1473-3722-b139-aca105a98986,Sodium chlorate,Elementary flows/emission/air,3.855415850451968e-12,kg,,,,no_factor_in_ipcc_ar6_100
f04bdc59-0f29-3c7f-956c-53b0003b37e7,Isoprene,Elementary flows/emission/water,4.0572806546827e-08,kg,,,,no_factor_in_ipcc_ar6_100
4aa04488-3e7a-359c-8470-5d463370b781,Fluosilicic acid,Elementary flows/emission/air,1.4182509515817625e-11,kg,,,,no_factor_in_ipcc_ar6_100
60157536-0556-3314-b399-5d60f7c956a6,Rubidium,Elementary flows/emission/water,7.822160598949282e-12,kg,,,,no_factor_in_ipcc_ar6_100
1a2c0ee2-520a-3971-a68e-81982d8236fc,Ethylene oxide,Elementary flows/emission/water,1.1272480563857573e-12,kg,,,,no_factor_in_ipcc_ar6_100
b77e039d-4f93-3415-9376-28e8a1ee860b,Vanadium(III),Elementary flows/emission/water,3.6393783192692643e-10,kg,,,,no_factor_in_ipcc_ar6_100
d6a4944b-7708-30a9-ad0f-6aff425f9988,Permethrin,Elementary flows/emission/air,5.357136297581693e-13,kg,,,,no_factor_in_ipcc_ar6_100
b951e864-6e71-3edd-a41c-e41faa031f51,Sodium,Elementary flows/emission/air,1.2731461170650937e-09,kg,,,,no_factor_in_ipcc_ar6_100
4455910b-affc-3fe1-a3bb-4e823b5b5794,p-Cresol,Elementary flows/emission/water,9.644381451681662e-12,kg,,,,no_factor_in_ipcc_ar6_100
8d2c14d8-e9fa-38d6-8391-22837ddd7b07,Potassium,Elementary flows/emission/air,1.946269440735634e-09,kg,,,,no_factor_in_ipcc_ar6_100
39727b0d-b913-32e8-b94a-eb1a6e1d03a8,Clethodim,Elementary flows/emission/air,2.8599232799546976e-12,kg,,,,no_factor_in_ipcc_ar6_100
67b24945-1df3-3ee4-b813-0993334c0d4a,Krypton-88,Elementary flows/emission/air,7.971547603004986e-08,kBq,,,,no_factor_in_ipcc_ar6_100
f0c2682e-2a68-33f1-80bb-005ee7844eb0,"Suspended solids, inorganic",Elementary flows/emission/water,0.0011217269440351855,kg,,,,no_factor_in_ipcc_ar6_100
7db2bbbe-840e-371b-9abb-f9558ea53e7d,Carbaryl,Elementary flows/emission/water,3.478663384834909e-13,kg,,,,no_factor_in_ipcc_ar6_100
708036e7-b08e-3511-8eab-fc8d0a27b2dc,"1,4-Butanediol",Elementary flows/emission/water,2.8466133845014776e-14,kg,,,,no_factor_in_ipcc_ar6_100
f56262e3-6287-38ed-8e75-291bb549b36e,Pyraclostrobin,Elementary flows/emission/water,3.581648479956887e-12,kg,,,,no_factor_in_ipcc_ar6_100
876830e4-c51d-36ae-9ff1-1f0c2e9101e9,Propylene,Elementary flows/emission/water,4.600832723009128e-10,kg,,,,no_factor_in_ipcc_ar6_100
8ca8b397-349c-34f0-9230-1fc8c05b9eea,Phosphorus trichloride,Elementary flows/emission/air,2.504803871408225e-16,kg,,,,no_factor_in_ipcc_ar6_100
1db2a042-5522-37e7-8fa4-c66fa273daf8,Diflubenzuron,Elementary flows/emission/air,3.673026896845613e-13,kg,,,,no_factor_in_ipcc_ar6_100
2b2c0f42-d119-3c69-ae89-b37b53102eee,Chlorosulfonic acid,Elementary flows/emission/water,1.2671831836973174e-16,kg,,,,no_factor_in_ipcc_ar6_100
4bcfae90-6a41-3fed-97a1-919f9e4cedf0,"1,2,3,7,8-Pentachlorodibenzofuran",Elementary flows/emission/air,4.5368305611611325e-17,kg,,,,no_factor_in_ipcc_ar6_100
43f007e6-2e2c-332d-b6f0-0b277e70895b,Lactic acid,Elementary flows/emission/water,9.30006714049324e-16,kg,,,,no_factor_in_ipcc_ar6_100
44166ea1-61a5-39fa-8bde-3e5097f294d0,Hypochlorite,Elementary flows/emission/water,1.218210910694558e-10,kg,,,,no_factor_in_ipcc_ar6_100
d5651682-f916-3d16-a541-0a93e632d10d,Imazethapyr,Elementary flows/emission/air,1.1015650764574427e-12,kg,,,,no_factor_in_ipcc_ar6_100
73e0e0cf-e80d-32ba-8771-fceae786bd49,2-Nitropropane,Elementary flows/emission/air,1.0823401496662701e-11,kg,,,,no_factor_in_ipcc_ar6_100
25045a33-212b-3680-877b-add3bee5fd74,"3,3'-Dimethylbenzidine",Elementary flows/emission/air,1.4020844574608023e-12,kg,,,,no_factor_in_ipcc_ar6_100
a8e97a9b-b6f1-348a-b118-c546f7cf6f4e,Acetamide,Elementary flows/emission/air,9.111117347827445e-14,kg,,,,no_factor_in_ipcc_ar6_100
90f1b922-1629-368b-a10b-f942f06f26b3,"2,3,4,7,8-Pentachlorodibenzofuran",Elementary flows/emission/air,5.503945573295212e-17,kg,,,,no_factor_in_ipcc_ar6_100
fa2b83c9-32ec-3ec6-ac0d-8a3ea5033452,Chloramine,Elementary flows/emission/air,5.735012955904324e-15,kg,,,,no_factor_in_ipcc_ar6_100
7cdfc5c4-725d-37ba-8a2d-4b1159310d8c,Carbaryl,Elementary flows/emission/air,6.660149480562107e-13,kg,,,,no_factor_in_ipcc_ar6_100
439d0e45-a957-3c14-91a2-078a3a944b28,m-Dinitrobenzene,Elementary flows/emission/air,6.515411752939668e-14,kg,,,,no_factor_in_ipcc_ar6_100
5b1ea5c2-bc10-35bc-a7ab-5d9b51796ddf,Chlorodibromomethane,Elementary flows/emission/water,5.467270167864243e-14,kg,,,,no_factor_in_ipcc_ar6_100
137589d9-3850-33c8-808b-1d7ad1411a27,MCPB,Elementary flows/emission/water,7.205623342633577e-16,kg,,,,no_factor_in_ipcc_ar6_100
db9e61f3-cd0c-327c-870a-fb0820789c59,Hydrogen peroxide,Elementary flows/emission/air,1.0654009040000342e-13,kg,,,,no_factor_in_ipcc_ar6_100
40d12c27-b777-3c58-9492-094c352bfd99,Organic compounds,Elementary flows/emission/water,2.1149148832695858e-06,kg,,,,no_factor_in_ipcc_ar6_100
286cf043-0825-3e42-9c1b-267408824b2d,"2,4-D",Elementary flows/emission/air,2.6680657130019524e-13,kg,,,,no_factor_in_ipcc_ar6_100
b657231d-e92d-3251-b228-c1d31237eacb,Boron trifluoride,Elementary flows/emission/air,1.689983203314657e-18,kg,,,,no_factor_in_ipcc_ar6_100
f33bb615-c753-37be-9504-8f1a370b506f,Krypton-85m,Elementary flows/emission/air,3.2011205098541004e-05,kBq,,,,no_factor_in_ipcc_ar6_100
159f55db-a054-3dec-99be-023f3ec1a4af,"1,2,3,4,7,8-Hexachlorodibenzofuran",Elementary flows/emission/air,6.118235673907064e-17,kg,,,,no_factor_in_ipcc_ar6_100
7e22d19d-d2af-34eb-b534-6f7b183ff10b,Cyfluthrin,Elementary flows/emission/air,4.554409249297758e-13,kg,,,,no_factor_in_ipcc_ar6_100
f00a7a9b-0043-3802-8fb8-3c2643ab04da,Di-n-octyl phthalate,Elementary flows/emission/water,3.361567042061739e-13,kg,,,,no_factor_in_ipcc_ar6_100
6beff009-14f8-38c9-8b64-1757237156e8,1-Methoxy-2-propyl acetate,Elementary flows/emission/air,6.088077786677736e-11,kg,,,,no_factor_in_ipcc_ar6_100
2f2c2507-df7f-3219-a3cb-c5dcfac7cba4,Zinc-65,Elementary flows/emission/water,8.387556525243153e-09,kBq,,,,no_factor_in_ipcc_ar6_100
d9eb255e-8321-3926-baec-8a053ce46319,Imazamox,Elementary flows/emission/air,2.2841621676966796e-13,kg,,,,no_factor_in_ipcc_ar6_100
d83e2d8e-93e4-37c2-be41-b7b7d9f93a11,Fluorene,Elementary flows/emission/water,2.546680255835428e-12,kg,,,,no_factor_in_ipcc_ar6_100
11034244-ca6f-360b-a575-a568c5c90051,Methyl acrylate,Elementary flows/emission/water,2.051297382620296e-12,kg,,,,no_factor_in_ipcc_ar6_100
618fb26c-226e-3b59-8918-324468903c24,Benzal chloride,Elementary flows/emission/air,2.1813512997735546e-14,kg,,,,no_factor_in_ipcc_ar6_100
3091fdc1-2974-3287-918d-cdbc74bcbfdb,Thorium-228,Elementary flows/emission/air,6.1527979624899705e-09,kBq,,,,no_factor_in_ipcc_ar6_100
6935c5c7-f4a3-3ae6-b120-4f45bb1c984b,Sodium hypochlorite,Elementary flows/emission/water,1.3255150521767612e-06,kg,,,,no_factor_in_ipcc_ar6_100
80d388f1-dbd5-3577-bdc8-ee529c8bb7f3,Ethyl cellulose,Elementary flows/emission/air,1.057865109939022e-13,kg,,,,no_factor_in_ipcc_ar6_100
6204c0d6-a5e3-36a8-9861-9e3acb235ff8,Carbonyl sulfide,Elementary flows/emission/water,5.264527160905103e-13,kg,,,,no_factor_in_ipcc_ar6_100
54da85cc-c16e-30eb-a8c8-ff86a1b6b33d,Ethylamine,Elementary flows/emission/air,9.555578099052561e-16,kg,,,,no_factor_in_ipcc_ar6_100
f4f411c6-28f9-3b16-84a5-71b25a2b1548,o-Dinitrobenzene,Elementary flows/emission/air,8.474721306265878e-15,kg,,,,no_factor_in_ipcc_ar6_100
2a4dcd35-6228-3bc1-8ff2-708ec6529cb0,Acifluorfen,Elementary flows/emission/air,1.0684339305299509e-16,kg,,,,no_factor_in_ipcc_ar6_100
5d90b6df-cc4c-3804-9bcc-82a9a0cf66b7,Strontium-89,Elementary flows/emission/water,3.7703926796554466e-10,kBq,,,,no_factor_in_ipcc_ar6_100
f0cb6b55-88b4-351c-86e8-94d1890db684,"1,2,3,4,6,7,8,9-Octachlorodibenzo-p-dioxin",Elementary flows/emission/water,1.2102091443172902e-18,kg,,,,no_factor_in_ipcc_ar6_100
f6b57578-340d-3e52-b6af-3c663b091fff,"Phenol, 2-methoxy-4-methyl-",Elementary flows/emission/water,1.8598415026243928e-12,kg,,,,no_factor_in_ipcc_ar6_100
c9d0ded3-ce93-3662-ac70-c2915a6f573a,Propylamine,Elementary flows/emission/water,6.240739583173564e-16,kg,,,,no_factor_in_ipcc_ar6_100
aadb3b89-fede-31ad-86c1-434cd4ce5d85,Dimethylamine,Elementary flows/emission/water,3.5571101130102784e-12,kg,,,,no_factor_in_ipcc_ar6_100
00be59d0-ecd7-35ff-86e6-9bd2a790f0c6,Calcium(II),Elementary flows/emission/water,6.327192676874487e-07,kg,,,,no_factor_in_ipcc_ar6_100
1f5ba2fe-b60f-3dc1-a90d-8793834e77d3,2-Methyl-2-butene,Elementary flows/emission/water,5.36805865943259e-18,kg,,,,no_factor_in_ipcc_ar6_100
c4878bb2-5a22-3355-aafb-ea6302c32c2f,Chlorpyrifos,Elementary flows/emission/air,1.656461494948719e-11,kg,,,,no_factor_in_ipcc_ar6_100
f995b27d-3062-3c33-9170-d4e0a396375d,Dibenzofuran,Elementary flows/emission/air,1.4739832997542024e-09,kg,,,,no_factor_in_ipcc_ar6_100
cd0e6ccf-b6af-3faa-aeea-43b548b85479,"2,3,7,8-Tetrachlorodibenzofuran",Elementary flows/emission/air,3.903595367903279e-17,kg,,,,no_factor_in_ipcc_ar6_100
c8105d36-b64a-3b20-92bb-0208703c96a4,Acetonitrile,Elementary flows/emission/air,3.618420427493874e-08,kg,,,,no_factor_in_ipcc_ar6_100
0cc4933c-23bb-3237-9077-c0db2e5aba21,Calcium,Elementary flows/emission/air,2.721886052588625e-08,kg,,,,no_factor_in_ipcc_ar6_100
3e75730b-5d6d-3dc1-8911-c7fdfe0e5190,"1,2-Dichloropropane",Elementary flows/emission/air,1.2465344497288053e-09,kg,,,,no_factor_in_ipcc_ar6_100
4d774f37-eb69-3045-80c4-6b3f57c6fddd,1-Butanol,Elementary flows/emission/air,4.175738683645913e-09,kg,,,,no_factor_in_ipcc_ar6_100
871dc48b-a85c-33ff-98e2-cce2dbd63753,"1,2,3,6,7,8-Hexachlorodibenzofuran",Elementary flows/emission/air,6.439671495162597e-17,kg,,,,no_factor_in_ipcc_ar6_100
b7e3bbe6-99aa-32fc-b0a4-7d38e754b55d,Azoxystrobin,Elementary flows/emission/air,1.8872453701706132e-12,kg,,,,no_factor_in_ipcc_ar6_100
eb5de0d6-2918-3121-8f27-2915ca889244,Propiconazole,Elementary flows/emission/air,6.1596620236498805e-12,kg,,,,no_factor_in_ipcc_ar6_100
836389fe-9540-3191-a591-9070da651830,Dimethyl malonate,Elementary flows/emission/air,5.219124519252409e-17,kg,,,,no_factor_in_ipcc_ar6_100
ec37fd47-c8ef-3bdb-9771-9be1b15d6e95,Sodium hydroxide,Elementary flows/emission/air,2.9237778925474437e-13,kg,,,,no_factor_in_ipcc_ar6_100
f8348707-b585-36c3-bce1-dd8d43710a95,Hexachloroethane,Elementary flows/emission/air,1.1894406309216657e-08,kg,,,,no_factor_in_ipcc_ar6_100
6b9f80f5-e697-3f89-8914-e6fe87a6169c,Epichlorohydrin,Elementary flows/emission/water,8.327991460042965e-10,kg,,,,no_factor_in_ipcc_ar6_100
8953292b-0a83-3266-a567-295f716600df,"1,2,3,7,8-Pentachlorodibenzo-p-dioxin",Elementary flows/emission/water,1.2615136644386367e-18,kg,,,,no_factor_in_ipcc_ar6_100
c2adf7ce-f74f-3a6e-9792-a3b77b57881f,Sulfentrazone,Elementary flows/emission/air,2.318457436593032e-12,kg,,,,no_factor_in_ipcc_ar6_100
9b1dbd4c-c3b1-3afa-8d52-e80887ef5de7,Scandium,Elementary flows/emission/water,1.9024732450434013e-08,kg,,,,no_factor_in_ipcc_ar6_100
37ea99ef-1be1-38e3-b5f4-8bbe233b6843,"1,2,4-Trimethylbenzene",Elementary flows/emission/air,1.8930497839860313e-08,kg,,,,no_factor_in_ipcc_ar6_100
8fbb75b3-be18-3663-b7b8-29d1dd1f3611,Molybdenum-99,Elementary flows/emission/water,1.7977050894448926e-11,kBq,,,,no_factor_in_ipcc_ar6_100
af90d70a-da8a-3819-b259-f554b66c4b83,Niobium-95,Elementary flows/emission/air,1.0224659893352038e-07,kBq,,,,no_factor_in_ipcc_ar6_100
47947db3-5145-38c4-b808-f4dca1fe6768,Tefluthrin,Elementary flows/emission/air,7.547775037967392e-13,kg,,,,no_factor_in_ipcc_ar6_100
27daca79-4dc8-34e9-9355-3036ae9c2f55,Ruthenium-103,Elementary flows/emission/air,3.8772521420890505e-15,kBq,,,,no_factor_in_ipcc_ar6_100
095a415d-124e-3060-93cc-94715d682795,Acrylic acid,Elementary flows/emission/air,8.977720683970086e-11,kg,,,,no_factor_in_ipcc_ar6_100
00295889-fd77-3ff3-9c53-f372046c16e4,Lactic acid,Elementary flows/emission/air,3.8755812731044316e-16,kg,,,,no_factor_in_ipcc_ar6_100
bb9080ab-9e80-315a-a156-9323d1960ea1,Sodium dichromate,Elementary flows/emission/air,6.4544319370757895e-15,kg,,,,no_factor_in_ipcc_ar6_100
18a7a604-f489-3ae1-8cec-ce172a17f5b2,"Dibenzo[a,l]pyrene",Elementary flows/emission/air,5.298127035365319e-15,kg,,,,no_factor_in_ipcc_ar6_100
43f7933e-e19d-3164-9308-f726abea9cdd,Imazaquin,Elementary flows/emission/air,1.0854884198680709e-13,kg,,,,no_factor_in_ipcc_ar6_100
9c75fe3f-354c-33b4-b5d4-b88198daa2d1,Epichlorohydrin,Elementary flows/emission/air,2.2517010406858567e-10,kg,,,,no_factor_in_ipcc_ar6_100
7da836fc-1250-3c81-8061-4ae278a39c3b,Glycidol,Elementary flows/emission/air,1.208903397797035e-11,kg,,,,no_factor_in_ipcc_ar6_100
9a83243b-f03b-3af8-85ef-8c2491a40ed2,"1,2,3,4,6,7,8-Heptachlorodibenzofuran",Elementary flows/emission/water,1.3206699464568159e-17,kg,,,,no_factor_in_ipcc_ar6_100
1d2e1373-7ad1-314d-9b3c-42791c011378,Silicon,Elementary flows/emission/air,2.9704848108055157e-08,kg,,,,no_factor_in_ipcc_ar6_100
94fa15b7-6d89-34d9-a473-c9cfcf457c7d,Isocyanic acid,Elementary flows/emission/air,1.0410075273365367e-11,kg,,,,no_factor_in_ipcc_ar6_100
5f75a7a8-003b-30a7-8f41-f83791efd349,Benzo[ghi]perylene,Elementary flows/emission/water,4.6972796041072915e-12,kg,,,,no_factor_in_ipcc_ar6_100
32149700-69a1-393f-9ab7-f2724936c22c,Antimony-125,Elementary flows/emission/air,7.744753421447089e-13,kBq,,,,no_factor_in_ipcc_ar6_100
078b87e6-61a6-3425-aac0-80655554f574,.lambda.-Cyhalothrin,Elementary flows/emission/water,6.938706752427628e-13,kg,,,,no_factor_in_ipcc_ar6_100
af9a1ea0-92aa-3f85-8563-5c21c65b1252,Methylene chloride,Elementary flows/emission/water,1.7596993497649e-11,kg,,,,no_factor_in_ipcc_ar6_100
93c46787-fe26-3ebd-84b1-25ae486ef58d,"1,1,2,2-Tetrachloroethane",Elementary flows/emission/air,6.099607553366405e-09,kg,,,,no_factor_in_ipcc_ar6_100
66fa486a-a469-3111-81ea-02f3ee6477ba,"1,2,3,7,8-Pentachlorodibenzo-p-dioxin",Elementary flows/emission/air,1.0343691834954431e-17,kg,,,,no_factor_in_ipcc_ar6_100
136c89cc-8f16-3096-a60b-d4d27b8eb1f0,Propiconazole,Elementary flows/emission/water,4.121634856014643e-12,kg,,,,no_factor_in_ipcc_ar6_100
36a55caf-a4c5-3e90-9e76-b6757a56cb2a,Bis(2-chloroethyl) ether,Elementary flows/emission/air,3.8710548566137745e-10,kg,,,,no_factor_in_ipcc_ar6_100
1067de4a-5dbf-31f3-b9bf-62b7a15084a5,Radon-220,Elementary flows/emission/air,8.885039448911796e-07,kBq,,,,no_factor_in_ipcc_ar6_100
639a3dd8-ebfc-36e2-9b5e-c846509fe259,Ethanol,Elementary flows/emission/water,1.0060577719185594e-11,kg,,,,no_factor_in_ipcc_ar6_100
eeac4350-6350-3dac-9532-e672dceeed1a,Dichromate,Elementary flows/emission/water,4.093367329242934e-13,kg,,,,no_factor_in_ipcc_ar6_100
3efad51e-9c16-38ed-ac61-1c75af400df4,"1,2,3,7,8,9-Hexachlorodibenzofuran",Elementary flows/emission/air,3.826230564468677e-17,kg,,,,no_factor_in_ipcc_ar6_100
362bf489-6818-38e9-94e5-e2bec93b7f06,Sodium chlorate,Elementary flows/emission/water,1.7443294203031501e-12,kg,,,,no_factor_in_ipcc_ar6_100
8e880bf8-6567-3247-afb3-52a7b6c8ab5a,p-Xylene,Elementary flows/emission/water,5.084061184388072e-12,kg,,,,no_factor_in_ipcc_ar6_100
199df626-4e21-329c-9baf-f8d232c34138,Cloransulam-methyl,Elementary flows/emission/air,3.912818433645472e-13,kg,,,,no_factor_in_ipcc_ar6_100
83757395-5d06-36c2-bcee-736091c2802f,Trifloxystrobin,Elementary flows/emission/air,1.1900147796107674e-12,kg,,,,no_factor_in_ipcc_ar6_100
e0d00d88-a941-35d2-89e8-6fa28198f906,Quinoline,Elementary flows/emission/air,4.270336980236398e-12,kg,,,,no_factor_in_ipcc_ar6_100
3438b4ae-d914-3ac3-8eda-7285d9d911a7,Carfentrazone-ethyl,Elementary flows/emission/air,2.6117699499779103e-13,kg,,,,no_factor_in_ipcc_ar6_100
cf3bb453-f796-3289-8c98-2080339e33fb,Chloroacetic acid,Elementary flows/emission/water,1.8353867788945788e-13,kg,,,,no_factor_in_ipcc_ar6_100
10488971-d36d-3c4a-a732-0e0e89ee2fc5,Ozone,Elementary flows/emission/air,1.4939378467866498e-07,kg,,,,no_factor_in_ipcc_ar6_100
03e6b10d-8ea2-3188-9ee4-96c096ef24cc,Trimethylamine,Elementary flows/emission/water,2.828186420853865e-17,kg,,,,no_factor_in_ipcc_ar6_100
ec977385-3d78-35ed-9bcb-19c5bdfbb005,tert-Butanol,Elementary flows/emission/air,9.778845270368508e-11,kg,,,,no_factor_in_ipcc_ar6_100
0adc7aaa-00dd-3ecd-a8db-4ce173a20591,"1,2,3,4,7,8,9-Heptachlorodibenzofuran",Elementary flows/emission/air,4.1515584255329296e-17,kg,,,,no_factor_in_ipcc_ar6_100
11fa4eb6-65d6-3955-9f6c-62efaaac439f,Lithium,Elementary flows/emission/air,6.430475365426564e-17,kg,,,,no_factor_in_ipcc_ar6_100
fc38a885-0f10-3929-89eb-a423e01713a0,1-Pentanol,Elementary flows/emission/water,1.0626375670006955e-15,kg,,,,no_factor_in_ipcc_ar6_100
ebc24f2b-e653-3fc7-be59-82175940b17b,Cumene,Elementary flows/emission/water,1.3778626386495306e-10,kg,,,,no_factor_in_ipcc_ar6_100
70fedc48-3895-3b66-9a00-e2e5958d51b8,Benzo[e]pyrene,Elementary flows/emission/air,3.671242269587214e-13,kg,,,,no_factor_in_ipcc_ar6_100
0120048c-fb5b-3085-91d1-309377c4f100,tert-Butanol,Elementary flows/emission/water,9.73546339132096e-13,kg,,,,no_factor_in_ipcc_ar6_100
17d539d6-3d8e-34b0-a111-4d32dab82aa7,"1,2,3,4,6,7,8,9-Octachlorodibenzofuran",Elementary flows/emission/water,1.0935407379225304e-18,kg,,,,no_factor_in_ipcc_ar6_100
adeb9d08-cd31-359c-b898-02296486ac99,Curium-242,Elementary flows/emission/water,8.412570298426008e-07,kBq,,,,no_factor_in_ipcc_ar6_100
87395c93-9f01-30d7-820d-3c5545ea3f95,p-Dinitrobenzene,Elementary flows/emission/air,2.915566082572883e-15,kg,,,,no_factor_in_ipcc_ar6_100
b03d0687-9a22-3454-89e4-1922be77118a,Ruthenium-103,Elementary flows/emission/water,9.700936377645515e-12,kBq,,,,no_factor_in_ipcc_ar6_100
c7a16664-fe01-38d9-be34-167e846c339c,2-Aminopropanol,Elementary flows/emission/water,3.1221863718373866e-17,kg,,,,no_factor_in_ipcc_ar6_100
e331fd88-b4d5-3dc9-ab5c-843289f9eb0c,Isopropylamine,Elementary flows/emission/water,4.921798570203524e-16,kg,,,,no_factor_in_ipcc_ar6_100
a3d33ea6-76e3-37fc-b15e-1120f4128b10,Dibenzofuran,Elementary flows/emission/water,2.317580612520171e-14,kg,,,,no_factor_in_ipcc_ar6_100
b4c7a4cc-e913-383e-8fa2-f5966d1f0a5f,Terpenes,Elementary flows/emission/air,1.7726045865222691e-13,kg,,,,no_factor_in_ipcc_ar6_100
874d8ad5-f653-34f4-b066-c03665b2b5dc,2-Butanol,Elementary flows/emission/air,5.002326374315401e-10,kg,,,,no_factor_in_ipcc_ar6_100
fde1a2b2-c1f9-37de-88da-153689a9f16b,Methyl formate,Elementary flows/emission/air,4.426393652512839e-16,kg,,,,no_factor_in_ipcc_ar6_100
97579b43-89d0-3857-9911-d6dd6d28b024,N-Methyl-2-pyrrolidone,Elementary flows/emission/air,5.848744424424389e-10,kg,,,,no_factor_in_ipcc_ar6_100
2d69966e-a7e6-3641-b409-a64b72e5816b,Alachlor,Elementary flows/emission/air,3.192862515195704e-12,kg,,,,no_factor_in_ipcc_ar6_100
30a189e8-c3c0-3560-9e7c-4fd3c1b98d34,Nitrobenzene,Elementary flows/emission/air,1.4198146690790846e-11,kg,,,,no_factor_in_ipcc_ar6_100
dba08d49-f7e0-3dc0-b270-769f70847da3,Benzidine,Elementary flows/emission/air,1.3486724602780961e-09,kg,,,,no_factor_in_ipcc_ar6_100
f4d33a6b-347e-3057-89b1-a7b8ecf1030e,Dichlorobromomethane,Elementary flows/emission/water,7.443691595394608e-14,kg,,,,no_factor_in_ipcc_ar6_100
4172c92a-aad5-3abf-88ae-c139568c80b1,Cerium-144,Elementary flows/emission/water,1.5952982438639257e-11,kBq,,,,no_factor_in_ipcc_ar6_100
e9e20c7e-1d98-346f-ac9f-465f28f620c4,"7H-Dibenzo[c,g]carbazole",Elementary flows/emission/air,5.2578319985260506e-15,kg,,,,no_factor_in_ipcc_ar6_100
b95b7297-e142-3808-88da-59e4a200f9fa,2-Methyl-2-butene,Elementary flows/emission/air,2.2364475884582873e-18,kg,,,,no_factor_in_ipcc_ar6_100
b8f1ba6c-5398-333e-829c-cde625169567,Methanesulfonic acid,Elementary flows/emission/air,4.2051040984415e-17,kg,,,,no_factor_in_ipcc_ar6_100
8a3a6e56-ac9e-38dd-9803-08ab4d108eb3,Metribuzin,Elementary flows/emission/air,2.5376398725156676e-12,kg,,,,no_factor_in_ipcc_ar6_100
9f9ccf8f-0135-34ae-8c01-4e41813a9311,Formic acid,Elementary flows/emission/air,1.1085189526259659e-10,kg,,,,no_factor_in_ipcc_ar6_100
3f8a34ba-763d-3596-84fc-736361389987,Acetaldehyde,Elementary flows/emission/water,4.602461460652937e-10,kg,,,,no_factor_in_ipcc_ar6_100
757e89b9-b576-375b-8428-37e272788caf,Polonium-210,Elementary flows/emission/water,4.9910890213234987e-08,kBq,,,,no_factor_in_ipcc_ar6_100
506ae452-128f-3fe8-81d7-368297149b2c,Sodium sulfate,Elementary flows/emission/water,9.134958507317229e-07,kg,,,,no_factor_in_ipcc_ar6_100
2720872f-5354-349c-b2bb-3ef19cc88733,Benzo[j]fluoranthene,Elementary flows/emission/air,6.390840990365585e-15,kg,,,,no_factor_in_ipcc_ar6_100
9de688f4-2302-3557-b50c-0f1d304977f4,Antimony,Elementary flows/emission/air,2.2507319636119348e-08,kg,,,,no_factor_in_ipcc_ar6_100
8b67e596-b3af-30d7-84d5-c710373ed376,Formic acid,Elementary flows/emission/water,5.8150563106086245e-09,kg,,,,no_factor_in_ipcc_ar6_100
949be795-cf00-3338-acea-9a0f0a3f087a,Hexachlorobenzene,Elementary flows/emission/water,1.5537417153365e-14,kg,,,,no_factor_in_ipcc_ar6_100
41c9192a-e4eb-3349-b149-2bfea1c1c9c9,Thiodicarb,Elementary flows/emission/air,7.05794220654204e-14,kg,,,,no_factor_in_ipcc_ar6_100
f997e556-a1dc-3dc0-befe-aa5e1a5b6ea4,Radium-228,Elementary flows/emission/air,1.734769423229758e-08,kBq,,,,no_factor_in_ipcc_ar6_100
121216dc-6766-3843-9494-ed1dbdc9fae5,o-Toluidine,Elementary flows/emission/air,2.0539783257286196e-12,kg,,,,no_factor_in_ipcc_ar6_100
3624b1d9-226d-395e-8929-487e37bea1e6,Quizalofop-ethyl,Elementary flows/emission/air,3.6580845439483645e-17,kg,,,,no_factor_in_ipcc_ar6_100
6858ba26-dfce-311d-9b2d-c9ed4a43205f,Iodine-133,Elementary flows/emission/water,3.918070102459714e-11,kBq,,,,no_factor_in_ipcc_ar6_100
963bd6aa-0750-38c1-83c8-0cfa4691540f,Chlorosulfonic acid,Elementary flows/emission/air,5.514933201740665e-17,kg,,,,no_factor_in_ipcc_ar6_100
167f0698-d20f-3961-bd1d-6dbcfd718ebd,Anthranilic acid,Elementary flows/emission/air,1.8879931483588683e-17,kg,,,,no_factor_in_ipcc_ar6_100
b9052fbb-f799-3122-8335-9f6b05653c1d,Propionic acid,Elementary flows/emission/water,5.002779516589809e-16,kg,,,,no_factor_in_ipcc_ar6_100
a0df9853-65b8-350d-a719-dc21114176ee,"1,2,3,4,7,8-Hexachlorodibenzo-p-dioxin",Elementary flows/emission/air,1.058851123462171e-17,kg,,,,no_factor_in_ipcc_ar6_100
b9555b6c-5c27-39fd-8b67-7a98fef1e3eb,Zirconium-95,Elementary flows/emission/water,4.173986404854463e-08,kBq,,,,no_factor_in_ipcc_ar6_100
608aefb6-d6f1-3b69-8ff1-1af422e15528,"2,4-DB",Elementary flows/emission/air,2.0542939182320425e-12,kg,,,,no_factor_in_ipcc_ar6_100
a58df7ff-b222-34c4-8fc0-2dddf59c933d,Copper(I),Elementary flows/emission/water,5.720954157785274e-07,kg,,,,no_factor_in_ipcc_ar6_100
f29d3b24-217c-3393-b1b1-74c48936b8a5,Chlorimuron-ethyl,Elementary flows/emission/air,8.827184452289303e-13,kg,,,,no_factor_in_ipcc_ar6_100
aa1aac60-dfbe-32b9-9203-81a6c58a340b,"2,4-Dinitrophenol",Elementary flows/emission/air,6.221412782113692e-12,kg,,,,no_factor_in_ipcc_ar6_100
1e901b67-8c37-3491-88bd-a609d5a34702,Flumioxazin,Elementary flows/emission/air,4.161038452388976e-12,kg,,,,no_factor_in_ipcc_ar6_100
d473092b-fc24-3393-99c1-0ee02f271426,Xenon-133m,Elementary flows/emission/air,3.1143692382781654e-06,kBq,,,,no_factor_in_ipcc_ar6_100
2b548673-879c-3885-afe9-2439ce6a47f1,"1,2,4-Trichlorobenzene",Elementary flows/emission/air,9.680697164951567e-09,kg,,,,no_factor_in_ipcc_ar6_100
88124286-872c-348c-be30-04e8d8302752,Tellurium-123m,Elementary flows/emission/water,6.593673060900098e-11,kBq,,,,no_factor_in_ipcc_ar6_100
3321530d-cdb5-34f0-ba60-1419076433a8,"1,2,3,7,8,9-Hexachlorodibenzo-p-dioxin",Elementary flows/emission/water,1.51338245364315e-18,kg,,,,no_factor_in_ipcc_ar6_100
0d5a331c-86d4-37e3-bcb5-68e1f6c5cc2e,Barium-140,Elementary flows/emission/water,4.861455622120268e-11,kBq,,,,no_factor_in_ipcc_ar6_100
1a95c65e-4b0b-308f-a664-3178db121bbb,Esfenvalerate,Elementary flows/emission/air,1.4377159523462248e-13,kg,,,,no_factor_in_ipcc_ar6_100
07ba9a74-dccc-3f2b-8217-c7439eb41088,"1,2,3,4,6,7,8,9-Octachlorodibenzo-p-dioxin",Elementary flows/emission/air,7.095816981503547e-17,kg,,,,no_factor_in_ipcc_ar6_100
3efa00a1-4040-3d72-b65d-ca61cfbeb146,Metolachlor,Elementary flows/emission/air,3.518559811417069e-10,kg,,,,no_factor_in_ipcc_ar6_100
669c46b1-da72-34b2-ab52-38fdfc844989,Trifloxystrobin,Elementary flows/emission/water,6.285421010277738e-13,kg,,,,no_factor_in_ipcc_ar6_100
a00b57d8-e437-3170-a6fd-d72351fa8405,Iron(II),Elementary flows/emission/water,0.00014584114468858608,kg,,,,no_factor_in_ipcc_ar6_100
8b62aa62-618a-3242-9e67-279d64f0aea2,"2,4-Dichlorophenol",Elementary flows/emission/air,5.59148951869925e-13,kg,,,,no_factor_in_ipcc_ar6_100
97b592e9-1214-3b29-80e9-904c963da937,Pyrene,Elementary flows/emission/water,5.864909762693599e-13,kg,,,,no_factor_in_ipcc_ar6_100
14e72c98-7d68-323f-8ec6-4cc91aa22c78,Thorium-232,Elementary flows/emission/air,3.366144206707623e-05,kBq,,,,no_factor_in_ipcc_ar6_100
35f65662-33c7-302d-854e-51a9cb08a35d,"2,4-D dimethylamine salt",Elementary flows/emission/water,2.3922076814693167e-11,kg,,,,no_factor_in_ipcc_ar6_100
ad176e5a-7abc-380d-a365-f17d52bf6584,Aluminum(III),Elementary flows/emission/water,2.4334157819729913e-18,kg,,,,no_factor_in_ipcc_ar6_100
f4b1148f-c098-3b3c-a64c-bbd775bf689a,.lambda.-Cyhalothrin,Elementary flows/emission/air,1.3198761532560594e-12,kg,,,,no_factor_in_ipcc_ar6_100
5aa8f608-9a9c-3f72-8149-3ef77e86d24c,Glutaraldehyde,Elementary flows/emission/water,3.623463133251041e-13,kg,,,,no_factor_in_ipcc_ar6_100
f6696716-3d44-38fe-8ef2-8f4284367cd1,Ethylene glycol,Elementary flows/emission/air,2.1542044672167243e-08,kg,,,,no_factor_in_ipcc_ar6_100
b9c76df0-abef-3d80-b721-fb28ed6976c1,Allyl chloride,Elementary flows/emission/water,2.5641801629349572e-14,kg,,,,no_factor_in_ipcc_ar6_100
1662342c-da9e-339d-ac7d-d73cbabe453c,Chromium-51,Elementary flows/emission/water,3.747698949317423e-09,kBq,,,,no_factor_in_ipcc_ar6_100
7c8fc685-60ca-3b1d-b8fc-ec6f0e5152c0,Borate,Elementary flows/emission/water,5.098380729666439e-13,kg,,,,no_factor_in_ipcc_ar6_100
ab04c26f-5ca5-36b7-92ae-ec6a9ddcf70e,Technetium-99m,Elementary flows/emission/water,4.686876354661636e-10,kBq,,,,no_factor_in_ipcc_ar6_100
ae88bfce-a533-3f77-a1e1-3ee4d74e4e10,Iodine,Elementary flows/emission/air,2.684484251632974e-10,kg,,,,no_factor_in_ipcc_ar6_100
f5faeb2b-d0e0-346b-8b49-fb45c4e35bfb,Hydrazine,Elementary flows/emission/water,1.3145647442141022e-12,kg,,,,no_factor_in_ipcc_ar6_100
a6930de9-e427-32fd-b7d4-ae37a19533f2,Zinc-65,Elementary flows/emission/air,7.422981997408895e-13,kBq,,,,no_factor_in_ipcc_ar6_100
0ea11747-756f-3c05-8b07-bebdd83a9b87,"Phenol, 2-methoxy-4-methyl-",Elementary flows/emission/air,8.53605435339817e-11,kg,,,,no_factor_in_ipcc_ar6_100
b86a4b48-57c1-332c-9c3a-0f78b63d18d8,Isopropylamine,Elementary flows/emission/air,2.050872901168436e-16,kg,,,,no_factor_in_ipcc_ar6_100
91135754-4694-3e21-977b-9f7e352fba00,Sulfate,Elementary flows/emission/air,1.039331678895273e-08,kg,,,,no_factor_in_ipcc_ar6_100
71e5ba1a-bebe-3c1b-97cf-e03c55a172c9,Flufenacet,Elementary flows/emission/air,1.56432148523231e-13,kg,,,,no_factor_in_ipcc_ar6_100
d184356a-1fcd-3151-a2ac-506936e57698,Trimethylamine,Elementary flows/emission/air,1.1783146712603571e-17,kg,,,,no_factor_in_ipcc_ar6_100
83c2c2df-7736-3848-bb9f-f1219c64122b,Bromoxynil,Elementary flows/emission/air,9.589274956784204e-16,kg,,,,no_factor_in_ipcc_ar6_100
35b3842d-4a7b-305b-afe8-b908715b39d6,Dibutyl phthalate,Elementary flows/emission/air,1.2885816723401993e-09,kg,,,,no_factor_in_ipcc_ar6_100
3b4cac7c-f1dd-3f60-9232-e7d2814d3c89,Cesium-136,Elementary flows/emission/water,9.300392858887857e-12,kBq,,,,no_factor_in_ipcc_ar6_100
229711e3-1f82-3d55-98e1-b64860143e2d,Tebuconazole,Elementary flows/emission/water,6.699416058843139e-12,kg,,,,no_factor_in_ipcc_ar6_100
5cc4e64f-7caf-3fef-b8ce-2dc5849dbd1c,Flumiclorac-pentyl,Elementary flows/emission/air,1.7380384525153352e-13,kg,,,,no_factor_in_ipcc_ar6_100
64e6b6b5-b39d-36b9-8f63-a75593a37c5b,Sodium formate,Elementary flows/emission/air,3.4307853546880323e-12,kg,,,,no_factor_in_ipcc_ar6_100
df84b876-efa6-3629-80d6-25c5e9491e91,Fluosilicic acid,Elementary flows/emission/water,2.8924563472190326e-11,kg,,,,no_factor_in_ipcc_ar6_100
35962866-662b-3817-a2a7-39375c7e6a3c,"Energy, wind",Elementary flows/resource/air,-0.46052038637579923,MJ,,,,no_factor_in_ipcc_ar6_100
647cac25-44c0-35e5-88c8-8935f2660071,5-Methylchrysene,Elementary flows/emission/air,1.2478846080031488e-13,kg,,,,no_factor_in_ipcc_ar6_100
9a8c0498-e6b3-3678-a88a-d2b0468f5e6c,"N,N-Dimethylaniline",Elementary flows/emission/air,5.1834173609327705e-12,kg,,,,no_factor_in_ipcc_ar6_100
6e1d6c76-51e8-3719-92a2-aaabf23f3405,"Benzene, pentamethyl-",Elementary flows/emission/water,4.933441177053812e-15,kg,,,,no_factor_in_ipcc_ar6_100
0a4b7ff7-c3d9-37c0-8f0d-4459730d70ae,Phthalic anhydride,Elementary flows/emission/air,1.0502742606174902e-10,kg,,,,no_factor_in_ipcc_ar6_100
b2661705-4693-3796-b582-f598499b4157,Dibenzothiophene,Elementary flows/emission/water,1.02876930215326e-14,kg,,,,no_factor_in_ipcc_ar6_100
2db45a65-f306-3437-b042-cc496c9d0a6b,Sodium benzoate,Elementary flows/emission/water,4.498151868380086e-14,kg,,,,no_factor_in_ipcc_ar6_100
7fd452bd-9ee5-3872-93af-e4ff76d00add,Lauric acid,Elementary flows/emission/water,3.0519274290946657e-16,kg,,,,no_factor_in_ipcc_ar6_100
3490450f-510b-3c25-816c-eb27c6fb1557,"Benzene mixt. with methylbenzene, ethylbenzene, and dimethylbenzene",Elementary flows/emission/water,5.382694051282947e-14,kg,,,,no_factor_in_ipcc_ar6_100
585714c6-eade-3590-b5d9-98565ffdb1ec,Maleic anhydride,Elementary flows/emission/air,8.837901232652295e-11,kg,,,,no_factor_in_ipcc_ar6_100
50d1ebdd-a4f0-3dc4-99a9-db27d31d4802,Arsenic compounds,Elementary flows/emission/water,2.934187519954097e-10,kg,,,,no_factor_in_ipcc_ar6_100
eb7eba2b-7b6f-37a2-8aa1-ae0ec89db7ca,Methyl iodide,Elementary flows/emission/air,1.1733675711828118e-10,kg,,,,no_factor_in_ipcc_ar6_100
ac176376-e6a9-30fb-8372-9fced487a2a6,Polycyclic aromatic compounds,Elementary flows/emission/air,1.4641029514366205e-09,kg,,,,no_factor_in_ipcc_ar6_100
71a07160-4ecc-3056-8e1a-2598a62db1a5,Cobalt compounds,Elementary flows/emission/water,7.003862626887415e-11,kg,,,,no_factor_in_ipcc_ar6_100
65d56a65-e766-3e57-8da8-f2accb61e9fc,Arsenic compounds,Elementary flows/emission/air,8.465814544216724e-10,kg,,,,no_factor_in_ipcc_ar6_100
862e1bfb-5191-34ef-97ba-42b5b56aabd3,Nickel compounds,Elementary flows/emission/water,2.6745780025865302e-08,kg,,,,no_factor_in_ipcc_ar6_100
f0267c81-ff66-36f6-ba35-11b522316310,Methyl hydrazine,Elementary flows/emission/air,2.9614332383582675e-09,kg,,,,no_factor_in_ipcc_ar6_100
4717a8b5-2466-3dd1-b856-f639e8442e75,Chromic(VI) acid,Elementary flows/emission/air,6.068999610649913e-12,kg,,,,no_factor_in_ipcc_ar6_100
52284d66-6c39-3e5c-a406-bcd75379fc85,Vanadium compounds,Elementary flows/emission/water,2.679007233228801e-09,kg,,,,no_factor_in_ipcc_ar6_100
1f2d2829-029a-3a77-824c-e43f2f386f41,Chromium compounds,Elementary flows/emission/water,8.752221968546995e-10,kg,,,,no_factor_in_ipcc_ar6_100
4c3207a0-c7d1-3b1f-aac5-7c0b7f9bc682,"Water, reclaimed",Elementary flows/emission/non-FEDEFL/water,0.48723473625181896,kg,,,,no_factor_in_ipcc_ar6_100
a58c8e84-1ff1-3a64-bf26-567e9bdeb994,Lead,Elementary flows/emission/ground,0.0004081401309475892,kg,,,,no_factor_in_ipcc_ar6_100
21ca1d09-2d20-32da-b926-828aa5a37f0c,Chloroacetonitrile,Elementary flows/emission/water/fresh water body,1.261657731763395e-08,kg,,,,no_factor_in_ipcc_ar6_100
917b93b0-0293-337f-90e7-8491e0d44290,"Trihalomethanes (four), total",Elementary flows/emission/water/fresh water body,7.983896308202916e-08,kg,,,,no_factor_in_ipcc_ar6_100
13e3e81c-73ee-328e-8cd1-d4e29f14d586,"(8S,9S,10R,13S,14S,17S)-17-acetyl-10,13-dimethyl-1,2,6,7,8,9,11,12,14,15,16,17-dodecahydrocyclopenta[a]phenanthren-3-one",Elementary flows/emission/water/fresh water body,2.6813784508960787e-13,kg,,,,no_factor_in_ipcc_ar6_100
d7b8d2b4-271d-33e5-a353-35e3e760da8a,Nitrogen,Elementary flows/emission/water/fresh water body/river,7.885714472256104e-06,kg,,,,no_factor_in_ipcc_ar6_100
057c0120-6f02-359f-b967-0b5fa86af301,Triclosan,Elementary flows/emission/water/fresh water body,9.24958132926261e-11,kg,,,,no_factor_in_ipcc_ar6_100
a96c4a3b-b5e1-3f51-9397-d8f9a08f6b8a,Carbamazepine,Elementary flows/emission/water/fresh water body,2.6892072930884757e-10,kg,,,,no_factor_in_ipcc_ar6_100
088bcbc3-4354-36b5-bcc9-468890f86008,"4,6,6,7,8,8-hexamethyl-1,3,4,7-tetrahydrocyclopenta[g]isochromene",Elementary flows/emission/water/fresh water body,1.9999425589972332e-10,kg,,,,no_factor_in_ipcc_ar6_100
2156991c-493a-3a09-9de2-cf5943e97c20,"1-(3,5,5,6,8,8-hexamethyl-6,7-dihydronaphthalen-2-yl)ethanone",Elementary flows/emission/water/fresh water body,5.161399080603698e-11,kg,,,,no_factor_in_ipcc_ar6_100
654cb3f2-6a57-3b5f-8e5b-2cc81d4ca5de,"(3R,5R)-7-[2-(4-fluorophenyl)-4-[(2-hydroxyphenyl)carbamoyl]-3-phenyl-5-propan-2-ylpyrrol-1-yl]-3,5-dihydroxyheptanoic acid",Elementary flows/emission/water/fresh water body,2.348652657719193e-11,kg,,,,no_factor_in_ipcc_ar6_100
8a1dc478-4bff-3327-950f-4b3c384e80f0,"Benzeneacetic acid, .alpha.-methyl-4-(2-methylpropyl)-",Elementary flows/emission/water/fresh water body,3.787955183859926e-11,kg,,,,no_factor_in_ipcc_ar6_100
bc039356-8286-3b8a-98d2-99e9d72f73f5,Diuron,Elementary flows/emission/water/fresh water body,2.986703296399573e-11,kg,,,,no_factor_in_ipcc_ar6_100
ef28609d-4bc9-318e-a1db-0547f8b7453f,4-Androstenedione,Elementary flows/emission/water/fresh water body,8.303317476785059e-13,kg,,,,no_factor_in_ipcc_ar6_100
db4633c5-4f99-313e-86f6-b86df4aca1dd,Phenytoin,Elementary flows/emission/water/fresh water body,3.3272579317688564e-11,kg,,,,no_factor_in_ipcc_ar6_100
9db863f5-a6d7-3d73-93b9-c8d482d2ffa9,Zinc(II),Elementary flows/emission/water/fresh water body,7.943432954944761e-08,kg,,,,no_factor_in_ipcc_ar6_100
3c9dfbbf-631c-3f8e-aa84-3049d4c6aed1,Butyl benzyl phthalate,Elementary flows/emission/water/fresh water body,8.61172641163704e-12,kg,,,,no_factor_in_ipcc_ar6_100
2dfb5f8f-2a2e-33b3-9b88-a608d14acd9f,"(4R,4aR,7aR,12bS)-9-methoxy-3-methyl-1,2,4,4a,5,6,7a,13-octahydro-4,12-methanobenzofuro[3,2-e]isoquinolin-7-one",Elementary flows/emission/water/fresh water body,2.15293160290926e-11,kg,,,,no_factor_in_ipcc_ar6_100
ee6191bd-8f87-3977-8108-a6026ca37227,Diclofenac,Elementary flows/emission/water/fresh water body,1.9002655072023771e-10,kg,,,,no_factor_in_ipcc_ar6_100
5aabe712-5891-31e7-b5cb-3361a5e300c8,Butylated hydroxyanisole,Elementary flows/emission/water/fresh water body,3.131536876958923e-11,kg,,,,no_factor_in_ipcc_ar6_100
d3e3d6a7-e897-3671-aafd-0684fbcf32f3,Sulfamethoxazole,Elementary flows/emission/water/fresh water body,8.380530915642807e-11,kg,,,,no_factor_in_ipcc_ar6_100
7c0778ce-548c-3bcb-b239-a95c602b2bcf,Nonylphenol,Elementary flows/emission/water/fresh water body,2.0146347997664134e-10,kg,,,,no_factor_in_ipcc_ar6_100
00848592-5bac-3fa2-bb5c-cb22a04d37c3,3-[bis(2-carboxyethyl)phosphanyl]propanoic acid,Elementary flows/emission/water/fresh water body,4.775593737362358e-11,kg,,,,no_factor_in_ipcc_ar6_100
49def454-a945-3d7c-975a-0e69f77ca5c0,Acetamide,Elementary flows/emission/water/fresh water body,3.660179446000555e-11,kg,,,,no_factor_in_ipcc_ar6_100
f026e1e7-9fbd-3efe-b16a-eb23f2dc272e,N-Nitrosodimethylamine,Elementary flows/emission/water/fresh water body,2.7103139619524973e-10,kg,,,,no_factor_in_ipcc_ar6_100
6787d9fc-6134-3976-912d-f21eef076356,Di-n-octyl phthalate,Elementary flows/emission/water/fresh water body,1.6675433869806268e-10,kg,,,,no_factor_in_ipcc_ar6_100
e7979a92-f4cb-3f96-b894-d1a5ef9879ca,"2,2-dichloroacetaldehyde",Elementary flows/emission/water/fresh water body,3.4629573846407336e-09,kg,,,,no_factor_in_ipcc_ar6_100
ed0346aa-902f-3f4c-8fb4-fd335a89993b,Dichloroacetic acid,Elementary flows/emission/water/fresh water body,5.658316723856029e-08,kg,,,,no_factor_in_ipcc_ar6_100
74274d24-6752-3bd8-9364-a8adb87fc450,Atrazine,Elementary flows/emission/water/fresh water body,5.67591062212623e-12,kg,,,,no_factor_in_ipcc_ar6_100
a655462c-e919-3bd7-af22-179f60b76e26,2-[4-[2-hydroxy-3-(propan-2-ylamino)propoxy]phenyl]acetamide,Elementary flows/emission/water/fresh water body,1.2547676823864787e-10,kg,,,,no_factor_in_ipcc_ar6_100
f6c67933-a244-33c7-a7e5-aede2d6e58f8,Copper(II),Elementary flows/emission/water/fresh water body,9.702217241258409e-09,kg,,,,no_factor_in_ipcc_ar6_100
61bc5d6d-3bff-363f-b9ca-21d85ea555be,"1-(1,1,2,3,3,6-hexamethyl-2H-inden-5-yl)ethanone",Elementary flows/emission/water/fresh water body,3.414001503260619e-11,kg,,,,no_factor_in_ipcc_ar6_100
ed812633-1fbd-3f94-9280-d45e6934185d,Octylphenol,Elementary flows/emission/water/fresh water body,3.2333118254600884e-11,kg,,,,no_factor_in_ipcc_ar6_100
a102e4f0-03dc-34af-9ddf-3f5faee34835,Estrone,Elementary flows/emission/water/fresh water body,3.698266763266565e-12,kg,,,,no_factor_in_ipcc_ar6_100
a4102c9d-f06a-3636-9476-7ecfee1c94d9,Tris(2-chloroethyl) phosphate,Elementary flows/emission/water/fresh water body,2.348652657719193e-10,kg,,,,no_factor_in_ipcc_ar6_100
69e99d92-822f-3188-bc5a-f1f63bcee327,Lead(II),Elementary flows/emission/water/fresh water body,2.9029701320239198e-09,kg,,,,no_factor_in_ipcc_ar6_100
a5bcc129-5d28-3480-b6ad-3d86579fc06c,Chloral hydrate,Elementary flows/emission/water/fresh water body,3.707526637892011e-08,kg,,,,no_factor_in_ipcc_ar6_100
fe3c5c5c-07a6-3f84-81de-b93c6792163d,"(3R,5R)-7-[2-(4-fluorophenyl)-3-phenyl-4-(phenylcarbamoyl)-5-propan-2-ylpyrrol-1-yl]-3,5-dihydroxyheptanoic acid",Elementary flows/emission/water/fresh water body,8.61172641163704e-12,kg,,,,no_factor_in_ipcc_ar6_100
0a6a4847-a4c6-3181-80ce-8962aa5eefc3,"1-(6-tert-butyl-1,1-dimethyl-2,3-dihydroinden-4-yl)ethanone",Elementary flows/emission/water/fresh water body,1.062178164453505e-11,kg,,,,no_factor_in_ipcc_ar6_100
c7075dcd-e365-35b8-bd26-48073ecea53b,"2,6-Di-tert-butyl-p-cresol",Elementary flows/emission/water/fresh water body,8.024563247207242e-11,kg,,,,no_factor_in_ipcc_ar6_100
f4b93a40-f575-3001-8b9d-155ac2ddf5c5,"4,4'-Isopropylidenediphenol",Elementary flows/emission/water/fresh water body,4.7934589731793035e-11,kg,,,,no_factor_in_ipcc_ar6_100
c9b051f2-b5d6-38f4-a88f-10f179811c89,Mercury(II),Elementary flows/emission/water/fresh water body,7.031805835348262e-10,kg,,,,no_factor_in_ipcc_ar6_100
aefed5e8-af2d-3a70-9b31-b2927d13d024,Nickel(II),Elementary flows/emission/water/fresh water body,5.7180730251373716e-09,kg,,,,no_factor_in_ipcc_ar6_100
969c21e8-d782-3a5b-8f22-a72f7981b811,Triclocarban,Elementary flows/emission/water/fresh water body,8.122423774612208e-11,kg,,,,no_factor_in_ipcc_ar6_100
bb0d8eb5-6b38-3a3e-854d-eac8aaeed4c6,"1-(4-tert-butyl-2,6-dimethyl-3,5-dinitrophenyl)ethanone",Elementary flows/emission/water/fresh water body,3.493620828357299e-11,kg,,,,no_factor_in_ipcc_ar6_100
041ab3bf-43ba-35f3-adcb-424bda30a6ee,(2S)-2-(6-methoxynaphthalen-2-yl)propanoic acid,Elementary flows/emission/water/fresh water body,2.7412201634042153e-10,kg,,,,no_factor_in_ipcc_ar6_100
8490eff9-c559-33e6-b775-445abe4588e8,2-(4-chlorophenoxy)-2-methylpropanoic acid,Elementary flows/emission/water/fresh water body,5.570064643046837e-11,kg,,,,no_factor_in_ipcc_ar6_100
cd118981-25c6-3fb8-aa39-c482bd28a9e7,Iopromide,Elementary flows/emission/water/fresh water body,2.074643180985287e-11,kg,,,,no_factor_in_ipcc_ar6_100
ca70327d-d4b2-3be8-8d59-ff72b3ec49f8,[2-(carbamoyloxymethyl)-2-methylpentyl] carbamate,Elementary flows/emission/water/fresh water body,1.370047383669529e-10,kg,,,,no_factor_in_ipcc_ar6_100
d67aa0cd-387e-3a7b-8000-fb436f2db404,Trimethoprim,Elementary flows/emission/water/fresh water body,1.6597145447882295e-10,kg,,,,no_factor_in_ipcc_ar6_100
f181ba96-0d36-33b5-acb0-9f50b3ae6c16,Cadmium(II),Elementary flows/emission/water/fresh water body,7.943991412977166e-10,kg,,,,no_factor_in_ipcc_ar6_100
bb2fcc3c-011a-3f5e-99c8-957471b6683c,Testosterone,Elementary flows/emission/water/fresh water body,1.8397779152133678e-12,kg,,,,no_factor_in_ipcc_ar6_100
2bb642bd-9511-3762-8734-e85c12b8948f,Estradiol,Elementary flows/emission/water/fresh water body,5.167035846982224e-13,kg,,,,no_factor_in_ipcc_ar6_100
1d55b067-a32a-3422-8159-390895bf2406,Trichloroacetic acid,Elementary flows/emission/water/fresh water body,4.972984703748374e-08,kg,,,,no_factor_in_ipcc_ar6_100
1de9c93c-7073-3f08-a936-4ae344075c88,(2-hydroxy-4-methoxyphenyl)-phenylmethanone,Elementary flows/emission/water/fresh water body,3.041505191746355e-11,kg,,,,no_factor_in_ipcc_ar6_100
d1ffff93-24ac-334b-bfc6-5afc4f48c913,Benzophenone,Elementary flows/emission/water/fresh water body,2.1255306552358692e-11,kg,,,,no_factor_in_ipcc_ar6_100
09f7f4b7-304f-397d-a894-5bdd0dfdc1a6,"N,N-Diethyl-m-toluamide",Elementary flows/emission/water/fresh water body,7.770125875954328e-11,kg,,,,no_factor_in_ipcc_ar6_100
480cf2d0-b74a-34e9-b959-1d0f066428a4,Chromium(III),Elementary flows/emission/water/fresh water body,8.414141468450338e-09,kg,,,,no_factor_in_ipcc_ar6_100
8f28740c-2a64-3e49-928e-57b9b25bb3bf,Gemfibrozil,Elementary flows/emission/water/fresh water body,1.914151916041142e-10,kg,,,,no_factor_in_ipcc_ar6_100
3d72205d-a727-3464-bbae-6c449dc928f9,"(3R,5R)-7-[2-(4-fluorophenyl)-4-[(4-hydroxyphenyl)carbamoyl]-3-phenyl-5-propan-2-ylpyrrol-1-yl]-3,5-dihydroxyheptanoic acid",Elementary flows/emission/water/fresh water body,2.348652657719193e-11,kg,,,,no_factor_in_ipcc_ar6_100
8100d0fa-7ca8-30f6-9912-0b0906a6d1cb,Thiencarbazone-methyl,Elementary flows/emission/water,3.947158934366858e-13,kg,,,,no_factor_in_ipcc_ar6_100
e55533b3-325c-3b5a-968e-d916c37e3652,Barium,Elementary flows/emission/ground,1.8075492816515908e-08,kg,,,,no_factor_in_ipcc_ar6_100
3ad0c332-e614-33bf-bc9f-b64a4ab47318,Fluopyram,Elementary flows/emission/air,1.962409499689253e-14,kg,,,,no_factor_in_ipcc_ar6_100
60eebb96-ac11-3383-a01f-1e9e7ac3b0f1,Diflufenzopyr-sodium,Elementary flows/emission/air,7.991075974650403e-13,kg,,,,no_factor_in_ipcc_ar6_100
12af48d0-8b55-32c0-8cf0-4e68307493c7,Acetone cyanohydrin,Elementary flows/emission/air,3.0163892695363232e-12,kg,,,,no_factor_in_ipcc_ar6_100
db8fc7a2-3553-33a3-9eb2-ce2b8a67dfa1,Dimethomorph,Elementary flows/emission/water,1.695454267775996e-14,kg,,,,no_factor_in_ipcc_ar6_100
0bb42fc8-7d53-3ff5-92ca-6641c0d92a1c,Clofentezine,Elementary flows/emission/air,1.3207916461903053e-15,kg,,,,no_factor_in_ipcc_ar6_100
58350bd7-be6b-365c-a733-0c23d08afa9e,Alumina,Elementary flows/emission/water,5.900053613194797e-14,kg,,,,no_factor_in_ipcc_ar6_100
ebdb2a75-dbda-3e9f-90a5-a620870cdec6,Quizalofop-P-ethyl,Elementary flows/emission/water,2.937733448795294e-13,kg,,,,no_factor_in_ipcc_ar6_100
c46a948c-da7e-3209-8daf-fee7d881f846,HCFC-142b,Elementary flows/emission/water,2.1678917781619878e-13,kg,,,,no_factor_in_ipcc_ar6_100
9ea16132-75c4-344e-9be6-ad5ee14c9601,"1,3-Dichloropropene",Elementary flows/emission/ground,1.299172927260496e-17,kg,,,,no_factor_in_ipcc_ar6_100
d14d8cae-1d44-3264-aa53-6486481ac730,Dichloropropene,Elementary flows/emission/water,1.6362804461441398e-12,kg,,,,no_factor_in_ipcc_ar6_100
a8d4c525-3249-3ae0-8d01-ab2be06b0ed5,Malononitrile,Elementary flows/emission/air,9.536673686756744e-16,kg,,,,no_factor_in_ipcc_ar6_100
0e81cf45-ecc0-3f6c-b7e0-b3b58664170f,Cupric oxide,Elementary flows/emission/air,9.89856600761826e-14,kg,,,,no_factor_in_ipcc_ar6_100
d194ab7c-c45f-35e6-8783-db05962de53d,Spinetoram,Elementary flows/emission/water,8.514967663843931e-15,kg,,,,no_factor_in_ipcc_ar6_100
4face34a-017f-309b-a54f-518e15cf7e6c,"1,2-Dichloroethylene",Elementary flows/emission/air,1.3236877148341597e-09,kg,,,,no_factor_in_ipcc_ar6_100
9a3e72bc-8479-3418-b4bb-6fb892f18771,Kresoxim-methyl,Elementary flows/emission/air,2.9887914189013127e-14,kg,,,,no_factor_in_ipcc_ar6_100
27fcc03a-93d4-3994-a914-4b4bdec63536,tert-Butanol,Elementary flows/emission/ground,7.280729815302335e-14,kg,,,,no_factor_in_ipcc_ar6_100
c7c31f73-c5f0-397e-8df0-aa333702bf53,"2,4-D diethanolamine salt",Elementary flows/emission/air,1.5569460953234851e-15,kg,,,,no_factor_in_ipcc_ar6_100
e38d3eb5-567b-3506-9538-da3f9ecf3a04,Fenarimol,Elementary flows/emission/water,2.817623525057307e-15,kg,,,,no_factor_in_ipcc_ar6_100
cd65c98c-9c3a-3815-817d-e5e05f4a05e9,Spirotetramat,Elementary flows/emission/air,8.202150614427316e-14,kg,,,,no_factor_in_ipcc_ar6_100
549b7a63-17cd-32fd-b1e8-3ea48f733671,Methidathion,Elementary flows/emission/water,3.720478463308178e-15,kg,,,,no_factor_in_ipcc_ar6_100
181f738f-7fd7-3886-8631-d332d981972b,Azinphos-methyl,Elementary flows/emission/water,6.320388379952086e-14,kg,,,,no_factor_in_ipcc_ar6_100
834d1d1b-4f8c-3083-9636-82ea057b3373,Bifenthrin,Elementary flows/emission/water,1.301864569691652e-12,kg,,,,no_factor_in_ipcc_ar6_100
19cfa45e-531b-3da8-9260-8e7c84ba8a09,Potassium bicarbonate,Elementary flows/emission/water,2.1078777887124044e-13,kg,,,,no_factor_in_ipcc_ar6_100
9078720f-64d5-3915-b2f0-6be43f636c52,Fenoxaprop-P-ethyl,Elementary flows/emission/air,6.421912875126325e-13,kg,,,,no_factor_in_ipcc_ar6_100
192158e9-a317-3da5-a796-12479b95167c,Prosulfuron,Elementary flows/emission/water,4.1719350643130214e-14,kg,,,,no_factor_in_ipcc_ar6_100
53991604-33ed-36fa-a5b9-be31797e0001,Kaolin,Elementary flows/resource/ground,-5.601351865126347e-06,kg,,,,no_factor_in_ipcc_ar6_100
f13fe842-560f-34ee-99ca-8700f86e3a31,Tetrabromobisphenol A,Elementary flows/emission/water,1.2262413663285863e-15,kg,,,,no_factor_in_ipcc_ar6_100
f4c42a64-03c6-3930-9f72-b207150689ca,Triasulfuron,Elementary flows/emission/water,6.883341201077978e-14,kg,,,,no_factor_in_ipcc_ar6_100
09ce2596-a9f3-3373-9049-342d0e8929a3,Barite,Elementary flows/resource/ground,-5.875576939977072e-07,kg,,,,no_factor_in_ipcc_ar6_100
45bc39bd-b2b3-313a-a0b2-1374b42fdd76,Bis(2-chloro-1-methylethyl) ether,Elementary flows/emission/air,8.288997815537054e-13,kg,,,,no_factor_in_ipcc_ar6_100
e2b3dbb5-3485-3ca6-8e12-c5e7493bec12,Tebuthiuron,Elementary flows/emission/air,1.267246339603413e-17,kg,,,,no_factor_in_ipcc_ar6_100
83ec57af-cff6-312c-81bb-a28f3c33e27a,Tribufos,Elementary flows/emission/water,6.297149157364326e-12,kg,,,,no_factor_in_ipcc_ar6_100
5831279c-4920-35f9-a4d2-6f2c231062d4,Dichlorophene,Elementary flows/emission/air,3.4489195489715555e-15,kg,,,,no_factor_in_ipcc_ar6_100
1d4bd1e1-36f1-31a9-af7d-77f497315c82,Bensulfuron-methyl,Elementary flows/emission/air,3.5967706872770784e-14,kg,,,,no_factor_in_ipcc_ar6_100
3b292632-98cb-3a4c-bff5-cc022fa98e91,Piperonyl butoxide,Elementary flows/emission/air,1.1137867653319015e-14,kg,,,,no_factor_in_ipcc_ar6_100
8b25bccb-926b-3bc9-a862-9d98281a31b9,"2,4-Dichlorophenol",Elementary flows/emission/water,3.377853339394453e-14,kg,,,,no_factor_in_ipcc_ar6_100
a782490a-2b51-3c2f-aa53-9873b01ba3be,Spinetoram,Elementary flows/emission/air,1.6197110514361973e-14,kg,,,,no_factor_in_ipcc_ar6_100
c9f7cc31-62fa-3a05-81a3-cfc4fa0b0dd4,Zoxamide,Elementary flows/emission/water,1.5082693165460216e-14,kg,,,,no_factor_in_ipcc_ar6_100
3ca65344-7d94-3bc1-8454-32d2e77766f4,Zirconium,Elementary flows/resource/ground,-7.226944881551666e-08,kg,,,,no_factor_in_ipcc_ar6_100
960123dc-c934-399b-929b-b1d0e124ffae,Pyridaben,Elementary flows/emission/water,8.871030754666636e-15,kg,,,,no_factor_in_ipcc_ar6_100
dd28786d-344a-39b3-9d4c-ad5c9b8b7252,Cyazofamid,Elementary flows/emission/air,1.590270250218463e-14,kg,,,,no_factor_in_ipcc_ar6_100
cec51b41-7f18-39c5-9e43-979b825a2b17,Aziridine,Elementary flows/emission/air,2.1048633557881858e-13,kg,,,,no_factor_in_ipcc_ar6_100
21242033-1d63-33fc-a5a5-38b1ae94b1b1,Paraquat dichloride,Elementary flows/emission/air,7.346456120380645e-15,kg,,,,no_factor_in_ipcc_ar6_100
414aa017-7696-316e-802b-dcc3c7fb36d1,Zeolites,Elementary flows/resource/ground,-5.680610679417457e-08,kg,,,,no_factor_in_ipcc_ar6_100
1b122477-b925-34d3-a027-0740968958d7,Benfluralin,Elementary flows/emission/water,1.8744131368696777e-14,kg,,,,no_factor_in_ipcc_ar6_100
0f738206-cce2-3f00-9766-6d69d487ad1a,Neem oil,Elementary flows/emission/water,8.720305183581785e-14,kg,,,,no_factor_in_ipcc_ar6_100
d911aa06-fc35-3d6a-9a20-dee9be6dc498,HCFC-253,Elementary flows/emission/air,6.929134628183259e-14,kg,,,,no_factor_in_ipcc_ar6_100
e4648c16-05e7-3840-b501-920d2dde2c64,Chloromethyl methyl ether,Elementary flows/emission/air,1.6460995353360576e-13,kg,,,,no_factor_in_ipcc_ar6_100
16e8e05b-ecd0-3edd-8885-795e0ef410db,Etoxazole,Elementary flows/emission/water,7.841292236898889e-15,kg,,,,no_factor_in_ipcc_ar6_100
1176967e-dfb2-3d69-ba28-38e440581c25,Butyl acrylate,Elementary flows/emission/air,2.8265191226756326e-11,kg,,,,no_factor_in_ipcc_ar6_100
931aca2b-d8d3-33c5-aa3f-7653d588f383,MCPA-2-ethylhexyl,Elementary flows/emission/water,4.1271289076985374e-12,kg,,,,no_factor_in_ipcc_ar6_100
7589eb07-b0bf-3fe3-84c7-7a66e0c3d437,Tembotrione,Elementary flows/emission/water,8.007622279012582e-13,kg,,,,no_factor_in_ipcc_ar6_100
2adf503b-4861-3943-92cd-e4a301d02fb2,"1,2-Dichloroethane",Elementary flows/emission/ground,4.370987916393743e-15,kg,,,,no_factor_in_ipcc_ar6_100
af76708d-e33c-388d-84f0-35e3a5af8d5b,Diflubenzuron,Elementary flows/emission/water,1.9820445723900716e-13,kg,,,,no_factor_in_ipcc_ar6_100
281f87ab-9e1e-3b02-8485-f67139d3f79d,Fluopicolide,Elementary flows/emission/air,4.1098812693754314e-15,kg,,,,no_factor_in_ipcc_ar6_100
862e7c33-1b94-325c-b8fd-ccd29c42a879,Tribufos,Elementary flows/emission/air,2.62428674749401e-11,kg,,,,no_factor_in_ipcc_ar6_100
f6f5213c-ff86-3f32-ac12-e923ee89994f,Dodine,Elementary flows/emission/water,1.7364332757276474e-14,kg,,,,no_factor_in_ipcc_ar6_100
6140d8f0-fa98-394b-ab9f-0f0f801bc369,N-Benzyladenine,Elementary flows/emission/water,1.7221157660456715e-15,kg,,,,no_factor_in_ipcc_ar6_100
a8868faf-7d73-3a39-be46-c49f16901c4e,Etoxazole,Elementary flows/emission/air,1.491565665934415e-14,kg,,,,no_factor_in_ipcc_ar6_100
8728685b-9b13-33cd-a924-1adee4dec238,Buprofezin,Elementary flows/emission/water,2.5282428278673116e-14,kg,,,,no_factor_in_ipcc_ar6_100
416a0bcf-20f0-35fa-a724-7cd33003f6cc,Cresol,Elementary flows/emission/ground,1.2676192536327543e-14,kg,,,,no_factor_in_ipcc_ar6_100
4e238e55-a05e-3499-ab06-c07fbdd32c62,N-Methylolacrylamide,Elementary flows/emission/air,1.6131039718651e-12,kg,,,,no_factor_in_ipcc_ar6_100
2b82af7f-36e3-396a-a10b-b0dbefa673e0,Cyazofamid,Elementary flows/emission/water,8.360186980241426e-15,kg,,,,no_factor_in_ipcc_ar6_100
004a9163-6d22-306f-86f1-ca7812700285,Decabromodiphenyl oxide,Elementary flows/emission/ground,4.835572890915834e-15,kg,,,,no_factor_in_ipcc_ar6_100
bdaaf63f-5b3e-3e0b-8970-976dfd4fcabb,"Copper, bis(acetato-.kappa.O)diammine-",Elementary flows/emission/air,1.2776882068226895e-14,kg,,,,no_factor_in_ipcc_ar6_100
e8d8907c-3bf4-3d86-a27b-ec5f6959ec35,Tetraconazole,Elementary flows/emission/air,8.303949995042927e-14,kg,,,,no_factor_in_ipcc_ar6_100
cd2890e2-dada-30ad-9d31-23fdaab0d3b4,Spinetoram J,Elementary flows/emission/air,1.3273917034855029e-14,kg,,,,no_factor_in_ipcc_ar6_100
a78a16a0-a209-3258-8b1e-851b85786b78,Phosphorus,Elementary flows/emission/ground,8.282823282853733e-11,kg,,,,no_factor_in_ipcc_ar6_100
9272da3d-59d1-3b1c-bc3d-d8845f0632e9,Benzyl chloride,Elementary flows/emission/water,1.6115982242263822e-15,kg,,,,no_factor_in_ipcc_ar6_100
4fa7fcea-3f09-3bf8-8f83-e20fca01e30d,Methyl bromide,Elementary flows/emission/water,5.188988219814808e-14,kg,,,,no_factor_in_ipcc_ar6_100
1f8ed538-0c45-3e06-97cc-70033132a450,Gypsum,Elementary flows/resource/ground,-9.752766779521665e-06,kg,,,,no_factor_in_ipcc_ar6_100
1e533c20-7aec-314b-9d42-f7b2b85fbeb8,Hydroquinone,Elementary flows/emission/ground,2.8523673684760016e-13,kg,,,,no_factor_in_ipcc_ar6_100
1d9b60ba-1800-33d2-8c67-0afcfc3e7bf6,"4,4'-Diaminodiphenyl ether",Elementary flows/emission/air,5.529482435045952e-13,kg,,,,no_factor_in_ipcc_ar6_100
8284cb6c-7887-322d-8abd-8682e981791a,Magnesium,Elementary flows/resource/ground,-4.6931922412482456e-07,kg,,,,no_factor_in_ipcc_ar6_100
7b378640-37d6-3366-96f6-25261a87a854,"3,3'-Dichlorobenzidine dihydrochloride",Elementary flows/emission/air,3.285422146971325e-16,kg,,,,no_factor_in_ipcc_ar6_100
5d68875b-8bc5-392a-bd70-1c161e484c23,Maneb,Elementary flows/emission/air,1.274191026813922e-13,kg,,,,no_factor_in_ipcc_ar6_100
714dda3e-28c2-3eda-96ea-5979471e7552,Oxytetracycline hydrochloride,Elementary flows/emission/air,3.1834723913609476e-15,kg,,,,no_factor_in_ipcc_ar6_100
36a4d41e-c0c7-3143-8db5-5b33c04a6267,Clomazone,Elementary flows/emission/water,1.4366500788201325e-12,kg,,,,no_factor_in_ipcc_ar6_100
1d8367bb-0056-38b3-986a-200f1dbc54e2,"3,3'-Dimethoxybenzidine dihydrochloride",Elementary flows/emission/air,3.953825390903039e-15,kg,,,,no_factor_in_ipcc_ar6_100
7303bf40-f2a2-3823-8e83-1a74422cbe7b,Acrylic acid,Elementary flows/emission/ground,1.4781594668820437e-12,kg,,,,no_factor_in_ipcc_ar6_100
30313370-dda6-33ff-81ce-4fc05a097778,Oryzalin,Elementary flows/emission/water,1.1272674765101622e-13,kg,,,,no_factor_in_ipcc_ar6_100
1261e9d1-1190-3bf1-b1fe-4d873f83ca7d,Acrylonitrile,Elementary flows/emission/ground,6.868699574130142e-15,kg,,,,no_factor_in_ipcc_ar6_100
a3aa8c30-da3c-3c8d-8693-6fdeb1860fff,N-Nitrosomorpholine,Elementary flows/emission/air,1.0270885060805217e-13,kg,,,,no_factor_in_ipcc_ar6_100
4c2585e0-3786-32e0-8474-13a6065fda9f,Prosulfuron,Elementary flows/emission/air,7.935826227067126e-14,kg,,,,no_factor_in_ipcc_ar6_100
7feeb363-fbeb-37ad-937f-080834b9dc35,Biomass,Elementary flows/resource/biotic,-0.04190503304482727,kg,,,,no_factor_in_ipcc_ar6_100
fe37dbd9-d46f-3e3c-96b0-2c1770124d90,Cupric oxide,Elementary flows/emission/water,5.203764851149422e-14,kg,,,,no_factor_in_ipcc_ar6_100
76955a21-3e7d-3bdf-825d-603dfae719b0,Thidiazuron,Elementary flows/emission/water,1.1635718146734408e-12,kg,,,,no_factor_in_ipcc_ar6_100
f60ac11d-d2bc-306c-9056-a779f9eeb22b,Fenamidone,Elementary flows/emission/water,1.5082693165460216e-14,kg,,,,no_factor_in_ipcc_ar6_100
45ca362a-f4c3-3ecb-930a-f178745400c3,Hydramethylnon,Elementary flows/emission/air,1.3763361957225198e-15,kg,,,,no_factor_in_ipcc_ar6_100
74038ce4-f7c8-3ef5-9b64-e816747a062c,Boscalid,Elementary flows/emission/water,1.180944549604032e-13,kg,,,,no_factor_in_ipcc_ar6_100
9b078b00-7ffc-37f5-a24c-60d648c0d214,Dimethylamine,Elementary flows/emission/ground,1.886996822793813e-12,kg,,,,no_factor_in_ipcc_ar6_100
7450b24a-d06f-3f00-a290-0f82343b3c33,Nitroglycerin,Elementary flows/emission/ground,2.2224601467903133e-12,kg,,,,no_factor_in_ipcc_ar6_100
e837e1a8-498d-3b93-a9ca-da7b2ecc54d1,Alumina,Elementary flows/emission/ground,5.1516747737596755e-11,kg,,,,no_factor_in_ipcc_ar6_100
bdc82fd8-e927-3e42-9cbd-007b12864516,Thiosemicarbazide,Elementary flows/emission/air,5.327752113151078e-16,kg,,,,no_factor_in_ipcc_ar6_100
489775f8-976a-3f29-9115-cb8402772045,Gibberellic acid,Elementary flows/emission/air,4.313175579985485e-15,kg,,,,no_factor_in_ipcc_ar6_100
b05cbf86-e4ae-3700-9eb2-ec931b0208ac,Copper resinate,Elementary flows/emission/water,1.313693227411373e-16,kg,,,,no_factor_in_ipcc_ar6_100
c8fd4959-2a5d-319d-95d7-cb36694126b9,Trypan blue,Elementary flows/emission/air,1.3621302544490322e-15,kg,,,,no_factor_in_ipcc_ar6_100
449897cf-fcde-3562-8088-9fdb753a3083,Imazethapyr,Elementary flows/emission/water,7.147074260873021e-13,kg,,,,no_factor_in_ipcc_ar6_100
d8f94ed3-445e-3165-8b4c-fe1fe098ed9f,Flutriafol,Elementary flows/emission/air,4.3830979376930585e-14,kg,,,,no_factor_in_ipcc_ar6_100
f949e6ab-91af-390e-b57e-160fb5dd276a,Flonicamid,Elementary flows/emission/air,7.096111935758597e-14,kg,,,,no_factor_in_ipcc_ar6_100
31c7bc4e-8e7d-39b0-b805-412e5e34167c,Dimethoxymethane,Elementary flows/emission/air,3.220692049754274e-12,kg,,,,no_factor_in_ipcc_ar6_100
aaf755a7-4269-3acc-9b67-e95c8ee66c2c,Spiromesifen,Elementary flows/emission/air,5.1475711468689774e-14,kg,,,,no_factor_in_ipcc_ar6_100
8ca56b36-bdca-3814-b660-9372f3be55fc,"N,N-Dimethylformamide",Elementary flows/emission/ground,3.589885892718245e-14,kg,,,,no_factor_in_ipcc_ar6_100
44a95f2d-19d9-3af3-919c-0e0ef455c09c,Metalaxyl-M,Elementary flows/emission/air,1.5098954509065377e-13,kg,,,,no_factor_in_ipcc_ar6_100
a5009aff-1086-3c29-9b67-380ce207558e,Isobutyraldehyde,Elementary flows/emission/ground,1.6336062333352773e-14,kg,,,,no_factor_in_ipcc_ar6_100
23d548bb-14f8-3e6c-964b-36323f566aec,Thiabendazole,Elementary flows/emission/ground,5.0477664258202515e-15,kg,,,,no_factor_in_ipcc_ar6_100
f28d2eef-429f-3c2f-9b7e-6fb5c8df661f,Hydrogen sulfide,Elementary flows/emission/ground,3.3899366900678264e-12,kg,,,,no_factor_in_ipcc_ar6_100
13a4f088-d48e-3c23-bd72-7b74d23a190e,Dimethipin,Elementary flows/emission/air,6.781172646304802e-15,kg,,,,no_factor_in_ipcc_ar6_100
d3faa685-438e-3026-94a2-b872779323c5,Fenbuconazole,Elementary flows/emission/air,3.49603346202075e-14,kg,,,,no_factor_in_ipcc_ar6_100
cd86ff63-df3c-336c-95ce-006805b47619,Bifenazate,Elementary flows/emission/air,3.979177010602335e-14,kg,,,,no_factor_in_ipcc_ar6_100
6f4ce585-3b59-3e1f-b901-452b34b77f84,"2,6-Dinitrotoluene",Elementary flows/emission/air,3.0159536840312775e-12,kg,,,,no_factor_in_ipcc_ar6_100
640c92aa-019b-30fd-81c1-57a0955c2dc2,Trichloroacetic acid,Elementary flows/emission/air,1.2665754496478268e-15,kg,,,,no_factor_in_ipcc_ar6_100
96fc6301-6b56-3b5f-a8d1-07cbc83d45ba,Ethylene thiourea,Elementary flows/emission/water,2.8101574292735944e-16,kg,,,,no_factor_in_ipcc_ar6_100
669f7d0b-2af8-37b4-91d2-c4d7eb822b24,Molybdenum(VI),Elementary flows/emission/air,1.978526502763989e-10,kg,,,,no_factor_in_ipcc_ar6_100
14e278a9-d8b7-3ee6-b505-3abab7dc7dcb,Sodium dimethyldithiocarbamate,Elementary flows/emission/air,3.422985896427791e-14,kg,,,,no_factor_in_ipcc_ar6_100
8f1006d4-d928-37cd-b006-540c92c0827a,"2,4-D 2-butoxyethyl ester",Elementary flows/emission/water,1.6858452291040214e-13,kg,,,,no_factor_in_ipcc_ar6_100
1e33b990-ba52-3c94-ac39-fddf282a952e,Propachlor,Elementary flows/emission/air,9.359074597419308e-16,kg,,,,no_factor_in_ipcc_ar6_100
fb9a4053-f6e6-3f2c-aba1-8bc2ad6e4bf6,"2,6-Dinitrotoluene",Elementary flows/emission/ground,2.839485103694976e-13,kg,,,,no_factor_in_ipcc_ar6_100
55b33ca7-865b-30b6-a569-ea0e3fe55694,Triethylamine,Elementary flows/emission/water,8.072683099334682e-11,kg,,,,no_factor_in_ipcc_ar6_100
2d8e739c-9364-34bd-871d-3fcbd081a024,Benzene,Elementary flows/emission/ground,1.8251605259511533e-12,kg,,,,no_factor_in_ipcc_ar6_100
b5ebd9cd-e40e-3843-babe-dfca9eec2b8b,Cyhalofop-butyl,Elementary flows/emission/water,1.637670231049867e-13,kg,,,,no_factor_in_ipcc_ar6_100
ff42dce0-760c-3cec-b38c-74aa1d5c6f27,"1,3-Dichloropropene",Elementary flows/emission/water,1.1432733383500263e-14,kg,,,,no_factor_in_ipcc_ar6_100
874de95a-4fe1-3fac-adca-3dc3934bd1d7,Carboxin,Elementary flows/emission/air,4.529769877110954e-15,kg,,,,no_factor_in_ipcc_ar6_100
90e35b77-ac00-3ac8-907a-bc8cb875361d,Bispyribac-sodium,Elementary flows/emission/air,2.7088396929288875e-14,kg,,,,no_factor_in_ipcc_ar6_100
ce7ca5a4-4642-3f68-b2e6-61853872844d,Aluminum,Elementary flows/emission/ground,7.08991471118744e-09,kg,,,,no_factor_in_ipcc_ar6_100
80d139f5-d42a-377a-aa8f-d36523246e5d,Butyraldehyde,Elementary flows/emission/water,8.680408212411815e-12,kg,,,,no_factor_in_ipcc_ar6_100
2ad5e061-880c-3788-9f00-7f24b7d6d440,Chloroacetonitrile,Elementary flows/emission/air,1.775915938352632e-16,kg,,,,no_factor_in_ipcc_ar6_100
f0be756c-84f1-3fc7-ae6e-58825875032c,Tetrabromobisphenol A,Elementary flows/emission/air,2.0023034967051882e-12,kg,,,,no_factor_in_ipcc_ar6_100
dc663807-8d59-38c4-b58a-3d67ac01a0ea,Oxytetracycline hydrochloride,Elementary flows/emission/water,1.6735788485985151e-15,kg,,,,no_factor_in_ipcc_ar6_100
64abd52c-a2a3-36fb-a732-356cb0a02fe3,Dodine,Elementary flows/emission/air,3.303031283067009e-14,kg,,,,no_factor_in_ipcc_ar6_100
1b51303b-a1d9-3134-92b2-aaa46276a463,Copper octanoate,Elementary flows/emission/air,5.738033206898321e-17,kg,,,,no_factor_in_ipcc_ar6_100
21a3dad8-7ccc-3348-9650-140f85f48864,Fosetyl-Al,Elementary flows/emission/air,2.5247885006842874e-13,kg,,,,no_factor_in_ipcc_ar6_100
4546079c-2e3f-3498-8f58-34c143e38b14,Cupric sulfate,Elementary flows/emission/water,1.2469848705551767e-12,kg,,,,no_factor_in_ipcc_ar6_100
7afa6a88-84a8-3768-bfeb-288c6144c01b,Ametryn,Elementary flows/emission/water,6.336215177870879e-17,kg,,,,no_factor_in_ipcc_ar6_100
4861b80f-0b6c-3f97-a45d-ae8d1b29f2bb,Methyl[1-(2-trifluoromethylpyridin-5-yl)ethyl]-N-cyanosulfoximine,Elementary flows/emission/air,5.713928732392321e-17,kg,,,,no_factor_in_ipcc_ar6_100
7a29ec10-2ef3-38d3-a7a7-949b39bcd19b,m-Cresol,Elementary flows/emission/water,1.165337801864365e-13,kg,,,,no_factor_in_ipcc_ar6_100
8ed90feb-2908-3a4e-bd4a-2fd3ca04580e,Triclopyr-triethylammonium,Elementary flows/emission/water,1.98539725948614e-13,kg,,,,no_factor_in_ipcc_ar6_100
920e368c-b148-3f7e-9edc-ff17ccc23ec8,Dinotefuran,Elementary flows/emission/air,1.567664432238118e-14,kg,,,,no_factor_in_ipcc_ar6_100
27e4677d-f414-3170-9035-d6fa93a2bf3c,Metiram,Elementary flows/emission/water,9.646783395366312e-14,kg,,,,no_factor_in_ipcc_ar6_100
78ac09bb-12b5-3c99-80b0-400eb3d65062,Calcium polysulfide,Elementary flows/emission/air,2.4590148295826545e-12,kg,,,,no_factor_in_ipcc_ar6_100
3b5f295c-4e19-3b24-9862-1503dd2a15f5,Propylene,Elementary flows/emission/ground,1.1220679098733982e-13,kg,,,,no_factor_in_ipcc_ar6_100
728be39c-28cc-3955-afe9-f99438b8a54d,2-Methoxyethanol,Elementary flows/emission/air,2.711848142227283e-11,kg,,,,no_factor_in_ipcc_ar6_100
94687f0d-fc7c-3713-8ab9-079b079f7c5d,Diclosulam,Elementary flows/emission/water,2.4108767271575627e-14,kg,,,,no_factor_in_ipcc_ar6_100
f9865756-dff3-34fe-a8ad-93a1a5159e17,Formic acid,Elementary flows/emission/ground,3.609787521557139e-13,kg,,,,no_factor_in_ipcc_ar6_100
2ae8f50e-97b7-33b5-b936-e1d199425695,Mercury,Elementary flows/emission/ground,1.0559223265634508e-06,kg,,,,no_factor_in_ipcc_ar6_100
5af7a834-bf92-32eb-a0b2-2f2dcdc9f3d9,"Energy, hydro",Elementary flows/resource/water,-0.9909614039172128,MJ,,,,no_factor_in_ipcc_ar6_100
89841df2-2075-3c18-930b-52ae5ae17318,Pyroxsulam,Elementary flows/emission/air,1.6964360800754184e-13,kg,,,,no_factor_in_ipcc_ar6_100
8ec9ce88-ab78-3156-9676-0f1bd8d0441b,Indoxacarb,Elementary flows/emission/air,6.420212839041239e-15,kg,,,,no_factor_in_ipcc_ar6_100
cb20dc4c-bdaf-386a-bbc9-6fbf91d05fbd,2-Methylanthracene,Elementary flows/emission/air,2.263928367458624e-15,kg,,,,no_factor_in_ipcc_ar6_100
59bbb7ef-eb91-3bd2-a983-08f16b648589,Chlorsulfuron,Elementary flows/emission/water,7.709341837488551e-14,kg,,,,no_factor_in_ipcc_ar6_100
ce1f5518-5122-3e83-abc1-3c1f8c9e2911,Kaolin,Elementary flows/emission/water,6.102243110109338e-13,kg,,,,no_factor_in_ipcc_ar6_100
0f552ddf-c3d7-3928-8616-9f15d8ec6cdf,Urea sulfate,Elementary flows/emission/water,2.3219074643751347e-12,kg,,,,no_factor_in_ipcc_ar6_100
7eaf53d6-e427-37ea-91ec-fc0e3f002df5,Cyflufenamid,Elementary flows/emission/air,1.1476073643601107e-16,kg,,,,no_factor_in_ipcc_ar6_100
06f4e06a-9e1f-30c7-a817-ca9728733ead,"N,N-Dimethylformamide",Elementary flows/emission/water,5.425789948064105e-13,kg,,,,no_factor_in_ipcc_ar6_100
87271b69-7840-370c-a487-17bee9100ded,Aldicarb,Elementary flows/emission/water,3.8615883931369465e-12,kg,,,,no_factor_in_ipcc_ar6_100
3d7b765d-681e-370e-bc37-aa44288cb748,Norflurazon,Elementary flows/emission/air,3.150387936004594e-13,kg,,,,no_factor_in_ipcc_ar6_100
81230197-b8a3-32c0-8d21-25ceaeb3b5c7,N-Nitroso-N-methylurea,Elementary flows/emission/air,1.287876039350402e-15,kg,,,,no_factor_in_ipcc_ar6_100
81ef5a98-c6fd-3ec6-8300-33be0600c24d,Pyroxasulfone,Elementary flows/emission/air,2.9797233341429063e-13,kg,,,,no_factor_in_ipcc_ar6_100
6afb0cff-9d9c-39ab-9a45-84c94655fe53,Fosetyl-Al,Elementary flows/emission/water,1.3273038583170795e-13,kg,,,,no_factor_in_ipcc_ar6_100
96ec2a6f-4bc4-321c-9b14-2c1f1e8495a9,Amitrole,Elementary flows/emission/air,8.409037429106956e-16,kg,,,,no_factor_in_ipcc_ar6_100
96ec0314-ffb7-37cc-97ed-f5bfdb84cd21,Maneb,Elementary flows/emission/water,6.69853570247052e-14,kg,,,,no_factor_in_ipcc_ar6_100
b80baaf2-2fc4-3212-8183-b9cffe754d0d,Ethalfluralin,Elementary flows/emission/water,1.276099180684653e-12,kg,,,,no_factor_in_ipcc_ar6_100
e38dd5b6-d4ca-3bd9-a52b-77a140e72d3b,Sodium azide,Elementary flows/emission/air,3.9895140669484315e-16,kg,,,,no_factor_in_ipcc_ar6_100
7062bd6b-3051-3f34-b8f2-3b4713df09db,Bis(2-chloroethyl) ether,Elementary flows/emission/water,4.2952558938158073e-16,kg,,,,no_factor_in_ipcc_ar6_100
9fcb0058-45dd-371b-8d8f-a4c8387bca9f,Pseudomonas fluorescens,Elementary flows/emission/air,1.4231813663616723e-15,kg,,,,no_factor_in_ipcc_ar6_100
20c65470-dfa9-3992-9c6a-16c8c5619251,Strychnine,Elementary flows/emission/air,2.956904258969021e-16,kg,,,,no_factor_in_ipcc_ar6_100
75c45983-ce8c-3003-9439-48059bf52e7f,Acetonitrile,Elementary flows/emission/ground,5.277359995417038e-15,kg,,,,no_factor_in_ipcc_ar6_100
2860bdb0-1195-3d87-bce7-9bdb409d152d,2-Mercaptobenzothiazole,Elementary flows/emission/ground,2.8101574292735944e-15,kg,,,,no_factor_in_ipcc_ar6_100
fca8a040-12fd-32a3-be90-09e30762a06c,"Toluene-2,6-diisocyanate",Elementary flows/emission/water,2.2840461246869892e-14,kg,,,,no_factor_in_ipcc_ar6_100
2da90d9e-5217-3850-b98c-11a5bd1f2363,Oxadiazon,Elementary flows/emission/air,9.66456498743887e-14,kg,,,,no_factor_in_ipcc_ar6_100
9841d406-9ba7-3749-9e59-0240724172b5,o-Nitrophenol,Elementary flows/emission/water,6.688284236563039e-16,kg,,,,no_factor_in_ipcc_ar6_100
c1bc287f-6b05-3342-ad5b-d09d3b0ef8bc,Halosulfuron,Elementary flows/emission/air,1.04732007241561e-13,kg,,,,no_factor_in_ipcc_ar6_100
e0d85b9c-32e7-3ab3-a615-31e92f7ec99f,p-Cresidine,Elementary flows/emission/water,6.641242900124007e-14,kg,,,,no_factor_in_ipcc_ar6_100
af1f4d83-5b7d-3b3f-b9a9-a95e80daf466,"1,1-Dichloroethylene",Elementary flows/emission/air,4.076525376860987e-08,kg,,,,no_factor_in_ipcc_ar6_100
a1888b90-495f-38e2-8b9a-23ffad617b65,Metsulfuron-methyl,Elementary flows/emission/water,4.130005017002404e-14,kg,,,,no_factor_in_ipcc_ar6_100
25870e03-d81c-303c-8a3a-491b1b58a3d9,Chloroprene,Elementary flows/emission/water,1.630422857128275e-14,kg,,,,no_factor_in_ipcc_ar6_100
1ed39c7d-b21c-3a99-9059-6a8d14a73489,Isobutyraldehyde,Elementary flows/emission/air,1.4903165933931844e-11,kg,,,,no_factor_in_ipcc_ar6_100
e7cfc6fe-4d91-3c57-816d-44aab520648f,Simazine,Elementary flows/emission/air,9.002773748230097e-12,kg,,,,no_factor_in_ipcc_ar6_100
04e873e5-4d70-348e-92a7-db9c5819be8f,Prothioconazole,Elementary flows/emission/water,6.601443178649199e-13,kg,,,,no_factor_in_ipcc_ar6_100
31f90001-1be9-39f9-ab70-d07c9ce644bc,Cryolite,Elementary flows/emission/water,1.5115068291968886e-14,kg,,,,no_factor_in_ipcc_ar6_100
1ad95828-852c-3ee7-9572-3a025441739c,Dicrotophos,Elementary flows/emission/water,3.361139683240329e-13,kg,,,,no_factor_in_ipcc_ar6_100
a59829c9-e5e8-3aba-bd65-c99b729f9994,1-Tetradecanol,Elementary flows/emission/air,4.2024501776812794e-16,kg,,,,no_factor_in_ipcc_ar6_100
0b728ef7-0efa-33be-8221-ac5ac1475f8c,Dimethenamid-P,Elementary flows/emission/air,2.0307400254293816e-11,kg,,,,no_factor_in_ipcc_ar6_100
d6081b05-f05d-38f1-93d7-eb893fe995f1,"2,6-Pyridinedicarboxylic acid",Elementary flows/emission/air,1.2991729272604961e-15,kg,,,,no_factor_in_ipcc_ar6_100
bb342be5-7489-32b3-9d11-192b7f49758b,Diisocyanates,Elementary flows/emission/air,1.0243699296967848e-08,kg,,,,no_factor_in_ipcc_ar6_100
d89987f8-6d0f-306d-8468-c6dc8978e9b7,MCPA-dimethylammonium,Elementary flows/emission/air,9.630429792330915e-13,kg,,,,no_factor_in_ipcc_ar6_100
ad8b1108-17dc-3cab-a6d5-de614c887177,Spirodiclofen,Elementary flows/emission/water,3.236485306515768e-14,kg,,,,no_factor_in_ipcc_ar6_100
f061c805-8779-33f5-bc19-59b3d22767d4,Pendimethalin,Elementary flows/emission/ground,1.5300791519731495e-12,kg,,,,no_factor_in_ipcc_ar6_100
552c70c8-60d7-334d-97a0-c6f6eefd03a4,Methoxone sodium salt,Elementary flows/emission/air,1.7492684593411919e-15,kg,,,,no_factor_in_ipcc_ar6_100
d7a16aee-dc3b-32ac-aa3f-3f7c88053b7e,Peracetic acid,Elementary flows/emission/ground,2.845413467850737e-13,kg,,,,no_factor_in_ipcc_ar6_100
a6acf5d8-c4e6-3414-812e-6f7eda416b43,2-Acetylaminofluorene,Elementary flows/emission/air,1.2384044813206299e-14,kg,,,,no_factor_in_ipcc_ar6_100
2ae980da-f816-3569-9f34-21a087ddd66e,HCFC-141b,Elementary flows/emission/water,6.297363396829569e-14,kg,,,,no_factor_in_ipcc_ar6_100
1debd972-bc23-3848-8f5e-8bb78a8e5421,Chloroprene,Elementary flows/emission/air,4.80857927052913e-09,kg,,,,no_factor_in_ipcc_ar6_100
155d9f28-c150-35db-8bd0-6b02e6f68228,Triphenyltin hydroxide,Elementary flows/emission/water,1.2916630604858822e-14,kg,,,,no_factor_in_ipcc_ar6_100
fa337141-3c00-3e8a-bc60-f52506cd893e,Clofentezine,Elementary flows/emission/water,6.943522657110456e-16,kg,,,,no_factor_in_ipcc_ar6_100
0079de55-858a-392b-b431-97a5e43e80c7,Quinclorac,Elementary flows/emission/water,6.741784277750664e-13,kg,,,,no_factor_in_ipcc_ar6_100
20d82e33-686d-3c3e-b50a-d604e7edd7c0,Ammonium 1-naphthaleneacetate,Elementary flows/emission/air,1.2035229465938108e-15,kg,,,,no_factor_in_ipcc_ar6_100
b28b7758-b0fb-3319-a3c8-9e21ac804f7b,"4,4'-Methylenedi(phenyl isocyanate)",Elementary flows/emission/air,1.104398598246437e-09,kg,,,,no_factor_in_ipcc_ar6_100
0dfd1d77-5e92-3f90-bc7d-02cfb73b9da2,Metribuzin,Elementary flows/emission/water,2.381081445644591e-12,kg,,,,no_factor_in_ipcc_ar6_100
b83f5005-8ef6-3847-a160-88dd7b0f4c16,2-Ethoxyethanol,Elementary flows/emission/ground,1.0680396696968296e-11,kg,,,,no_factor_in_ipcc_ar6_100
f4a174fc-178d-380e-8204-775c641f1ea0,Imazosulfuron,Elementary flows/emission/water,1.1867177236715001e-14,kg,,,,no_factor_in_ipcc_ar6_100
492f232f-eb81-321f-b938-74fc677644c7,Cymoxanil,Elementary flows/emission/water,2.1685075213993654e-14,kg,,,,no_factor_in_ipcc_ar6_100
2e1f0066-64a3-3ef7-85a6-12f623a6e5f4,Potassium 1-naphthaleneacetate,Elementary flows/emission/water,1.0468932226283174e-15,kg,,,,no_factor_in_ipcc_ar6_100
7573bbf3-dc0e-3fc0-8708-f0aafd29b8fd,Emamectin benzoate,Elementary flows/emission/water,8.908561962911495e-16,kg,,,,no_factor_in_ipcc_ar6_100
d1cfa86a-a826-37d5-9319-b3ccacc88945,Captan,Elementary flows/emission/air,8.591137644228198e-13,kg,,,,no_factor_in_ipcc_ar6_100
0d2d79b5-3248-391a-a754-86182de8c172,"4,4'-Methylenebis(2-chloroaniline)",Elementary flows/emission/air,1.1099466700574073e-12,kg,,,,no_factor_in_ipcc_ar6_100
a26a0c61-89f0-3417-889d-f0ad3349d8c1,Bromoxynil heptanoate,Elementary flows/emission/air,2.8433872294349907e-12,kg,,,,no_factor_in_ipcc_ar6_100
583d46c1-5a74-3c4e-9a41-06c622dec66f,Linuron,Elementary flows/emission/air,1.7305328051065834e-13,kg,,,,no_factor_in_ipcc_ar6_100
b265308f-4873-39a8-8566-1c70206ce817,Toluenediamine,Elementary flows/emission/air,5.013903027528649e-13,kg,,,,no_factor_in_ipcc_ar6_100
7662cc83-78ee-3bc1-b3f0-e7cc129ab0dc,Bromoxynil octanoate,Elementary flows/emission/air,8.416848636785922e-12,kg,,,,no_factor_in_ipcc_ar6_100
091629a8-56bd-3020-aac9-0b1228b6bb78,Flubendiamide,Elementary flows/emission/water,7.039277677897427e-14,kg,,,,no_factor_in_ipcc_ar6_100
3fd750fd-d560-3759-9f07-d4f6c62a3295,Fluazifop-P-butyl,Elementary flows/emission/water,5.80108312120588e-13,kg,,,,no_factor_in_ipcc_ar6_100
e1ed2ffa-3b8e-3976-bfc1-702da9858f48,"2,4-Dinitrophenol",Elementary flows/emission/water,1.61775695940088e-14,kg,,,,no_factor_in_ipcc_ar6_100
9014c27f-8295-3635-a35f-139a11c87c98,Fluoxastrobin,Elementary flows/emission/water,3.5359883575636854e-14,kg,,,,no_factor_in_ipcc_ar6_100
68a04c24-b324-3464-84e4-9c92ad918165,o-Chlorophenol,Elementary flows/emission/ground,1.877611931757516e-12,kg,,,,no_factor_in_ipcc_ar6_100
15645ad8-a42d-391c-85c8-4dbc26dd3ede,2-Chlorobiphenyl,Elementary flows/emission/air,1.1062902478574563e-18,kg,,,,no_factor_in_ipcc_ar6_100
57eba1d7-a579-3535-bd55-733fcc34609a,Methyl methacrylate,Elementary flows/emission/water,1.719321026177146e-14,kg,,,,no_factor_in_ipcc_ar6_100
a23fdf9f-9f32-3d35-9903-78036be6d27f,Cupric hydroxide,Elementary flows/emission/water,2.398427834560228e-12,kg,,,,no_factor_in_ipcc_ar6_100
8372ccc8-d246-3475-a82c-852daa5a272c,o-Anisidine,Elementary flows/emission/air,9.424968876082853e-14,kg,,,,no_factor_in_ipcc_ar6_100
c40e0f27-0094-3ce1-ba29-354c7173d6b0,Zinc phosphide,Elementary flows/emission/water,9.709859348497417e-16,kg,,,,no_factor_in_ipcc_ar6_100
9f5a4765-30fc-37ab-b772-cb46eaa02279,Clothianidin,Elementary flows/emission/water,3.4863709918478527e-15,kg,,,,no_factor_in_ipcc_ar6_100
c3623953-d581-353c-92ab-679430e148d9,Dazomet,Elementary flows/emission/air,2.7731861982587105e-14,kg,,,,no_factor_in_ipcc_ar6_100
347eca0e-b435-30d0-8e8c-02dd23cb9694,Titanium,Elementary flows/resource/ground,-9.760691315101864e-08,kg,,,,no_factor_in_ipcc_ar6_100
c1d90c3a-3d9e-3f8c-96d1-8c5193360389,Ethofumesate,Elementary flows/emission/air,8.664439617506332e-15,kg,,,,no_factor_in_ipcc_ar6_100
e90e48ca-7f0a-337e-be0a-d34bfef547cf,Pyriproxyfen,Elementary flows/emission/air,5.2638765016699425e-15,kg,,,,no_factor_in_ipcc_ar6_100
23bc29c9-5fa5-3269-b560-1d4b7a20842d,"1,1,1-Trichloroethane",Elementary flows/emission/water,4.799249173477031e-13,kg,,,,no_factor_in_ipcc_ar6_100
e29f95b0-7448-3c72-8560-dbea7253672c,Propargite,Elementary flows/emission/water,2.995563246834755e-12,kg,,,,no_factor_in_ipcc_ar6_100
2fe523cb-1729-3ec1-a8b2-44ce16a69b67,2-Methylpyridine,Elementary flows/emission/air,5.212169089403292e-13,kg,,,,no_factor_in_ipcc_ar6_100
bea061cb-6aa7-395f-a265-fd9a0ab37f52,Acrylamide,Elementary flows/emission/air,9.622892980732564e-12,kg,,,,no_factor_in_ipcc_ar6_100
2ea375a4-11fd-34ba-aaa2-980be2b31a15,CFC-113,Elementary flows/emission/water,1.9812410425042738e-13,kg,,,,no_factor_in_ipcc_ar6_100
92ee70ce-4d0a-3756-a312-a3a578973236,Pyriproxyfen,Elementary flows/emission/water,2.7672640849624825e-15,kg,,,,no_factor_in_ipcc_ar6_100
bfcae3ca-fb79-38cf-ad09-1332b8d8d0d1,Butyl acrylate,Elementary flows/emission/water,2.9738196546831666e-15,kg,,,,no_factor_in_ipcc_ar6_100
85d7ba35-e183-31ba-9cf4-6111e02e3a8a,Pyridine,Elementary flows/emission/ground,1.874795875305079e-14,kg,,,,no_factor_in_ipcc_ar6_100
b7643fb5-0299-371b-b148-3e24ab1c469e,Molybdenum,Elementary flows/resource/ground,-1.1314452427109754e-08,kg,,,,no_factor_in_ipcc_ar6_100
0d57875c-cada-3c40-bc73-37035e91e1ec,Oxamyl,Elementary flows/emission/water,7.082029460446891e-13,kg,,,,no_factor_in_ipcc_ar6_100
0b5dde18-808d-3361-acb2-83be954c5562,2-Ethoxyethanol,Elementary flows/emission/air,5.703335523605959e-09,kg,,,,no_factor_in_ipcc_ar6_100
34d4ba75-fa22-3076-8cef-fe713e96e083,Picric acid,Elementary flows/emission/air,5.7769273261082015e-15,kg,,,,no_factor_in_ipcc_ar6_100
0ee050b3-4433-30bf-acf1-17999ea82e35,Iron pentacarbonyl,Elementary flows/emission/air,9.919583780395744e-12,kg,,,,no_factor_in_ipcc_ar6_100
56c31551-4011-34db-9272-a54cfdfa2afc,MCPA-dimethylammonium,Elementary flows/emission/water,5.062802874106649e-13,kg,,,,no_factor_in_ipcc_ar6_100
f525a022-ef87-3229-b68c-ecad9331300b,Fenpyroximate,Elementary flows/emission/air,5.8895386644980605e-15,kg,,,,no_factor_in_ipcc_ar6_100
854d8b52-205d-3fab-a674-c9ec1a45b169,Mepiquat chloride,Elementary flows/emission/water,8.98277436333258e-13,kg,,,,no_factor_in_ipcc_ar6_100
2ca66af9-e9d3-3644-b68c-ac0fa1f3583c,Trichloroethylene,Elementary flows/emission/ground,9.483992515688282e-12,kg,,,,no_factor_in_ipcc_ar6_100
87b3216c-6d43-3eb5-877c-03efa7daff10,"Copper, bis(acetato-.kappa.O)diammine-",Elementary flows/emission/water,6.716923148441653e-15,kg,,,,no_factor_in_ipcc_ar6_100
2121ae9b-4bf1-3d60-9f5b-501e59ad3c39,Ethalfluralin,Elementary flows/emission/air,2.427387435825297e-12,kg,,,,no_factor_in_ipcc_ar6_100
cd29155b-4e6c-374e-8628-107b8d3aac40,Methyl iodide,Elementary flows/emission/water,7.036523958874897e-16,kg,,,,no_factor_in_ipcc_ar6_100
507c4ab6-c98f-3b4a-b8c8-d838d4cbcec8,Diethylene glycol monobutyl ether,Elementary flows/emission/air,5.286473015761474e-10,kg,,,,no_factor_in_ipcc_ar6_100
9169abbc-45d0-3a35-a2f6-daada3e28be0,Cyhalofop-butyl,Elementary flows/emission/air,3.1151653677818736e-13,kg,,,,no_factor_in_ipcc_ar6_100
5ea3dca0-5e00-3af3-9037-cb21cb0fdcfd,Diethanolamine,Elementary flows/emission/ground,1.4397278879746749e-10,kg,,,,no_factor_in_ipcc_ar6_100
a829b9c3-c586-32ec-a091-2e1f64389762,Topramezone,Elementary flows/emission/water,7.438038760334938e-14,kg,,,,no_factor_in_ipcc_ar6_100
d1bf18ca-6a7e-3aac-9441-fe68feef1f0c,Quinclorac,Elementary flows/emission/air,1.2824175498715082e-12,kg,,,,no_factor_in_ipcc_ar6_100
5cd3fe03-bd4d-3a1e-9e4c-4e294fa18ba9,Diphenylamine,Elementary flows/emission/air,2.7541977162046172e-12,kg,,,,no_factor_in_ipcc_ar6_100
62294b85-a622-332b-ae99-b3eac974b7e1,Tembotrione,Elementary flows/emission/air,1.5232045761226332e-12,kg,,,,no_factor_in_ipcc_ar6_100
8901d568-7a6e-3451-8199-bec7dc1f9afd,Bis(2-chloroethoxy)methane,Elementary flows/emission/air,2.6638775302880063e-18,kg,,,,no_factor_in_ipcc_ar6_100
0dd142ee-7e06-370a-8dc4-67c923f0b947,Pyroxsulam,Elementary flows/emission/water,8.918314902888665e-14,kg,,,,no_factor_in_ipcc_ar6_100
c443b39d-93fe-3ca8-a90b-2952c3a5f941,Hexazinone,Elementary flows/emission/water,2.1744018032811305e-15,kg,,,,no_factor_in_ipcc_ar6_100
2c6a4656-52d3-3fbf-9e1b-84a047d4c78c,Clay,Elementary flows/resource/ground,-1.5606022683645956e-05,kg,,,,no_factor_in_ipcc_ar6_100
11ea8f84-df6e-3f8d-8d70-8b4eacc8c65f,Napropamide,Elementary flows/emission/air,7.838473548204625e-15,kg,,,,no_factor_in_ipcc_ar6_100
a67fa540-b7e2-3416-b8ff-ba472210178f,Fluopicolide,Elementary flows/emission/water,2.160599925580759e-15,kg,,,,no_factor_in_ipcc_ar6_100
d9d04f3e-ec15-30d3-a3ab-cc33c00cfe7e,Ethylene glycol monomethyl ether acetate,Elementary flows/emission/air,2.7895535249731892e-14,kg,,,,no_factor_in_ipcc_ar6_100
34d6173b-16bf-35f7-a4c5-96ed874cb618,Dibutyl phthalate,Elementary flows/emission/water,5.3060238722795005e-18,kg,,,,no_factor_in_ipcc_ar6_100
740ba74b-a123-3f4c-bc1b-43288378c113,Methyl chloroacetate,Elementary flows/emission/air,3.4594119454919844e-14,kg,,,,no_factor_in_ipcc_ar6_100
134672e2-bb82-3ecb-8cd8-e8adcc51c1fa,Carbon tetrachloride,Elementary flows/emission/water,5.688529474949113e-12,kg,,,,no_factor_in_ipcc_ar6_100
48025083-f8d4-36b3-a265-b4759e4d93fb,Isobutyraldehyde,Elementary flows/emission/water,9.654028273763939e-15,kg,,,,no_factor_in_ipcc_ar6_100
c4ca45c2-8a21-3a9e-b43f-913c1fe716f4,Catechol,Elementary flows/emission/air,4.3701056533996355e-11,kg,,,,no_factor_in_ipcc_ar6_100
85564f41-ddca-362b-bb57-97900564a70a,"1,3-Butadiene",Elementary flows/emission/ground,1.8590095077849548e-14,kg,,,,no_factor_in_ipcc_ar6_100
a3659e38-b93c-3c45-9968-ada618a19f91,Diclosulam,Elementary flows/emission/air,4.5859536343236675e-14,kg,,,,no_factor_in_ipcc_ar6_100
5fbe0b26-0f91-3738-9782-dc578b49346b,Propoxur,Elementary flows/emission/air,1.4115674713339064e-15,kg,,,,no_factor_in_ipcc_ar6_100
ca2a48c6-8162-379c-bbd2-b64ec50c4ed9,Glufosinate-ammonium,Elementary flows/emission/air,3.9363842572870976e-12,kg,,,,no_factor_in_ipcc_ar6_100
7ae2994c-6010-30c6-b784-8ab50f5f07ef,Maleic hydrazide,Elementary flows/emission/water,6.509690516766667e-14,kg,,,,no_factor_in_ipcc_ar6_100
91c34ba4-b1c5-33b6-8373-fee76e5d65b4,Hydrochloric acid,Elementary flows/emission/ground,1.0239159795762106e-10,kg,,,,no_factor_in_ipcc_ar6_100
d9ed3dc2-f6f2-3436-ba72-ae400ff59248,Thidiazuron,Elementary flows/emission/air,2.213338622568063e-12,kg,,,,no_factor_in_ipcc_ar6_100
94270f4e-93ef-3668-860e-da1a2d8f9a8a,Bensulfuron-methyl,Elementary flows/emission/water,1.8908547350144383e-14,kg,,,,no_factor_in_ipcc_ar6_100
12aaa508-a741-36a0-99e5-b2ebca11c98b,Platinum,Elementary flows/resource/ground,-5.940071037159483e-12,kg,,,,no_factor_in_ipcc_ar6_100
bcdbf0d7-39d4-3284-989c-451856b05b0b,Streptomycin sulfate,Elementary flows/emission/water,1.8594498733084675e-14,kg,,,,no_factor_in_ipcc_ar6_100
5d4d44e0-583d-3d0f-9deb-02d0521024ce,CFC-11,Elementary flows/emission/water,6.300027083976863e-10,kg,,,,no_factor_in_ipcc_ar6_100
b61e086a-463f-3b36-b45d-649657392231,Pyrethrin I,Elementary flows/emission/air,2.7584727110124505e-15,kg,,,,no_factor_in_ipcc_ar6_100
bfac8683-a710-34db-ad12-e66234e96736,Methidathion,Elementary flows/emission/air,7.0770675849576035e-15,kg,,,,no_factor_in_ipcc_ar6_100
ad8fcde0-f5dc-384a-9868-2f4ef355c17e,Fenbutatin oxide,Elementary flows/emission/water,8.347618031684403e-15,kg,,,,no_factor_in_ipcc_ar6_100
80d946f2-befc-3447-809d-a483a6e35d37,Pentachlorobenzene,Elementary flows/emission/water,4.151146014577904e-16,kg,,,,no_factor_in_ipcc_ar6_100
707d6cd3-d2d2-383e-9852-bf063efcd75c,"1,2-Dibromo-3-chloropropane",Elementary flows/emission/air,5.941074226679642e-14,kg,,,,no_factor_in_ipcc_ar6_100
db18aef3-a5ae-31ec-871d-0d6e433b3595,Thiacloprid,Elementary flows/emission/water,8.608816342119902e-15,kg,,,,no_factor_in_ipcc_ar6_100
66c6fc98-3707-3b5f-80f2-e91df2ac7912,Perlite,Elementary flows/resource/ground,-3.9968101126631944e-07,kg,,,,no_factor_in_ipcc_ar6_100
b5396e0b-2dd1-32e1-ab4f-ef11a7af2db2,Trichlorfon,Elementary flows/emission/air,8.625432295245158e-16,kg,,,,no_factor_in_ipcc_ar6_100
a6ec695d-c0d4-36a0-8ce6-afaa4239590c,Antimony,Elementary flows/emission/ground,7.13735333792651e-12,kg,,,,no_factor_in_ipcc_ar6_100
c98fa969-8fa9-3297-b179-d35211e896d1,o-Xylene,Elementary flows/emission/ground,1.9772474580930537e-14,kg,,,,no_factor_in_ipcc_ar6_100
a179a626-7ab4-3196-96f3-971a6ca130f8,Bendiocarb,Elementary flows/emission/air,3.196648916568614e-16,kg,,,,no_factor_in_ipcc_ar6_100
927b067a-7537-36f6-bad0-ca7b576845fd,Zinc,Elementary flows/emission/ground,9.491950181237721e-09,kg,,,,no_factor_in_ipcc_ar6_100
9068d293-7ee0-3df6-8814-ee6639a348b0,Hexythiazox,Elementary flows/emission/water,1.6806237262013155e-15,kg,,,,no_factor_in_ipcc_ar6_100
94b9c358-b9d7-3280-94d4-9cd15b1196b9,Acetamiprid,Elementary flows/emission/water,6.316201723122057e-14,kg,,,,no_factor_in_ipcc_ar6_100
688ccc01-f249-3a9e-ad14-69ddea546d46,Vinyl acetate,Elementary flows/emission/ground,9.581251940127958e-13,kg,,,,no_factor_in_ipcc_ar6_100
84dd356a-4436-30d9-8259-cab9f7fbb457,Cyclanilide,Elementary flows/emission/air,1.0358424113176008e-12,kg,,,,no_factor_in_ipcc_ar6_100
8a6dad57-a701-3f49-adae-1afad8558d7d,Picloram,Elementary flows/emission/air,2.9615391153659055e-14,kg,,,,no_factor_in_ipcc_ar6_100
b85d032e-0196-389b-ae4f-3141a64b842b,Thiamethoxam,Elementary flows/emission/air,4.2233105290784063e-13,kg,,,,no_factor_in_ipcc_ar6_100
adb187fe-d527-3d13-92f3-9284118ac89f,Oxyfluorfen,Elementary flows/emission/air,1.6507776101889602e-13,kg,,,,no_factor_in_ipcc_ar6_100
3610199c-5ae9-37ab-b3f5-a9c0edd45f23,Cyanazine,Elementary flows/emission/air,8.879593884933224e-16,kg,,,,no_factor_in_ipcc_ar6_100
9afc67d8-8944-3b59-b1a5-e751c6a273ab,Picloram,Elementary flows/emission/water,2.3483533670718696e-15,kg,,,,no_factor_in_ipcc_ar6_100
34b3b4d7-5fbf-3d1d-b513-bd9fb749b6f0,Acrylamide,Elementary flows/emission/ground,3.9449588496740473e-13,kg,,,,no_factor_in_ipcc_ar6_100
21141567-3166-34c9-92e3-1fff41b8f480,Diuron,Elementary flows/emission/ground,1.606455534213609e-13,kg,,,,no_factor_in_ipcc_ar6_100
54f1551e-8b6a-32ab-b289-6abd2043434d,Dazomet,Elementary flows/emission/water,3.9066798207285446e-14,kg,,,,no_factor_in_ipcc_ar6_100
cc49cc20-7848-338b-8c4c-3bcfff595eb9,Methamidophos,Elementary flows/emission/air,1.5503352505638773e-15,kg,,,,no_factor_in_ipcc_ar6_100
e894059b-e0ac-30a5-af86-2ac9b250089e,Glyphosate-trimesium,Elementary flows/emission/air,9.521066271559153e-13,kg,,,,no_factor_in_ipcc_ar6_100
ecfcc16c-1a1c-33d2-b9ac-486d3bede4c3,Manganese,Elementary flows/emission/ground,2.129715071252868e-08,kg,,,,no_factor_in_ipcc_ar6_100
affc3f7b-6f37-3ff0-beb0-981ec1567bc3,Gold,Elementary flows/resource/ground,-3.491988667117407e-10,kg,,,,no_factor_in_ipcc_ar6_100
a1c419d5-9ecc-3c3a-b5f2-372350255e98,Mandipropamid,Elementary flows/emission/water,2.123424221549291e-14,kg,,,,no_factor_in_ipcc_ar6_100
390b0a40-a3a7-3f1e-87db-fa1b733009e4,Oxytetracycline,Elementary flows/emission/air,4.5171922088058744e-14,kg,,,,no_factor_in_ipcc_ar6_100
7ea18e47-4131-3df6-8f5a-86c346648086,"1,1,1-Trichloroethane",Elementary flows/emission/ground,1.9409446453487164e-12,kg,,,,no_factor_in_ipcc_ar6_100
bc172fc7-2f1c-34f1-b9ba-fd0d2ff8632d,Nicotine,Elementary flows/emission/air,1.3671881395556416e-13,kg,,,,no_factor_in_ipcc_ar6_100
72e54433-a3d9-348d-aac4-684499fea92b,Bentonite,Elementary flows/resource/ground,-4.60212964512618e-06,kg,,,,no_factor_in_ipcc_ar6_100
f66c6a4d-26e1-3d1c-b307-8ad76f7a7a37,"2,3-Dichloropropene",Elementary flows/emission/air,9.073239862247101e-14,kg,,,,no_factor_in_ipcc_ar6_100
c84f9368-f27b-3698-badf-84728a9a170b,Palladium,Elementary flows/resource/ground,-1.9850216926171762e-11,kg,,,,no_factor_in_ipcc_ar6_100
103aa475-358a-39c9-a735-ebaa28284296,Rhenium ore,Elementary flows/resource/ground,-1.3875978318466694e-11,kg,,,,no_factor_in_ipcc_ar6_100
102ddb5c-92b1-3112-b26e-ec320784b36b,Emamectin benzoate,Elementary flows/emission/air,1.6945829753767989e-15,kg,,,,no_factor_in_ipcc_ar6_100
1633cea3-311a-3667-a428-419522a8065d,Ammonia,Elementary flows/emission/ground,2.08103326283921e-09,kg,,,,no_factor_in_ipcc_ar6_100
b94c95f5-c13e-3a41-80d5-a674dfefc962,Piperonyl butoxide,Elementary flows/emission/water,4.259604735716571e-15,kg,,,,no_factor_in_ipcc_ar6_100
b9cd494b-8d10-349e-b056-010052f122e6,Difenoconazole,Elementary flows/emission/water,3.2796230033288586e-14,kg,,,,no_factor_in_ipcc_ar6_100
4f5e8900-1ff9-3ff0-bdbc-f6451ccd1d66,Dichlobenil,Elementary flows/emission/water,1.2534308065595545e-15,kg,,,,no_factor_in_ipcc_ar6_100
62fc2b8a-a307-36de-bd26-8804fad57c34,p-Dinitrobenzene,Elementary flows/emission/water,6.49588142926354e-16,kg,,,,no_factor_in_ipcc_ar6_100
ae604834-c49a-3ebb-b15b-06e6e89e427e,Natural gas,Elementary flows/resource/air,-24.12491438934381,MJ,,,,no_factor_in_ipcc_ar6_100
dcb4d402-1cbf-3543-ad43-69eebc1ce107,Linuron,Elementary flows/emission/water,9.064656067217822e-14,kg,,,,no_factor_in_ipcc_ar6_100
9002e382-4f08-3d17-8e95-5ffa003840b5,Formetanate hydrochloride,Elementary flows/emission/water,2.2517567756618198e-14,kg,,,,no_factor_in_ipcc_ar6_100
fe02f4f5-4622-3a6b-beff-deb065c70a90,Bromoxynil octanoate,Elementary flows/emission/water,7.456991818800123e-12,kg,,,,no_factor_in_ipcc_ar6_100
5289bf41-498f-37fa-b665-802181004e7c,Hexythiazox,Elementary flows/emission/air,3.1968718154381948e-15,kg,,,,no_factor_in_ipcc_ar6_100
56fc39b2-1d6b-33dc-9308-97d6b90be7c2,Primisulfuron-methyl,Elementary flows/emission/water,1.1867177236715001e-14,kg,,,,no_factor_in_ipcc_ar6_100
bb695913-ef6b-3d27-be10-d8bba52cf071,Methyl acrylate,Elementary flows/emission/ground,1.1311435134160086e-15,kg,,,,no_factor_in_ipcc_ar6_100
19bbeb4b-27cf-3f16-be71-d4c700a6a7ef,Triforine,Elementary flows/emission/air,8.879593884933224e-16,kg,,,,no_factor_in_ipcc_ar6_100
c128dfdb-e9be-3ea3-b64e-a27ba8d81d23,"1,2,4-Trimethylbenzene",Elementary flows/emission/ground,5.158431078835756e-12,kg,,,,no_factor_in_ipcc_ar6_100
77a7c873-a5bf-36fd-8301-305ff6cbff08,Imazaquin,Elementary flows/emission/water,1.2151251671225267e-13,kg,,,,no_factor_in_ipcc_ar6_100
b3380c2d-db5c-3aaf-a027-de34dfefcffa,Myclobutanil,Elementary flows/emission/air,6.230861207848017e-14,kg,,,,no_factor_in_ipcc_ar6_100
53cbf6a6-5014-3b90-938d-7a92ed661ef6,Hexazinone,Elementary flows/emission/air,3.541300748990172e-14,kg,,,,no_factor_in_ipcc_ar6_100
3fdab9f1-0e90-38e0-a316-2c9c066d63a5,Dichloropropene,Elementary flows/emission/air,5.895542723992081e-11,kg,,,,no_factor_in_ipcc_ar6_100
33e76b18-4f77-3222-b816-4b1f6796aa06,Sulfosulfuron,Elementary flows/emission/water,3.5793378789153935e-14,kg,,,,no_factor_in_ipcc_ar6_100
cb03dd25-a00c-39fb-95f0-77eed0a046cd,Triethylamine,Elementary flows/emission/ground,2.542936982624886e-14,kg,,,,no_factor_in_ipcc_ar6_100
e66920ae-9a14-3526-a259-a00699338d01,Chloropicrin,Elementary flows/emission/air,2.9228579967909996e-12,kg,,,,no_factor_in_ipcc_ar6_100
562680dd-9689-31d1-8b4b-b1defa1da49a,Glufosinate-ammonium,Elementary flows/emission/water,8.16904001169362e-12,kg,,,,no_factor_in_ipcc_ar6_100
f7d56d30-81d6-35dd-bad1-9f405ea7bd8f,Potassium N-methyldithiocarbamate,Elementary flows/emission/air,3.6869216581155424e-12,kg,,,,no_factor_in_ipcc_ar6_100
b61fe31a-5e7f-3d90-96b1-4c1e11cc6bac,Oryzalin,Elementary flows/emission/air,2.1442805538830496e-13,kg,,,,no_factor_in_ipcc_ar6_100
c7f2a38d-020f-3a83-88b7-042107d0d48d,Mandipropamid,Elementary flows/emission/air,4.039163313796183e-14,kg,,,,no_factor_in_ipcc_ar6_100
b2f82321-4f69-3984-b33b-8c8363e113d7,"1,2-Butylene oxide",Elementary flows/emission/air,1.0744354135032648e-11,kg,,,,no_factor_in_ipcc_ar6_100
1be6c967-018d-3b68-867b-d8d3c7bf825c,"Phenol, 2-methoxy-4-methyl-",Elementary flows/emission/ground,7.13066822498432e-12,kg,,,,no_factor_in_ipcc_ar6_100
d3d2c8af-a18d-3305-935a-979a4eb07e58,N-Nitrosodiphenylamine,Elementary flows/emission/air,1.9409776303049443e-15,kg,,,,no_factor_in_ipcc_ar6_100
be6ef14b-8dbc-3e7a-af1f-7038e5a68cbf,Malathion,Elementary flows/emission/air,2.4157143066642823e-11,kg,,,,no_factor_in_ipcc_ar6_100
44bcd5c8-e1f5-36a6-9b09-92df6b29c8c4,Fludioxonil,Elementary flows/emission/water,1.7360576935006764e-14,kg,,,,no_factor_in_ipcc_ar6_100
27b5d009-1def-3e84-afb4-7577b6b48fda,Metiram,Elementary flows/emission/air,1.835004694572173e-13,kg,,,,no_factor_in_ipcc_ar6_100
7ecc7d81-b7eb-3f49-93ea-415f96eb08cb,Dinoseb,Elementary flows/emission/water,2.3483533670718696e-15,kg,,,,no_factor_in_ipcc_ar6_100
7ba16706-b536-368e-8c82-888133de8c67,Mesosulfuron-methyl,Elementary flows/emission/air,4.0804327834080145e-14,kg,,,,no_factor_in_ipcc_ar6_100
e707b54d-acb8-3191-a07a-3cdd8518e7a7,Ethofumesate,Elementary flows/emission/water,4.554976388110699e-15,kg,,,,no_factor_in_ipcc_ar6_100
86247a7d-a038-303f-bdf1-63421aa72825,Diuron,Elementary flows/emission/air,1.0421673170632873e-11,kg,,,,no_factor_in_ipcc_ar6_100
3557d083-c228-3b3f-9b14-e773e858bca4,Temephos,Elementary flows/emission/air,6.19036663777353e-17,kg,,,,no_factor_in_ipcc_ar6_100
e20a37b7-f8e2-39ca-a37b-032c3be7e86f,Ziram,Elementary flows/emission/air,6.060142884626376e-13,kg,,,,no_factor_in_ipcc_ar6_100
b0962067-3f2e-3805-8686-46bd5c8c9d94,Florasulam,Elementary flows/emission/air,1.455666721344828e-14,kg,,,,no_factor_in_ipcc_ar6_100
6a6dc8aa-26ee-3069-9ef9-fe737909640f,Heptachlor,Elementary flows/emission/air,1.0734800315783165e-15,kg,,,,no_factor_in_ipcc_ar6_100
1c0f7bac-3f4c-3e31-b818-5e298f309697,Lindane,Elementary flows/emission/air,5.2307271357675595e-15,kg,,,,no_factor_in_ipcc_ar6_100
255db6ce-5f1f-3b99-80ee-7757785a010c,Tetraconazole,Elementary flows/emission/water,4.365460637426549e-14,kg,,,,no_factor_in_ipcc_ar6_100
76a48f74-314d-37c3-9d5d-2080a05848e2,Bifenthrin,Elementary flows/emission/air,2.5036159878164595e-12,kg,,,,no_factor_in_ipcc_ar6_100
7b1134b1-38d5-3b52-868a-dba5d78a0b4d,Toxaphene,Elementary flows/emission/air,3.822240270473244e-15,kg,,,,no_factor_in_ipcc_ar6_100
e9be3546-c54f-3ebc-96a2-a8897de5755f,Cupric sulfate,Elementary flows/emission/air,2.3701987865553406e-12,kg,,,,no_factor_in_ipcc_ar6_100
7ccea28f-7417-3533-ba59-a21f92f6ade3,1-Naphthaleneacetic acid sodium salt,Elementary flows/emission/water,4.0416630747418136e-16,kg,,,,no_factor_in_ipcc_ar6_100
609ecce8-4cd4-3949-8184-f62e9fc1ca13,Thiophanate-methyl,Elementary flows/emission/air,6.414093449921287e-13,kg,,,,no_factor_in_ipcc_ar6_100
6d075098-07fe-361a-9857-5df359830130,Osmium tetroxide,Elementary flows/emission/air,4.4397979535358053e-16,kg,,,,no_factor_in_ipcc_ar6_100
9780cc31-a674-3db4-a656-a11aff35430c,Diethylene glycol monobutyl ether acetate,Elementary flows/emission/air,7.569339413539458e-12,kg,,,,no_factor_in_ipcc_ar6_100
8aa988b3-f285-3c5b-8ae5-4d0becdf1af2,Thifensulfuron,Elementary flows/emission/water,3.286876950509291e-13,kg,,,,no_factor_in_ipcc_ar6_100
dc99ade9-cb5e-3b41-a914-16e54f86d6fc,Nicotine,Elementary flows/emission/ground,7.136627707798534e-14,kg,,,,no_factor_in_ipcc_ar6_100
d51ba3d7-8bc1-3c34-804e-ffff9026a314,Quinoline,Elementary flows/emission/water,2.1263023458537336e-14,kg,,,,no_factor_in_ipcc_ar6_100
076a10b9-d926-33f7-b146-10a1e778d9e7,Benfluralin,Elementary flows/emission/air,1.4002869076523424e-13,kg,,,,no_factor_in_ipcc_ar6_100
ef583e66-7a1d-3527-86d4-96edcba5d25c,Spiromesifen,Elementary flows/emission/water,2.706124398212567e-14,kg,,,,no_factor_in_ipcc_ar6_100
f74132da-f9ea-3052-985b-7d86074eaa5b,Dimethoate,Elementary flows/emission/air,2.056685114603997e-12,kg,,,,no_factor_in_ipcc_ar6_100
a788bade-3e5a-31d7-82d6-10d0b4d359ae,Methanol,Elementary flows/emission/ground,1.4077632573895571e-09,kg,,,,no_factor_in_ipcc_ar6_100
14d14151-12b4-3138-8f7b-04aa0f51e9ac,Cyclohexanol,Elementary flows/emission/air,7.1732119403748664e-12,kg,,,,no_factor_in_ipcc_ar6_100
47a591bc-286d-37f4-9988-154080b687a2,Acetophenone,Elementary flows/emission/water,1.0971291423270595e-13,kg,,,,no_factor_in_ipcc_ar6_100
7993ee59-249a-3401-a98e-4bd52017f53b,Nabam,Elementary flows/emission/air,1.909775292748361e-15,kg,,,,no_factor_in_ipcc_ar6_100
9c7e9ab2-1ec2-3090-8a09-dda359a6e53c,Sulfosulfuron,Elementary flows/emission/air,6.808591873956421e-14,kg,,,,no_factor_in_ipcc_ar6_100
19be0c5c-690b-32d0-a36e-be3e629a4518,Vermiculite,Elementary flows/resource/ground,-8.862107024951568e-08,kg,,,,no_factor_in_ipcc_ar6_100
aa62de32-2b92-3830-8a50-0ea500367252,Tetracycline hydrochloride,Elementary flows/emission/air,1.818094811147162e-15,kg,,,,no_factor_in_ipcc_ar6_100
20f73631-8e5a-3b2c-982e-bafdfa25949e,4-Dimethylaminoazobenzene,Elementary flows/emission/air,1.708943265749482e-13,kg,,,,no_factor_in_ipcc_ar6_100
89343249-1d5a-3087-8bd1-ddacd93c50cb,Gamma-cyhalothrin,Elementary flows/emission/air,4.195844914945227e-14,kg,,,,no_factor_in_ipcc_ar6_100
9b11840d-e57d-380c-9664-e796db754598,Aldrin,Elementary flows/emission/air,1.5640534617244876e-15,kg,,,,no_factor_in_ipcc_ar6_100
c5fa9630-9320-3544-8940-59418b54bcd9,Zoxamide,Elementary flows/emission/air,2.8690198937089e-14,kg,,,,no_factor_in_ipcc_ar6_100
55626e1d-1bc7-3026-b32a-6cbd59ae5be6,Toxaphene,Elementary flows/emission/ground,1.7686731457795191e-16,kg,,,,no_factor_in_ipcc_ar6_100
31b869ba-cbbf-3b40-89fa-783676a3f19c,1-Naphthaleneacetic acid sodium salt,Elementary flows/emission/air,7.688011105953028e-16,kg,,,,no_factor_in_ipcc_ar6_100
56cf1030-8347-3d92-a1ef-a3e585f02d10,Dihydrosafrole,Elementary flows/emission/air,9.238329097287257e-17,kg,,,,no_factor_in_ipcc_ar6_100
cda08af2-fcc5-3db1-a5d3-bc30c46bf949,Florasulam,Elementary flows/emission/water,7.652570976431771e-15,kg,,,,no_factor_in_ipcc_ar6_100
49401675-a243-345b-abfd-47fc51a0d64a,Cyclanilide,Elementary flows/emission/water,5.445516173870956e-13,kg,,,,no_factor_in_ipcc_ar6_100
1c32100a-00ba-31e3-8dd0-4d853bc1b848,"1-(3-Chloroallyl)-3,5,7-Triaza-1-azoniaadamantane chloride",Elementary flows/emission/air,9.228417433696523e-14,kg,,,,no_factor_in_ipcc_ar6_100
06c21888-f496-39b0-964b-0c82cac88c2f,2-Butanol,Elementary flows/emission/ground,4.9534645865071755e-14,kg,,,,no_factor_in_ipcc_ar6_100
99827aba-819f-37ea-b9a3-33b03c9f6ef5,Thiodicarb,Elementary flows/emission/water,3.5954077133029715e-14,kg,,,,no_factor_in_ipcc_ar6_100
862cb093-c10a-3535-8ecd-06d26f013bb6,"2,4-D isopropylamine salt",Elementary flows/emission/water,1.3591660771186846e-13,kg,,,,no_factor_in_ipcc_ar6_100
cb28ac5e-fe73-3044-b593-9553f1a81595,HCFC-132b,Elementary flows/emission/water,5.624142513156817e-15,kg,,,,no_factor_in_ipcc_ar6_100
0a69c698-a3b0-3945-884c-0a75e5f4a444,"1,4-Dichloro-2-butene",Elementary flows/emission/air,2.0480264873252914e-13,kg,,,,no_factor_in_ipcc_ar6_100
c15f6652-791c-3336-8515-92c3233b14eb,(1S)-Abscisic acid,Elementary flows/emission/air,7.15795031266982e-16,kg,,,,no_factor_in_ipcc_ar6_100
4ab2a9f6-5aba-37fc-bd02-b3ad38ce2ce8,Orthosulfamuron,Elementary flows/emission/air,9.029466738165118e-15,kg,,,,no_factor_in_ipcc_ar6_100
b7e51d91-0ae6-3d62-9369-39e65d8a516c,5-Fluorouracil,Elementary flows/emission/ground,2.133945484988723e-14,kg,,,,no_factor_in_ipcc_ar6_100
11e8319a-3ca1-3db2-b84a-9340145c3766,Spinetoram L,Elementary flows/emission/air,2.9471027549217e-14,kg,,,,no_factor_in_ipcc_ar6_100
89be7196-9d54-3cb5-925f-6c5c215e70e0,Acrylamide,Elementary flows/emission/water,2.2654588960407693e-14,kg,,,,no_factor_in_ipcc_ar6_100
e4955526-0af2-3baf-8600-8c75589b5404,"2,2-Bis(bromomethyl)-1,3-propanediol",Elementary flows/emission/air,2.4875145432851378e-14,kg,,,,no_factor_in_ipcc_ar6_100
42df400c-f406-3de6-a6f9-3961ebdf8ade,Captan,Elementary flows/emission/water,1.1485908958478712e-12,kg,,,,no_factor_in_ipcc_ar6_100
2cd68393-126c-3f60-914c-94d44cad9572,Chlorsulfuron,Elementary flows/emission/air,1.4752178910752342e-13,kg,,,,no_factor_in_ipcc_ar6_100
5a4322fe-a50a-3123-852d-b138c64a9288,Dimethyl phthalate,Elementary flows/emission/ground,2.01661189906865e-13,kg,,,,no_factor_in_ipcc_ar6_100
20d683eb-867c-3659-9550-c46a8e66c73b,Pentachlorobenzene,Elementary flows/emission/ground,1.3628332511141966e-16,kg,,,,no_factor_in_ipcc_ar6_100
e5c725f0-1532-35e3-86d0-8fc3bd128bac,"Hydrocarbons, petroleum",Elementary flows/emission/air,1.5978832696625e-12,kg,,,,no_factor_in_ipcc_ar6_100
2c9c06a2-deb8-3178-a62c-a4700a5ca595,Methiocarb,Elementary flows/emission/air,8.879646832352262e-17,kg,,,,no_factor_in_ipcc_ar6_100
b1e2765b-cddb-3f36-8863-01955d7216db,1-Naphthaleneacetamide,Elementary flows/emission/water,2.898996013283069e-16,kg,,,,no_factor_in_ipcc_ar6_100
9e5a4016-0232-302d-89e5-401ba4d8f927,Flumetsulam,Elementary flows/emission/water,7.903606044609223e-13,kg,,,,no_factor_in_ipcc_ar6_100
d71e7eec-b7f6-33a2-9350-70d1d424ad41,Forchlorfenuron,Elementary flows/emission/water,1.2955773334007673e-15,kg,,,,no_factor_in_ipcc_ar6_100
ec1ff388-9bbb-367f-828c-f7b4f7ceaa47,Copper,Elementary flows/emission/ground,4.5252052392399074e-08,kg,,,,no_factor_in_ipcc_ar6_100
fddff054-6788-3446-ae4b-543618b8b1ee,Trifloxysulfuron-sodium,Elementary flows/emission/air,2.64474037754378e-14,kg,,,,no_factor_in_ipcc_ar6_100
f23a63c5-2c17-385d-ba09-8554f44edbfa,Sodium dicamba,Elementary flows/emission/ground,1.2619419174446971e-14,kg,,,,no_factor_in_ipcc_ar6_100
d6d40356-2c5c-3ae0-89a9-fec2a41f07b2,Nitrate,Elementary flows/emission/ground,5.96188762797736e-11,kg,,,,no_factor_in_ipcc_ar6_100
3a2ab891-b74f-3e0b-a22c-40164903982d,"4,6-Dinitro-o-cresol",Elementary flows/emission/air,1.696597351836322e-11,kg,,,,no_factor_in_ipcc_ar6_100
de505271-cd4f-35a7-b6a1-e1939c87d14c,"Acifluorfen, sodium salt",Elementary flows/emission/water,6.904815766880078e-13,kg,,,,no_factor_in_ipcc_ar6_100
d12dc9c7-2100-3a64-a398-1b050f8d2a34,"Toluene-2,4-diisocyanate",Elementary flows/emission/air,5.581164811060856e-12,kg,,,,no_factor_in_ipcc_ar6_100
a910eadb-362f-376e-9597-24adc8497c3d,Famoxadone,Elementary flows/emission/air,3.30981316113807e-14,kg,,,,no_factor_in_ipcc_ar6_100
5b3af35e-4dc7-3283-b958-1e9abe85ac8d,"2,6-Xylidine",Elementary flows/emission/air,1.9065072676559669e-13,kg,,,,no_factor_in_ipcc_ar6_100
43d42eed-5808-367c-a136-4c01964b77f4,Propanil,Elementary flows/emission/water,2.031834546266702e-11,kg,,,,no_factor_in_ipcc_ar6_100
619ab130-c315-3dba-8dd8-f5112ab11c6f,"N,N-Dimethylpiperidinium pentaborate",Elementary flows/emission/air,2.1157924880850362e-13,kg,,,,no_factor_in_ipcc_ar6_100
2be3e5dd-74cd-3a35-a27a-105c02e54c25,3-Chloro-2-methyl-1-propene,Elementary flows/emission/air,2.6762993158392313e-14,kg,,,,no_factor_in_ipcc_ar6_100
5304c52f-36a5-308e-b7c4-1df67a6a1c4d,Fenhexamid,Elementary flows/emission/air,7.197099218703335e-14,kg,,,,no_factor_in_ipcc_ar6_100
9d74cf85-3e66-32c5-990b-f0c118ebb3dc,Resmethrin,Elementary flows/emission/air,8.879593884933222e-18,kg,,,,no_factor_in_ipcc_ar6_100
023cb271-e827-30b3-a1a2-a151d932ab88,Cycloate,Elementary flows/emission/air,8.721822080320113e-15,kg,,,,no_factor_in_ipcc_ar6_100
9bc1667d-71a0-3be5-97fa-48ef797bfdbc,Tribenuron-methyl,Elementary flows/emission/water,1.4070250343794122e-13,kg,,,,no_factor_in_ipcc_ar6_100
4a21e367-263f-39b1-8080-f95359206c82,Pentachloroethane,Elementary flows/emission/air,1.712772734595687e-11,kg,,,,no_factor_in_ipcc_ar6_100
cd5ba05e-ab6d-3f70-b506-3048b74c979d,Chloronaphthalene,Elementary flows/emission/air,1.6568026327587733e-15,kg,,,,no_factor_in_ipcc_ar6_100
0c77fdaf-6a04-3412-bb0f-2230ae482cd5,Aluminum phosphide,Elementary flows/emission/air,1.234604187403132e-13,kg,,,,no_factor_in_ipcc_ar6_100
023bc0f2-429a-32c2-a1ba-7b336085e764,Bromacil,Elementary flows/emission/air,2.4030141322182444e-13,kg,,,,no_factor_in_ipcc_ar6_100
911895a5-1709-3e4a-8fb4-2facc08d7fc5,Acibenzolar-S-methyl,Elementary flows/emission/water,1.1067258867685357e-16,kg,,,,no_factor_in_ipcc_ar6_100
acca5499-e30e-36e8-9e2c-447d87ebb7ba,Spinosad,Elementary flows/emission/water,1.7904875032130653e-14,kg,,,,no_factor_in_ipcc_ar6_100
e63654f1-f931-3066-a6ed-6e870bb0603d,Diazinon,Elementary flows/emission/water,3.902870510187596e-14,kg,,,,no_factor_in_ipcc_ar6_100
cc6e343d-b2e6-38f2-bdf8-21a23e49ee97,Kyanite,Elementary flows/resource/ground,-9.748317987442765e-08,kg,,,,no_factor_in_ipcc_ar6_100
8bd6ef6d-351a-39c8-8ede-e317af28f417,1-Naphthaleneacetamide,Elementary flows/emission/air,5.514472954390447e-16,kg,,,,no_factor_in_ipcc_ar6_100
5d4e19e6-298e-3d8a-aaab-9c696fb05242,Tetrachloroethylene,Elementary flows/emission/ground,9.452309683695003e-14,kg,,,,no_factor_in_ipcc_ar6_100
8a6aa06f-0a77-3765-9933-6f88b02124a6,2-Phenylphenol,Elementary flows/emission/water,2.227793104449337e-16,kg,,,,no_factor_in_ipcc_ar6_100
e1c9e7a9-f7fb-31be-b800-00db07f95528,Ferbam,Elementary flows/emission/air,1.1543478773102104e-15,kg,,,,no_factor_in_ipcc_ar6_100
ade872db-a289-3467-bca5-112f4b96e874,Nickel,Elementary flows/emission/ground,3.26403181011455e-07,kg,,,,no_factor_in_ipcc_ar6_100
27280e4a-ec1a-339d-990e-bb5a8a225663,"1,2,3-Trichloropropane",Elementary flows/emission/air,4.848183557144373e-13,kg,,,,no_factor_in_ipcc_ar6_100
26499c54-0f98-397a-9a0a-fb05ac9f44a2,Bensulide,Elementary flows/emission/air,2.400274392806827e-13,kg,,,,no_factor_in_ipcc_ar6_100
62cd31b8-5b43-3b52-9357-fbe8485821ee,C.I. Direct Black 38,Elementary flows/emission/air,2.0339808484250816e-15,kg,,,,no_factor_in_ipcc_ar6_100
63cd74cb-b8e4-35c4-8767-678933bf906f,Sodium dicamba,Elementary flows/emission/air,3.246435523489581e-12,kg,,,,no_factor_in_ipcc_ar6_100
8e7f9ebe-49b9-3763-a526-b9859b6cf5cd,Pyridaben,Elementary flows/emission/air,1.6874409791299097e-14,kg,,,,no_factor_in_ipcc_ar6_100
4dc0c5f5-94ef-31d0-942f-add762355ca2,Pymetrozine,Elementary flows/emission/air,8.843945087854661e-15,kg,,,,no_factor_in_ipcc_ar6_100
89a3894e-ff14-38c8-96eb-db49b1ad7879,Nitromethane,Elementary flows/emission/water,4.151372717219288e-15,kg,,,,no_factor_in_ipcc_ar6_100
d041393b-2864-3283-ac04-5557b0223a44,Potassium bromate,Elementary flows/emission/air,1.0449347613117614e-15,kg,,,,no_factor_in_ipcc_ar6_100
8a4538c9-bee7-3e4d-b451-c4654228d92d,Pymetrozine,Elementary flows/emission/water,4.649340727787736e-15,kg,,,,no_factor_in_ipcc_ar6_100
0f4d7675-6f58-3dd9-8204-a138b69ea3f0,Chlorantraniliprole,Elementary flows/emission/air,3.856356191017605e-14,kg,,,,no_factor_in_ipcc_ar6_100
94f79908-8e82-32cd-a369-5a83170b0490,N-Methylolacrylamide,Elementary flows/emission/water,2.4627852405955012e-15,kg,,,,no_factor_in_ipcc_ar6_100
2a3a08d3-e0b8-3cc3-a907-815524f2b7ba,Cyclohexane,Elementary flows/emission/ground,2.3259042428511275e-13,kg,,,,no_factor_in_ipcc_ar6_100
36bd817c-b57c-31d2-8a08-18945cc2596a,Chlorothalonil,Elementary flows/emission/water,3.106627975439555e-11,kg,,,,no_factor_in_ipcc_ar6_100
b7af9edf-322e-3a38-90eb-4cf737b3e50a,MCPA-isooctyl,Elementary flows/emission/water,3.309799459547806e-13,kg,,,,no_factor_in_ipcc_ar6_100
67b9cc0b-261c-3b14-ae73-b88855d26a0f,Pyridine,Elementary flows/emission/air,7.907213666259515e-12,kg,,,,no_factor_in_ipcc_ar6_100
461051e0-0d10-32aa-8813-9987ab2ba4fe,Monosodium methanearsonate,Elementary flows/emission/water,1.2745001045138995e-12,kg,,,,no_factor_in_ipcc_ar6_100
bb8b7b10-4f3c-39e5-a3ff-5aafc731834f,Chlordane,Elementary flows/emission/air,3.627562839856198e-15,kg,,,,no_factor_in_ipcc_ar6_100
721fcdfb-592e-3513-8a84-baa0324b8ae8,Triasulfuron,Elementary flows/emission/air,1.3093445206824375e-13,kg,,,,no_factor_in_ipcc_ar6_100
73c460d5-35ef-3f74-96ac-5b461641dfd5,"Imazaquin, monoammonium salt",Elementary flows/emission/air,5.187476601252034e-14,kg,,,,no_factor_in_ipcc_ar6_100
cb8f8925-a811-38ff-b19f-85377dc28de0,Cobalt,Elementary flows/emission/ground,5.700928542459172e-10,kg,,,,no_factor_in_ipcc_ar6_100
b3619108-41d4-3dea-819f-fd529d910b00,Isodrin,Elementary flows/emission/air,2.0339581317141823e-16,kg,,,,no_factor_in_ipcc_ar6_100
5b061122-f7bd-35ae-aee2-9b7baff76e04,Acetophenone,Elementary flows/emission/ground,1.7511674460929788e-13,kg,,,,no_factor_in_ipcc_ar6_100
0c8c9877-2de5-3b28-b44e-3231cddf5d24,p-Phenylenediamine,Elementary flows/emission/water,4.397832341467387e-14,kg,,,,no_factor_in_ipcc_ar6_100
bad938c0-2a99-3eb1-8c81-17477e7c008d,Flufenacet,Elementary flows/emission/water,1.162490693085628e-13,kg,,,,no_factor_in_ipcc_ar6_100
993fbd19-a449-3544-884f-78388c8ddf1b,Butyl acrylate,Elementary flows/emission/ground,2.046286384085758e-12,kg,,,,no_factor_in_ipcc_ar6_100
4d5853b4-439a-33a3-a973-72dccd833e02,Carbon tetrachloride,Elementary flows/emission/ground,1.4014684255492822e-12,kg,,,,no_factor_in_ipcc_ar6_100
3f687221-1751-36bb-a206-d889dae220de,Orthosulfamuron,Elementary flows/emission/water,4.74686751674976e-15,kg,,,,no_factor_in_ipcc_ar6_100
3bdc6dc6-d5eb-3d77-b063-9b199f026da9,Picoxystrobin,Elementary flows/emission/water,9.256396833594508e-14,kg,,,,no_factor_in_ipcc_ar6_100
fbb1a16e-4e38-3ba3-b45d-3b46ed4ff56c,(E)-8-Dodecen-1-yl acetate,Elementary flows/emission/water,1.0273607852944641e-16,kg,,,,no_factor_in_ipcc_ar6_100
7d0daf25-6f7f-3bc1-8172-a32dcd8bda37,beta-Propiolactone,Elementary flows/emission/air,4.529952209944668e-16,kg,,,,no_factor_in_ipcc_ar6_100
ee1b3d61-b2ab-3d18-afed-2f7d8917596f,Cyanamide,Elementary flows/emission/water,1.3545746269933487e-11,kg,,,,no_factor_in_ipcc_ar6_100
4826bcb5-1a85-3335-95a8-444086be07b4,Ethoprop,Elementary flows/emission/air,3.3425815715054516e-14,kg,,,,no_factor_in_ipcc_ar6_100
6c089b79-3073-3471-b405-b1ae46486ff2,Thiophanate-methyl,Elementary flows/emission/water,3.2011960660732357e-13,kg,,,,no_factor_in_ipcc_ar6_100
aed98149-6500-3a5a-87bc-55e3b151ef7d,Chlorthal-dimethyl,Elementary flows/emission/air,1.240495292049729e-13,kg,,,,no_factor_in_ipcc_ar6_100
ea940079-0b1a-3e26-9013-c5ace83fa0f5,Fluorite,Elementary flows/resource/ground,-1.4110869088844625e-07,kg,,,,no_factor_in_ipcc_ar6_100
6264cb66-fe6c-32ca-b6fe-c2730ea5df2d,C.I. Direct Blue 218,Elementary flows/emission/air,7.617484850332852e-15,kg,,,,no_factor_in_ipcc_ar6_100
720aca67-3c22-3c05-8370-328f2e6a0a40,"2,4-Dichlorophenol",Elementary flows/emission/ground,8.833595017604086e-15,kg,,,,no_factor_in_ipcc_ar6_100
16f4b239-d475-34ea-9f29-134df0ce0671,Methoxychlor,Elementary flows/emission/ground,1.7686731457795191e-16,kg,,,,no_factor_in_ipcc_ar6_100
8a93681a-67f1-30ca-9a4f-5113640e67b9,Hexane,Elementary flows/emission/ground,4.642717016159947e-12,kg,,,,no_factor_in_ipcc_ar6_100
600be904-4c15-381e-9cd6-67029a6e8755,Penthiopyrad,Elementary flows/emission/air,3.7245490808769113e-13,kg,,,,no_factor_in_ipcc_ar6_100
4b92c75e-e528-3f23-bc67-e92977682eb4,Land use,Elementary flows/resource/ground/human-dominated/industrial,-0.00011454782185792751,m2*a,,,,no_factor_in_ipcc_ar6_100
e81f434c-218e-322e-9fad-e9971a1a70fc,Penoxsulam,Elementary flows/emission/water,1.4240612692145007e-14,kg,,,,no_factor_in_ipcc_ar6_100
bb147484-bf9c-3d8c-b4e4-5d0b1d69c319,o-Chlorophenol,Elementary flows/emission/air,4.232768148249853e-14,kg,,,,no_factor_in_ipcc_ar6_100
6a051858-29f7-32c8-a472-03c419775a2b,Dipotassium endothall,Elementary flows/emission/water,5.977150729090001e-09,kg,,,,no_factor_in_ipcc_ar6_100
58e91cf8-8d66-3195-a202-b39ca2573a93,Topramezone,Elementary flows/emission/air,1.4148587414851573e-13,kg,,,,no_factor_in_ipcc_ar6_100
36743672-ee3f-3823-b8d5-32dfa28b75b3,Carbazole,Elementary flows/emission/air,4.059446311229808e-12,kg,,,,no_factor_in_ipcc_ar6_100
9d1c72fd-98f9-3e7e-bc2c-9f8a67d47e9c,Indaziflam,Elementary flows/emission/water,3.370712823585567e-16,kg,,,,no_factor_in_ipcc_ar6_100
dcca8290-a359-327b-a108-610e2fa2fb0e,Prothioconazole,Elementary flows/emission/air,1.2557221904242235e-12,kg,,,,no_factor_in_ipcc_ar6_100
d2e82c0c-51ae-3d23-ba46-fe9dd758b4c9,Butyl isocyanate,Elementary flows/emission/air,5.278743681912816e-11,kg,,,,no_factor_in_ipcc_ar6_100
10d3bca9-d36d-3aad-b0a1-6c2a398997ac,Phenytoin,Elementary flows/emission/air,1.2824750668043417e-14,kg,,,,no_factor_in_ipcc_ar6_100
84e4c3ba-6ab7-36e4-976c-998e4b3cb998,p-Nitroaniline,Elementary flows/emission/air,1.7675980395043853e-14,kg,,,,no_factor_in_ipcc_ar6_100
1726234a-df1d-3484-a6ea-5e5ac87f54cf,Maleic hydrazide,Elementary flows/emission/air,1.2382689546217295e-13,kg,,,,no_factor_in_ipcc_ar6_100
11662380-76a8-39d3-898e-37f237503e3b,Octachloronaphthalene,Elementary flows/emission/water,8.260477059254023e-17,kg,,,,no_factor_in_ipcc_ar6_100
fe1baabc-294e-343f-87a0-52609d6325a6,Cyflufenamid,Elementary flows/emission/water,6.033076759301065e-17,kg,,,,no_factor_in_ipcc_ar6_100
6185568c-0fa7-3c56-be62-a688e52c0ec1,Nitrous acid,Elementary flows/emission/water,2.2848379575080727e-09,kg,,,,no_factor_in_ipcc_ar6_100
ce453fc9-ce03-36f6-a959-d7e4756c521b,Pyridine,Elementary flows/emission/water,9.495123371960889e-14,kg,,,,no_factor_in_ipcc_ar6_100
01e66594-9ef9-312c-8add-34d65a95eecc,Metsulfuron-methyl,Elementary flows/emission/air,7.856067175266452e-14,kg,,,,no_factor_in_ipcc_ar6_100
5287ce68-bb16-359b-a9d4-7751a8982450,Aniline,Elementary flows/emission/ground,1.4109840375619918e-15,kg,,,,no_factor_in_ipcc_ar6_100
f338dd70-dcd0-33e9-b26a-ba5c8042f793,Sodium chloride,Elementary flows/resource/ground,-0.0007735911274237279,kg,,,,no_factor_in_ipcc_ar6_100
2390ac23-510e-3b0a-9db8-15feca1662a6,Ammonium 1-naphthaleneacetate,Elementary flows/emission/water,6.327033251681548e-16,kg,,,,no_factor_in_ipcc_ar6_100
217b5b60-cb12-3692-b93b-0e1742579c35,Fomesafen-sodium,Elementary flows/emission/air,8.47958759711407e-12,kg,,,,no_factor_in_ipcc_ar6_100
4be36232-cc28-3268-bb24-04c83efc7faa,Penoxsulam,Elementary flows/emission/air,2.7088396929288875e-14,kg,,,,no_factor_in_ipcc_ar6_100
35949f24-e5d0-392d-b7ce-52d95605c997,Monosodium methanearsonate,Elementary flows/emission/air,2.42434557669713e-12,kg,,,,no_factor_in_ipcc_ar6_100
90c3514e-228d-3c4f-a4c3-779f3c7cbed7,Diflufenzopyr-sodium,Elementary flows/emission/water,4.2009801246954564e-13,kg,,,,no_factor_in_ipcc_ar6_100
c263da32-6ab8-349b-8c5b-67e2e1f4bd9d,Myclobutanil,Elementary flows/emission/water,3.256481568428584e-14,kg,,,,no_factor_in_ipcc_ar6_100
c203a878-762b-3bc5-97ad-f80fc7d7ab23,tert-Butyl acetate,Elementary flows/emission/air,1.1815332130791307e-08,kg,,,,no_factor_in_ipcc_ar6_100
6d12b04b-9a9f-3202-a8f1-dba1fdda5cf5,Halosulfuron,Elementary flows/emission/water,5.50585478988746e-14,kg,,,,no_factor_in_ipcc_ar6_100
b5cd2548-ea2c-3546-8f9d-3a4facae970d,Pyrithiobac-sodium,Elementary flows/emission/water,1.9001637789835515e-13,kg,,,,no_factor_in_ipcc_ar6_100
43bdfb6e-c450-3247-9b05-89f959b13984,Propargite,Elementary flows/emission/air,2.7972721704997557e-12,kg,,,,no_factor_in_ipcc_ar6_100
eccfe7fc-2463-34c9-a0d7-b3425320d0c3,Biphenyl,Elementary flows/emission/ground,1.2221571966748853e-15,kg,,,,no_factor_in_ipcc_ar6_100
09881211-c42d-3778-bf34-1d94514608c5,Sulfuric acid,Elementary flows/emission/ground,2.9389558583407294e-14,kg,,,,no_factor_in_ipcc_ar6_100
3788bd35-33cd-36b8-a849-a1b91efe7310,Selenium(IV),Elementary flows/emission/ground,3.518681595487334e-12,kg,,,,no_factor_in_ipcc_ar6_100
b5042950-e3b2-3952-8506-73a0ec3d196f,Phorate,Elementary flows/emission/water,1.3050869565027474e-12,kg,,,,no_factor_in_ipcc_ar6_100
017c8306-03db-3803-a109-2a89bd61a405,"4,4'-Isopropylidenediphenol",Elementary flows/emission/ground,1.1123551824548339e-11,kg,,,,no_factor_in_ipcc_ar6_100
973504ee-6821-31ec-9412-81f60f5f8a92,Metaldehyde,Elementary flows/emission/water,1.4663961498560494e-14,kg,,,,no_factor_in_ipcc_ar6_100
53ba40b0-e966-32ba-9a31-d50049e5f77a,Nitric acid,Elementary flows/emission/air,2.2932210344182578e-09,kg,,,,no_factor_in_ipcc_ar6_100
c86e9665-3edc-3dcd-90fc-70d667e4a544,Clodinafop-propargyl,Elementary flows/emission/air,1.4365307854775213e-13,kg,,,,no_factor_in_ipcc_ar6_100
37223373-7a77-374f-862a-f551d416f608,Thiacloprid,Elementary flows/emission/air,1.6375635018472117e-14,kg,,,,no_factor_in_ipcc_ar6_100
cd848349-893b-33f7-958a-33697854e5fa,Cyanamide,Elementary flows/emission/air,2.1934546369156445e-08,kg,,,,no_factor_in_ipcc_ar6_100
3ad8ffde-cbbd-3de7-a0f4-e10d5d9ff899,Hexachlorobutadiene,Elementary flows/emission/water,1.2991729272604956e-16,kg,,,,no_factor_in_ipcc_ar6_100
47c37b8b-dcf8-3f68-99c5-80d71e26376f,Sodium dicamba,Elementary flows/emission/water,1.6124972041131227e-12,kg,,,,no_factor_in_ipcc_ar6_100
fddcce55-84af-3798-81cc-47fedcf811b8,Copper,Elementary flows/resource/ground,-4.070199037089174e-06,kg,,,,no_factor_in_ipcc_ar6_100
11ba4e10-27e8-3145-aab7-29f4b254e7af,Phosgene,Elementary flows/emission/air,4.892898752175169e-11,kg,,,,no_factor_in_ipcc_ar6_100
d9cf1821-4685-3362-ad5b-7428573fe66d,Pentachloronitrobenzene,Elementary flows/emission/water,4.20541317739594e-14,kg,,,,no_factor_in_ipcc_ar6_100
28c8e6ab-c5ee-3f49-a298-14c482c4c521,Metalaxyl,Elementary flows/emission/air,1.7141793282207105e-15,kg,,,,no_factor_in_ipcc_ar6_100
bce38453-6981-3fb5-90ff-6cfdc2e3db16,Imazapic,Elementary flows/emission/water,7.232630670103108e-14,kg,,,,no_factor_in_ipcc_ar6_100
24860ed7-6815-3a50-9d89-13d0fa8c5d8d,"2,4-D 2-butoxyethyl ester",Elementary flows/emission/air,3.960813892823015e-13,kg,,,,no_factor_in_ipcc_ar6_100
3b2e2965-1c59-32f7-927a-d8a7cb6cefe1,Benzoyl chloride,Elementary flows/emission/air,3.4605453031329577e-13,kg,,,,no_factor_in_ipcc_ar6_100
2eb044c6-76bf-3967-ab99-0e32fc370913,Ethyl acrylate,Elementary flows/emission/air,2.1419764603534803e-11,kg,,,,no_factor_in_ipcc_ar6_100
bc5fb7f9-280e-3888-9d3c-2cc000809dce,Hydrofluoric acid,Elementary flows/emission/ground,6.215802570675917e-12,kg,,,,no_factor_in_ipcc_ar6_100
bae939dd-4dbc-344d-85cb-c8b5ee137148,"1,4-Dichloro-2-butene",Elementary flows/emission/water,4.0760590641354664e-15,kg,,,,no_factor_in_ipcc_ar6_100
26484009-712e-32d1-8f80-456363c6c226,Stone,Elementary flows/resource/ground,-0.0007456872869612442,kg,,,,no_factor_in_ipcc_ar6_100
9df3c7fd-e0f3-3708-8582-3ea3a068b9fd,Pyrimethanil,Elementary flows/emission/air,1.1898324116567061e-13,kg,,,,no_factor_in_ipcc_ar6_100
e9c29038-790d-354a-9c9f-6ef19403a4b4,Phorate,Elementary flows/emission/air,2.482527663377694e-12,kg,,,,no_factor_in_ipcc_ar6_100
c152483b-b751-3b85-940d-7f69c9913030,Toluenediamine,Elementary flows/emission/water,1.9392205220021194e-15,kg,,,,no_factor_in_ipcc_ar6_100
099e803c-0241-326f-a929-0272bb9d34fd,Malathion,Elementary flows/emission/water,6.7882256861739055e-12,kg,,,,no_factor_in_ipcc_ar6_100
b7ae96a5-9306-3c1d-814a-7b8ce95aae52,Methyl anthranilate,Elementary flows/emission/water,4.849849421939083e-16,kg,,,,no_factor_in_ipcc_ar6_100
2c3caa80-bc77-331e-a2c9-633ed0995163,Pronamide,Elementary flows/emission/air,3.360684416823663e-14,kg,,,,no_factor_in_ipcc_ar6_100
0f727b42-dc04-3f8b-aeb5-751c21ab7818,Styrene,Elementary flows/emission/ground,3.8636826472877134e-12,kg,,,,no_factor_in_ipcc_ar6_100
cb0eb4e9-88c0-36cd-bd8e-56bbe50e3501,Cryolite,Elementary flows/emission/air,2.875177914367548e-14,kg,,,,no_factor_in_ipcc_ar6_100
844537e9-bb5d-3cb2-9e18-15f5eb185816,Zinc phosphide,Elementary flows/emission/air,1.8470032718349485e-15,kg,,,,no_factor_in_ipcc_ar6_100
432ca42e-8fd0-3a2a-b37b-d66aebdd048d,Mica,Elementary flows/resource/ground,-4.0765691454903974e-08,kg,,,,no_factor_in_ipcc_ar6_100
e96ce1ce-5cda-3807-9d86-3735e1c79fa9,Arsenic,Elementary flows/emission/ground,7.892018951686031e-11,kg,,,,no_factor_in_ipcc_ar6_100
d611487c-bc83-3006-9f03-473b29009863,Gibberellin A4 mixture with Gibberellin A7,Elementary flows/emission/air,3.844014395669982e-15,kg,,,,no_factor_in_ipcc_ar6_100
b2cd16ff-7978-339f-beb4-fdaa3c7e210c,Chloroethane,Elementary flows/emission/water,1.629015927351964e-14,kg,,,,no_factor_in_ipcc_ar6_100
5d594d04-f8f1-3bed-bb90-d4ea8ea64555,"N,N-Dimethylpiperidinium pentaborate",Elementary flows/emission/water,1.1122910377825436e-13,kg,,,,no_factor_in_ipcc_ar6_100
3c4c9fc3-0410-3718-9dd2-aebd8c5fde99,Oxamyl,Elementary flows/emission/air,1.2970776194463863e-12,kg,,,,no_factor_in_ipcc_ar6_100
27385f88-987c-31db-b168-00ee5a625535,"1,2-Phenylenediamine",Elementary flows/emission/air,3.1221745022243616e-13,kg,,,,no_factor_in_ipcc_ar6_100
e318fe2c-f136-3008-9358-577ac7a79a5a,Polychlorinated biphenyls,Elementary flows/emission/ground,3.5974033835349075e-14,kg,,,,no_factor_in_ipcc_ar6_100
bfd988c0-66a9-3219-b130-08126d7c1c15,Gamma-cyhalothrin,Elementary flows/emission/water,1.1377613994900488e-13,kg,,,,no_factor_in_ipcc_ar6_100
8db22f24-6361-3d68-8aa4-4cad5d7db52c,Diatomite,Elementary flows/resource/ground,-7.984758457052873e-07,kg,,,,no_factor_in_ipcc_ar6_100
fbf97c44-cde4-3ec3-9a8b-421e23a8ba19,Nitrilotriacetic acid,Elementary flows/emission/air,7.763023343842153e-15,kg,,,,no_factor_in_ipcc_ar6_100
bafd7192-a0cc-3be9-91b9-c1130233a670,Metalaxyl,Elementary flows/emission/water,9.011608110537437e-16,kg,,,,no_factor_in_ipcc_ar6_100
46103539-2f32-3c67-bb90-49e37365efa8,Azadirachtin A,Elementary flows/emission/water,4.61739407939159e-16,kg,,,,no_factor_in_ipcc_ar6_100
85edaf49-1d16-3628-af75-8cae341ccb32,Hydroquinone,Elementary flows/emission/air,8.879414217254904e-12,kg,,,,no_factor_in_ipcc_ar6_100
6f570f75-cc20-32c9-b8ea-bf891bda3c9a,Maleic anhydride,Elementary flows/emission/water,8.723083874305871e-15,kg,,,,no_factor_in_ipcc_ar6_100
aa32c657-ee81-373d-bb02-91faada95294,MCPA-2-ethylhexyl,Elementary flows/emission/air,7.850597018141857e-12,kg,,,,no_factor_in_ipcc_ar6_100
a288d284-901c-36e8-83a8-b4a7f64bfdbb,Triethylamine,Elementary flows/emission/air,1.4247903528911039e-09,kg,,,,no_factor_in_ipcc_ar6_100
4f445b09-5180-3090-af10-684e598e4c36,"2,3,4'-Trichlorobiphenyl",Elementary flows/emission/air,1.3127236296336486e-17,kg,,,,no_factor_in_ipcc_ar6_100
acd4abb1-54fc-3c02-ab6e-36d8822062ae,Talc,Elementary flows/resource/ground,-5.390893617311069e-07,kg,,,,no_factor_in_ipcc_ar6_100
2355ef0f-9d76-3aff-95c1-96c81478f8b9,Ethylbenzene,Elementary flows/emission/ground,2.57858315762088e-12,kg,,,,no_factor_in_ipcc_ar6_100
3679242a-b290-3afc-ad82-598864779ca1,Dimethylcarbamoyl chloride,Elementary flows/emission/air,1.2059932303822192e-15,kg,,,,no_factor_in_ipcc_ar6_100
9b6fbf3a-ade4-3a6f-8283-d782ce6feba7,Bis(chloromethyl) ether,Elementary flows/emission/air,6.2948402700632975e-16,kg,,,,no_factor_in_ipcc_ar6_100
41d8ebe2-de83-3115-b404-6efa051f2674,Metalaxyl-M,Elementary flows/emission/water,7.93765600069545e-14,kg,,,,no_factor_in_ipcc_ar6_100
30a88227-7151-34cc-b320-d585eed7f332,Clomazone,Elementary flows/emission/air,2.775698474966831e-12,kg,,,,no_factor_in_ipcc_ar6_100
bd859fae-46e2-35d9-978e-16c57a3e5b28,(Z)-8-Dodecen-1-ol acetate,Elementary flows/emission/air,3.1652452524617367e-15,kg,,,,no_factor_in_ipcc_ar6_100
acc7ea48-5c2f-3c47-9c23-e6b0cc03d7ff,"Imazethapyr, ammonium salt",Elementary flows/emission/water,3.2217737320969696e-13,kg,,,,no_factor_in_ipcc_ar6_100
932a90ce-237d-3fcf-a438-713df66eee60,Allyl chloride,Elementary flows/emission/air,3.776993911611962e-10,kg,,,,no_factor_in_ipcc_ar6_100
ffddfe50-9ac2-33df-97d5-2da168ad1d66,Thioacetamide,Elementary flows/emission/air,1.1632274706044984e-15,kg,,,,no_factor_in_ipcc_ar6_100
f6d3e161-f454-3d39-b996-0bbc8e16ce99,Thiamethoxam,Elementary flows/emission/water,2.2202319932328763e-13,kg,,,,no_factor_in_ipcc_ar6_100
9d17e0dd-ef89-3def-9e95-97feaa1b0f07,Cumene,Elementary flows/emission/ground,1.609563841146217e-13,kg,,,,no_factor_in_ipcc_ar6_100
1cd06040-9116-3d11-854a-491161fae76b,Fomesafen-sodium,Elementary flows/emission/water,7.465016475495579e-12,kg,,,,no_factor_in_ipcc_ar6_100
bf073873-5100-3546-aee6-d21dbd90d384,"2,4-D",Elementary flows/emission/water,3.218113499478198e-12,kg,,,,no_factor_in_ipcc_ar6_100
ed49243d-d42b-3638-8a23-93bb149d325a,Copper oxychloride,Elementary flows/emission/air,1.9026828284037134e-15,kg,,,,no_factor_in_ipcc_ar6_100
35df21c7-3cc4-3ffa-9e6c-1047c0cf28b5,Metconazole,Elementary flows/emission/air,2.3047458146462903e-13,kg,,,,no_factor_in_ipcc_ar6_100
939fb88f-7bf5-36fe-a417-4610cf1ff3f8,Pumice,Elementary flows/resource/ground,-2.4598520764582924e-07,kg,,,,no_factor_in_ipcc_ar6_100
78407475-3eed-3659-a2f4-09de5b706ae2,Quinone,Elementary flows/emission/air,1.7098297885767832e-12,kg,,,,no_factor_in_ipcc_ar6_100
cefd197a-aa05-3f03-b4f0-e4d856f07c7b,"1,4-Dioxane",Elementary flows/emission/ground,8.8746398371435e-17,kg,,,,no_factor_in_ipcc_ar6_100
187f6c03-aa68-343e-95ba-4d2e80faf1f9,Ametoctradin,Elementary flows/emission/air,5.221613935920515e-15,kg,,,,no_factor_in_ipcc_ar6_100
ff2d4bff-3a30-3ba7-9c97-6c2b5396d15e,Fluroxypyr,Elementary flows/emission/water,3.4974141422175796e-14,kg,,,,no_factor_in_ipcc_ar6_100
7b4e3edc-e2bb-336b-b99c-bd31b406b16a,Dinotefuran,Elementary flows/emission/water,8.241351036518111e-15,kg,,,,no_factor_in_ipcc_ar6_100
04ce88a0-f4cb-3bf6-a5d3-1d1cbbd24416,Epichlorohydrin,Elementary flows/emission/ground,7.807343661799567e-13,kg,,,,no_factor_in_ipcc_ar6_100
b1337e35-9972-392b-886a-fc9f0389ce4c,Dimethyl sulfate,Elementary flows/emission/ground,6.309698094440821e-17,kg,,,,no_factor_in_ipcc_ar6_100
290bc37b-e154-3be3-a3b1-9c497b423818,Novaluron,Elementary flows/emission/water,9.926395445056696e-14,kg,,,,no_factor_in_ipcc_ar6_100
cb0dccdb-5332-3e89-8cc7-7ecd5d379c04,Toluenediamine,Elementary flows/emission/ground,6.49588142926354e-16,kg,,,,no_factor_in_ipcc_ar6_100
b4d7f150-0f0f-3971-a66d-31be67cee10d,Nicosulfuron,Elementary flows/emission/water,2.8511387778117875e-14,kg,,,,no_factor_in_ipcc_ar6_100
3b2dce9e-bc63-355d-9401-39a2c4603c72,N-Methyl-2-pyrrolidone,Elementary flows/emission/ground,1.634518081241697e-13,kg,,,,no_factor_in_ipcc_ar6_100
41ba17c3-69d6-375e-95f4-5e09ab229300,(Z)-8-Dodecen-1-ol acetate,Elementary flows/emission/water,1.6640006490450398e-15,kg,,,,no_factor_in_ipcc_ar6_100
de783ad3-ef20-3c78-98d0-6ebe667c27b7,Calcium polysulfide,Elementary flows/emission/water,1.2927260766693919e-12,kg,,,,no_factor_in_ipcc_ar6_100
b0e46dc9-3a43-3b7a-a6df-d62308d7275e,Benzo[ghi]perylene,Elementary flows/emission/ground,8.27931126994484e-14,kg,,,,no_factor_in_ipcc_ar6_100
8902c06e-2dfb-3089-8bfc-31c7fda12e65,Fluxapyroxad,Elementary flows/emission/air,7.573591688946456e-14,kg,,,,no_factor_in_ipcc_ar6_100
b3350aef-c32b-36de-a0f4-96a1a8b06c50,o-Toluidine hydrochloride,Elementary flows/emission/air,1.1655570534527303e-15,kg,,,,no_factor_in_ipcc_ar6_100
4b84c35d-8400-3942-8c89-1a518d28c4c9,Mepiquat chloride,Elementary flows/emission/air,1.7086974328347867e-12,kg,,,,no_factor_in_ipcc_ar6_100
b66af8c0-de54-3a35-ace0-7743af98f6de,Lead,Elementary flows/resource/ground,-1.067882431214045e-06,kg,,,,no_factor_in_ipcc_ar6_100
b51f43e4-5a5f-3eb7-921f-6d3746d33fb6,"1,4-Dioxane",Elementary flows/emission/water,8.424743109752233e-12,kg,,,,no_factor_in_ipcc_ar6_100
0a0a324b-d503-36ae-b13f-7e185dd427c3,"2-(4,5-Dihydro-4-methyl-4-isopropyl-5-oxo-1H-imidazol-2-yl)-5-methyl-3-pyridinecarboxylic acid monoammonium salt",Elementary flows/emission/air,3.310714034088092e-13,kg,,,,no_factor_in_ipcc_ar6_100
8213ca24-19b9-35d2-ad02-b98dee2ceca8,Ethylene glycol monobutyl ether,Elementary flows/emission/air,2.321778687633906e-11,kg,,,,no_factor_in_ipcc_ar6_100
62ad4abc-7465-3350-9177-ea28dc083149,Dicyclopentadiene,Elementary flows/emission/water,2.935214420284376e-14,kg,,,,no_factor_in_ipcc_ar6_100
9e734aee-c0a9-3e66-9c3c-6a01fd37b09e,"Toluene-2,4-diisocyanate",Elementary flows/emission/water,1.791438010307374e-15,kg,,,,no_factor_in_ipcc_ar6_100
50961ede-1f9d-39a8-a9b9-cdbd724ce299,Picoxystrobin,Elementary flows/emission/air,1.7607455590146553e-13,kg,,,,no_factor_in_ipcc_ar6_100
85905611-c83b-3778-a7e3-7400f85a486a,Fluometuron,Elementary flows/emission/air,3.1429408435523917e-12,kg,,,,no_factor_in_ipcc_ar6_100
50d0e843-ccb6-3aa9-a6f5-001e35c459e2,Benzyl chloride,Elementary flows/emission/ground,3.5656749504733336e-12,kg,,,,no_factor_in_ipcc_ar6_100
69430702-b65a-3ef0-a8d4-64bc3fcae42e,Land use,Elementary flows/resource/ground/terrestrial/grassland,-4.2528263547011434e-05,m2*a,,,,no_factor_in_ipcc_ar6_100
70f72cbc-775b-3fd8-b2bf-162b7883da76,Fluroxypyr,Elementary flows/emission/air,6.652757580838387e-14,kg,,,,no_factor_in_ipcc_ar6_100
b9d5bd5f-d51e-3ba0-bd59-cd6654fe0aa5,Diethylene glycol monoethyl ether acetate,Elementary flows/emission/air,7.809910699079575e-13,kg,,,,no_factor_in_ipcc_ar6_100
993a81d2-10c6-390b-b2bd-899c5fed247f,Pseudomonas fluorescens,Elementary flows/emission/water,7.481782517675253e-16,kg,,,,no_factor_in_ipcc_ar6_100
d12fbeb9-f28b-3d38-ba3f-bc52f461220c,Quizalofop-P-ethyl,Elementary flows/emission/air,5.588136729155671e-13,kg,,,,no_factor_in_ipcc_ar6_100
0098d0bc-71b7-3a8d-a7d8-140512f2b264,Pentachloronitrobenzene,Elementary flows/emission/air,9.14559880964882e-14,kg,,,,no_factor_in_ipcc_ar6_100
77667674-0ad5-3886-8b1c-8ed6aea899bb,"2,4-D diethanolamine salt",Elementary flows/emission/water,8.185013388193736e-16,kg,,,,no_factor_in_ipcc_ar6_100
ea94ca83-3ae8-3306-916a-37092f0b3c1a,Diquat dibromide,Elementary flows/emission/water,5.128116155420467e-14,kg,,,,no_factor_in_ipcc_ar6_100
06a0094d-4af5-3670-96e4-f916b57174cb,Saccharin,Elementary flows/emission/air,1.0607826816973125e-15,kg,,,,no_factor_in_ipcc_ar6_100
a3cc2a91-9099-34fc-9687-2e7bd7e6f2cb,Clothianidin,Elementary flows/emission/air,6.631757431624162e-15,kg,,,,no_factor_in_ipcc_ar6_100
48f34f79-a52a-3692-9931-5b7b678fd1f5,Dimethyl phthalate,Elementary flows/emission/water,4.0554531126799225e-08,kg,,,,no_factor_in_ipcc_ar6_100
5e137a2a-b710-3a0f-89e6-4dfe0c8b9b91,Sodium dimethyldithiocarbamate,Elementary flows/emission/ground,2.1590046230943926e-11,kg,,,,no_factor_in_ipcc_ar6_100
45bed913-d63a-31a4-8d65-d2c3c15c8bc5,Tralkoxydim,Elementary flows/emission/water,6.917772896517856e-15,kg,,,,no_factor_in_ipcc_ar6_100
c39509e4-1b9c-3fe9-af84-4c50f581bfc6,Phostebupirim,Elementary flows/emission/air,4.046367012371244e-14,kg,,,,no_factor_in_ipcc_ar6_100
43f6c963-368d-31ca-ac41-40259d4eafae,Dinoseb,Elementary flows/emission/air,6.031488494020554e-15,kg,,,,no_factor_in_ipcc_ar6_100
01f8593a-84c2-3b8b-b844-2682262fca53,Monopotassium phosphate,Elementary flows/emission/air,3.8755183053864956e-14,kg,,,,no_factor_in_ipcc_ar6_100
87728365-3de5-33f3-b9ed-9503b4d44a46,(E)-8-Dodecen-1-yl acetate,Elementary flows/emission/air,1.9542378478876983e-16,kg,,,,no_factor_in_ipcc_ar6_100
499af0fa-9fa9-3077-8992-7a897cc1237f,Glyphosate isopropylamine salt,Elementary flows/emission/air,1.3466382764729346e-10,kg,,,,no_factor_in_ipcc_ar6_100
4a9b4fb9-5ffa-3a01-9be0-7c4852e5851d,Imazosulfuron,Elementary flows/emission/air,2.2573664721165465e-14,kg,,,,no_factor_in_ipcc_ar6_100
9abbaf71-6686-3b77-93c7-8ba07efc1ab5,Nitric acid,Elementary flows/emission/ground,3.8922043769859104e-12,kg,,,,no_factor_in_ipcc_ar6_100
805e6825-16f5-3f54-9b9d-467213efd064,Diuron,Elementary flows/emission/water,3.662642395628105e-12,kg,,,,no_factor_in_ipcc_ar6_100
f6e0f9bb-cbe2-3ad6-bf86-297b30d87d18,Fenbuconazole,Elementary flows/emission/water,1.8378957348853406e-14,kg,,,,no_factor_in_ipcc_ar6_100
6616977e-4055-312d-9ff6-f1d9950c1e3e,N-Benzyladenine,Elementary flows/emission/air,3.2757963405598743e-15,kg,,,,no_factor_in_ipcc_ar6_100
da2af7f7-ae75-3e0d-8d97-4fcc5cd9c5d2,Kaolin,Elementary flows/emission/air,1.1607645932583613e-12,kg,,,,no_factor_in_ipcc_ar6_100
b1e819d6-a553-329d-827e-e4e909a10443,Dichlorobromomethane,Elementary flows/emission/air,3.602610794253621e-13,kg,,,,no_factor_in_ipcc_ar6_100
658ec91a-dd63-33f4-9a9a-affef650eac9,Flutolanil,Elementary flows/emission/water,1.1472840274870112e-12,kg,,,,no_factor_in_ipcc_ar6_100
9563fe27-2c80-3b79-a114-1b843ccb7240,Propamocarb hydrochloride,Elementary flows/emission/water,1.1717956514705416e-13,kg,,,,no_factor_in_ipcc_ar6_100
86b4e926-0ec1-3c5f-abe3-54ac5e107371,Sulfentrazone,Elementary flows/emission/water,4.953217963553496e-12,kg,,,,no_factor_in_ipcc_ar6_100
ebda67ae-5107-3797-9d89-b612795b325c,Carfentrazone-ethyl,Elementary flows/emission/water,1.4218687129741928e-13,kg,,,,no_factor_in_ipcc_ar6_100
91c5b967-ac72-3c1a-9adb-22bb1257329c,Acrolein,Elementary flows/emission/ground,8.758848985285646e-16,kg,,,,no_factor_in_ipcc_ar6_100
cdb0c02f-79dd-37a3-a4d9-1c5a724b918c,Phenothrin,Elementary flows/emission/air,1.4244601192900897e-16,kg,,,,no_factor_in_ipcc_ar6_100
13fd1974-1081-307a-9e5d-bfe8dd488fdc,2-Phenylphenol,Elementary flows/emission/air,5.813288286775926e-14,kg,,,,no_factor_in_ipcc_ar6_100
38a1c1a5-a953-3ab7-a7d6-0c54bf060baa,Abamectin,Elementary flows/emission/air,3.116397250723841e-14,kg,,,,no_factor_in_ipcc_ar6_100
979f30f5-f17e-3091-907f-af1921e7e637,Chromium,Elementary flows/emission/ground,2.28404659519795e-09,kg,,,,no_factor_in_ipcc_ar6_100
e6301ab3-57fe-3b52-b315-9870d45055ab,"2,4-Toluenediamine",Elementary flows/emission/air,6.809817881137872e-13,kg,,,,no_factor_in_ipcc_ar6_100
49804add-c920-37a3-a73f-2b49f3ce80ed,Cumene hydroperoxide,Elementary flows/emission/air,4.933404381383811e-12,kg,,,,no_factor_in_ipcc_ar6_100
c05b7f1c-b8b3-35a6-990b-d71f591b7511,Xylene,Elementary flows/emission/ground,9.321756313083828e-12,kg,,,,no_factor_in_ipcc_ar6_100
ff8cceab-03b7-3c78-b496-1419be5f4d56,"trans-1,3-Dichloropropene",Elementary flows/emission/air,2.1939585342064597e-13,kg,,,,no_factor_in_ipcc_ar6_100
4af9ee5e-2205-3e56-98be-860b2eaa2866,Trifloxysulfuron-sodium,Elementary flows/emission/water,1.3903636978498347e-14,kg,,,,no_factor_in_ipcc_ar6_100
f7063ba8-62fe-3755-b97b-88fff2ca4033,Methylene chloride,Elementary flows/emission/ground,7.52730203294434e-14,kg,,,,no_factor_in_ipcc_ar6_100
b05e8f3c-2f0f-33e6-8a96-de4e6fd8337e,p-Chloroaniline,Elementary flows/emission/water,5.841938860127579e-14,kg,,,,no_factor_in_ipcc_ar6_100
8f84e668-1efe-34cb-9641-3ac13a7ff63a,1-Dodecanol,Elementary flows/emission/water,1.0092078041414234e-15,kg,,,,no_factor_in_ipcc_ar6_100
09767e98-0155-3fa3-96ab-875c4ada000c,Formetanate hydrochloride,Elementary flows/emission/air,4.283277149741666e-14,kg,,,,no_factor_in_ipcc_ar6_100
8d6b93c6-3692-33f8-8747-3ae783d298f3,Trichloroethylene,Elementary flows/emission/water,3.263798741235602e-14,kg,,,,no_factor_in_ipcc_ar6_100
b20d3f03-c841-336b-8a25-a21eee931dba,Kresoxim-methyl,Elementary flows/emission/water,1.5712348262571955e-14,kg,,,,no_factor_in_ipcc_ar6_100
0d9af69a-fe2a-30a4-bc1e-eba7dd002449,Chloromethane,Elementary flows/emission/ground,2.770908806554034e-14,kg,,,,no_factor_in_ipcc_ar6_100
3d945f59-07c2-3209-9421-0ed57a7e33a1,Catechol,Elementary flows/emission/water,2.1110901651220749e-10,kg,,,,no_factor_in_ipcc_ar6_100
1ddbf7d7-cc5a-3d08-af6c-e0db4de50066,Oxytetracycline,Elementary flows/emission/water,2.374728741473373e-14,kg,,,,no_factor_in_ipcc_ar6_100
37e4d172-0c72-3ad9-9673-733c149937f3,Fluroxypyr-meptyl,Elementary flows/emission/air,3.196667274424714e-12,kg,,,,no_factor_in_ipcc_ar6_100
e048c5b1-3741-397b-9de0-1ec345cb6935,Propargyl alcohol,Elementary flows/emission/air,4.2410178536068173e-13,kg,,,,no_factor_in_ipcc_ar6_100
bfc76352-2a88-3da7-8678-fe3ad4c2ff40,Methoxyfenozide,Elementary flows/emission/air,7.574983167496423e-13,kg,,,,no_factor_in_ipcc_ar6_100
925015fa-0a4c-3ff3-a38d-fcb78cd10294,2-Mercaptobenzothiazole,Elementary flows/emission/water,7.168979823030156e-13,kg,,,,no_factor_in_ipcc_ar6_100
99204e60-c7ac-385b-9d1b-8e08e35d1775,Clopyralid,Elementary flows/emission/air,6.003914169364285e-12,kg,,,,no_factor_in_ipcc_ar6_100
ff83fe3a-6357-3c9e-b66b-9ac7ef8a75e3,Paraquat,Elementary flows/emission/water,1.056652391688079e-11,kg,,,,no_factor_in_ipcc_ar6_100
e5e52f6f-3028-309d-90b2-89304f0568eb,Acephate,Elementary flows/emission/water,1.139116791341085e-12,kg,,,,no_factor_in_ipcc_ar6_100
daadc496-8fb7-3bbe-b66a-abd556cd935c,"Tris(2,3-dibromopropyl) phosphate",Elementary flows/emission/air,8.84337989895788e-18,kg,,,,no_factor_in_ipcc_ar6_100
e6af6111-199e-3878-bfea-27022b92d0d6,Diethylene glycol diethyl ether,Elementary flows/emission/air,1.7658163434834273e-12,kg,,,,no_factor_in_ipcc_ar6_100
36db3c7d-7e90-3b40-a912-3dc3ac1ec99f,Acetamide,Elementary flows/emission/water,8.737246565264674e-14,kg,,,,no_factor_in_ipcc_ar6_100
58b78243-a389-372b-8020-ab04b25d2aea,Sodium o-phenylphenoxide,Elementary flows/emission/air,1.632073351556776e-15,kg,,,,no_factor_in_ipcc_ar6_100
f1412fa3-16ec-3160-a99a-46ea2a866e74,Fluometuron,Elementary flows/emission/water,1.6522720188666566e-12,kg,,,,no_factor_in_ipcc_ar6_100
adbeb2a4-2a29-3cbb-8222-131de1f0bee1,Formaldehyde,Elementary flows/emission/ground,5.302752316081417e-13,kg,,,,no_factor_in_ipcc_ar6_100
96ad9cfe-d563-33ca-8dbc-efe34aaaca0a,Sand,Elementary flows/resource/ground,-0.0002920267999239449,kg,,,,no_factor_in_ipcc_ar6_100
3381f8f5-8625-318f-96fe-e3faf10473bf,Phthalic anhydride,Elementary flows/emission/ground,1.9213648801582856e-12,kg,,,,no_factor_in_ipcc_ar6_100
e0df1b25-5d01-36bb-85d2-4cecc5eca83b,Cyclohexanol,Elementary flows/emission/water,5.2230073018823826e-11,kg,,,,no_factor_in_ipcc_ar6_100
7c4a3f48-1c40-3e90-a978-979bde86759d,Acrolein,Elementary flows/emission/water,6.582055746949259e-16,kg,,,,no_factor_in_ipcc_ar6_100
11fda606-7a80-3364-957e-3008ad60ad60,Copper resinate,Elementary flows/emission/air,2.498897819122947e-16,kg,,,,no_factor_in_ipcc_ar6_100
e1601de8-b58b-3283-83be-6a8634e6cb32,Fenoxaprop-P-ethyl,Elementary flows/emission/water,3.3760569844684587e-13,kg,,,,no_factor_in_ipcc_ar6_100
906da6f9-a3e4-3349-8b9a-b98f9f605467,Pyraflufen-ethyl,Elementary flows/emission/water,9.308575815419158e-15,kg,,,,no_factor_in_ipcc_ar6_100
9fc2e1a0-6626-3ec5-8350-b79d3c41ba32,Flubendiamide,Elementary flows/emission/air,1.3390067768008132e-13,kg,,,,no_factor_in_ipcc_ar6_100
8789a9bf-f09e-3bf4-bd17-6e34fe9f8005,Cumene hydroperoxide,Elementary flows/emission/ground,7.88296707750358e-15,kg,,,,no_factor_in_ipcc_ar6_100
652d8583-c82c-376a-b865-56c733c09b89,"2,4-D 2-ethylhexyl ester",Elementary flows/emission/water,4.9168208341357415e-11,kg,,,,no_factor_in_ipcc_ar6_100
516c2433-9344-31e7-8d11-14ca99cbf034,Chlorine,Elementary flows/emission/ground,1.4974983817280562e-08,kg,,,,no_factor_in_ipcc_ar6_100
8478ff8e-de38-3935-9d16-d1bad2ae179c,Butyraldehyde,Elementary flows/emission/air,6.277395780139694e-11,kg,,,,no_factor_in_ipcc_ar6_100
3c7439fa-8284-32b8-957e-f5d66b2d2533,Ametoctradin,Elementary flows/emission/water,2.7450498492961514e-15,kg,,,,no_factor_in_ipcc_ar6_100
b2693f6c-49ee-3569-8b16-7175e6899897,Abamectin,Elementary flows/emission/water,1.3846480809561964e-14,kg,,,,no_factor_in_ipcc_ar6_100
612de18b-5afa-33d1-9cda-8a09df1b7ebc,Metaldehyde,Elementary flows/emission/air,3.5104296363635014e-14,kg,,,,no_factor_in_ipcc_ar6_100
179ff59b-2589-3351-a939-aeb7d8b331c7,Methyl anthranilate,Elementary flows/emission/air,9.225358653528945e-16,kg,,,,no_factor_in_ipcc_ar6_100
f32ef7f0-2fab-3a1e-905b-ac3029626c75,Ethylene glycol monoethyl ether acetate,Elementary flows/emission/air,1.358016889561566e-10,kg,,,,no_factor_in_ipcc_ar6_100
c2434428-f288-34f2-ab88-c6bc086eee99,Thiencarbazone-methyl,Elementary flows/emission/air,7.508259262918917e-13,kg,,,,no_factor_in_ipcc_ar6_100
a11778f7-5d7c-3de1-9b26-4555a0985ef1,N-Nitrosodi-n-propylamine,Elementary flows/emission/air,2.019650711259922e-15,kg,,,,no_factor_in_ipcc_ar6_100
8debec21-66b0-34f3-ab5d-c794a85f33ef,3-Iodo-2-propynyl butylcarbamate,Elementary flows/emission/ground,3.281926310121784e-15,kg,,,,no_factor_in_ipcc_ar6_100
fcdc483e-0cce-39e5-912e-7d245ac31111,Anilazine,Elementary flows/emission/air,1.420735658822881e-15,kg,,,,no_factor_in_ipcc_ar6_100
58a54834-bb23-31a6-9919-7baf655fe7d9,Vanadium,Elementary flows/emission/ground,0.00031161897723584487,kg,,,,no_factor_in_ipcc_ar6_100
cdc85cf4-23cc-37c2-bb66-918e21b39784,"2,3-Dichloropropene",Elementary flows/emission/ground,1.0393400735625186e-16,kg,,,,no_factor_in_ipcc_ar6_100
18a2f4ce-366f-32cc-a770-3ff77a5a2ca1,Fluazinam,Elementary flows/emission/water,2.473561962636621e-14,kg,,,,no_factor_in_ipcc_ar6_100
3cfa00b4-c6b8-39c3-b00f-f61dca013704,Chloroform,Elementary flows/emission/ground,1.0291805780120916e-13,kg,,,,no_factor_in_ipcc_ar6_100
967b568e-da46-3fe6-8d55-14e739171388,Dimethomorph,Elementary flows/emission/air,3.225082370125847e-14,kg,,,,no_factor_in_ipcc_ar6_100
cd8b8114-52ed-3963-9a4d-7c375fe951b4,Chlorpyrifos,Elementary flows/emission/water,6.2242024578489665e-12,kg,,,,no_factor_in_ipcc_ar6_100
7831e9e9-36fc-3f72-afbe-3212cc75b975,"4,4'-Methylenedianiline",Elementary flows/emission/water,2.7880219467999485e-13,kg,,,,no_factor_in_ipcc_ar6_100
fe7c99ba-c8c5-3e8a-9fcf-bfdf6c726873,Terbacil,Elementary flows/emission/air,1.2898351779487512e-14,kg,,,,no_factor_in_ipcc_ar6_100
1fa2a4ab-dcbd-3d25-b2d7-976af1745fa9,Aluminum phosphide,Elementary flows/emission/water,9.258133531025704e-16,kg,,,,no_factor_in_ipcc_ar6_100
85fa74c2-cf9d-3f28-b83d-8a0879bdf319,Metconazole,Elementary flows/emission/water,1.21162548188901e-13,kg,,,,no_factor_in_ipcc_ar6_100
8ee2febb-ace4-38cc-b478-a62b5cf3ed1d,Nitroglycerin,Elementary flows/emission/water,9.178034430123764e-13,kg,,,,no_factor_in_ipcc_ar6_100
106394c5-c445-38ed-abd1-67af4a8a3f54,Ametryn,Elementary flows/emission/ground,2.4381076040365136e-12,kg,,,,no_factor_in_ipcc_ar6_100
06ae2e2e-8761-39ba-9622-437dfe84cfe3,Flutolanil,Elementary flows/emission/air,2.1823559465684397e-12,kg,,,,no_factor_in_ipcc_ar6_100
f7ff85d1-1dc5-31d1-8c08-47bd566a32b4,Beryllium,Elementary flows/resource/ground,-3.917923273921665e-10,kg,,,,no_factor_in_ipcc_ar6_100
7eef4d01-bb20-34dd-9381-98030a0ecc8e,Pyrimethanil,Elementary flows/emission/water,6.255055557489704e-14,kg,,,,no_factor_in_ipcc_ar6_100
e963e07d-f725-308e-af17-5b4c8f02e523,Polyoxorim-zinc,Elementary flows/emission/air,3.0735256052902693e-15,kg,,,,no_factor_in_ipcc_ar6_100
1ef5ba73-ba92-3728-980a-7d08b31de4fd,Thiram,Elementary flows/emission/ground,1.5028725744621016e-13,kg,,,,no_factor_in_ipcc_ar6_100
877d591f-0dcd-3943-9a65-053694c0bc4b,Imazamox,Elementary flows/emission/water,1.4079499434973826e-13,kg,,,,no_factor_in_ipcc_ar6_100
aec2cf2a-b55b-3598-a164-05f8ba8ad3ee,Cobalt,Elementary flows/resource/ground,-1.952669545507713e-10,kg,,,,no_factor_in_ipcc_ar6_100
04c74e79-a82f-3fa6-96ca-a4560d021e01,Dicofol,Elementary flows/emission/air,7.370073460244027e-16,kg,,,,no_factor_in_ipcc_ar6_100
0668565f-81e7-3ccc-8640-41bfc1305418,Styrene oxide,Elementary flows/emission/air,7.226297612468341e-13,kg,,,,no_factor_in_ipcc_ar6_100
acb2bb27-c4d9-3a7d-989c-9b907a0c49a3,Hexachlorocyclopentadiene,Elementary flows/emission/water,1.7575461027587403e-16,kg,,,,no_factor_in_ipcc_ar6_100
4589f9bb-ad6a-341f-92a4-071916963e08,Streptomycin sulfate,Elementary flows/emission/air,3.53703329547471e-14,kg,,,,no_factor_in_ipcc_ar6_100
2a09b616-e2e7-3281-9ad3-47f22c2f62e8,Napropamide,Elementary flows/emission/water,4.12075542554331e-15,kg,,,,no_factor_in_ipcc_ar6_100
1b93420e-2368-33c3-8837-314d7e33843b,Neem oil,Elementary flows/emission/air,1.6587706994467314e-13,kg,,,,no_factor_in_ipcc_ar6_100
5024113b-a11e-3042-8eef-34a61426a036,Auramine,Elementary flows/emission/air,7.074706753178359e-16,kg,,,,no_factor_in_ipcc_ar6_100
46b31bbe-1c77-3a50-a31d-5378c1e47dd6,Land use,Elementary flows/resource/ground/human-dominated/agricultural,-0.0005407109299079025,m2*a,,,,no_factor_in_ipcc_ar6_100
d88300fb-5f02-3bdc-8f0d-f9216eeebf1a,Propanil,Elementary flows/emission/ground,8.714971128433419e-13,kg,,,,no_factor_in_ipcc_ar6_100
4c452bdc-4389-3f07-9afb-2bc4d446c43f,Dibenzofuran,Elementary flows/emission/ground,2.1185032594000367e-16,kg,,,,no_factor_in_ipcc_ar6_100
c17c2f8d-0f98-3d45-b8c7-cac3d9fc8755,Metrafenone,Elementary flows/emission/water,5.776113651546888e-15,kg,,,,no_factor_in_ipcc_ar6_100
38c25265-acd4-3957-9e79-ed67efbfc2d6,Permethrin,Elementary flows/emission/water,2.407202302338246e-13,kg,,,,no_factor_in_ipcc_ar6_100
f69bb6dd-41b0-3c10-a4e4-e47ede16d133,Diazinon,Elementary flows/emission/air,8.488095277842956e-14,kg,,,,no_factor_in_ipcc_ar6_100
4ca5b281-23fa-3b27-a981-33dd3870dbe7,Pentobarbital sodium,Elementary flows/emission/air,5.947190772036246e-17,kg,,,,no_factor_in_ipcc_ar6_100
d1ce496a-891d-3fae-9188-7345718cd600,Nickel,Elementary flows/resource/ground,-9.555017857422748e-09,kg,,,,no_factor_in_ipcc_ar6_100
3318ffd7-0baf-3055-b4d5-3e395c51080c,Benz[a]acridine,Elementary flows/emission/air,5.717130308442056e-15,kg,,,,no_factor_in_ipcc_ar6_100
85f99f58-fe7e-326e-af30-f5be2c90a718,N-Nitrosopiperidine,Elementary flows/emission/air,3.907016715200436e-18,kg,,,,no_factor_in_ipcc_ar6_100
c3082809-7b76-366d-9066-27ef3b144cab,Methyl isobutyl ketone,Elementary flows/emission/ground,1.6994825817659993e-13,kg,,,,no_factor_in_ipcc_ar6_100
23cf0f1a-fe2f-38b4-9d2e-c7b14bb74223,Flumiclorac-pentyl,Elementary flows/emission/water,1.0525931348333845e-13,kg,,,,no_factor_in_ipcc_ar6_100
d2ee00c9-d40b-394d-b76d-a084542297b3,Phosmet,Elementary flows/emission/air,4.187341832413106e-13,kg,,,,no_factor_in_ipcc_ar6_100
d78f4e3b-5ecd-39d1-bbf0-1693f60d2498,Metrafenone,Elementary flows/emission/air,1.0987286803799146e-14,kg,,,,no_factor_in_ipcc_ar6_100
2030335f-1dc0-3a88-992a-9df92c2acf4c,(1S)-Abscisic acid,Elementary flows/emission/water,3.762995894956886e-16,kg,,,,no_factor_in_ipcc_ar6_100
5d84be53-a39e-3bbe-9060-7ac64094e8b6,Ethylene,Elementary flows/emission/ground,6.183444497285162e-14,kg,,,,no_factor_in_ipcc_ar6_100
807602ec-32c3-3110-90bb-4820e2480b82,Fluazinam,Elementary flows/emission/air,4.7051926092668626e-14,kg,,,,no_factor_in_ipcc_ar6_100
2eca9d6f-41ea-3b83-8aa4-99cde4c615dc,Propoxycarbazone-sodium,Elementary flows/emission/water,9.179151672342157e-14,kg,,,,no_factor_in_ipcc_ar6_100
7b9af1b3-5539-355a-b0c1-5a89b9bc45d4,Cloransulam-methyl,Elementary flows/emission/water,2.464932846817705e-13,kg,,,,no_factor_in_ipcc_ar6_100
eeba758b-cf34-373f-98ee-923a0bf9c546,Tetrabromobisphenol A,Elementary flows/emission/ground,4.703376390253871e-15,kg,,,,no_factor_in_ipcc_ar6_100
33747054-5eee-32d2-9308-cce94a081127,Primisulfuron-methyl,Elementary flows/emission/air,2.2573664721165465e-14,kg,,,,no_factor_in_ipcc_ar6_100
4e56caa0-071f-381a-a4fb-61029b1bf4a6,N-Nitroso-N-ethylurea,Elementary flows/emission/air,6.233459664636589e-16,kg,,,,no_factor_in_ipcc_ar6_100
80ce561a-07c1-35c6-8a4d-93337058168f,Potassium N-methyldithiocarbamate,Elementary flows/emission/water,3.1338738542655467e-12,kg,,,,no_factor_in_ipcc_ar6_100
493b90f0-8fbc-38eb-9946-f6dfdc4c9392,Fenarimol,Elementary flows/emission/air,5.359665204385091e-15,kg,,,,no_factor_in_ipcc_ar6_100
e6b41080-c72b-3bc3-9cb7-2fef55f69f04,Nitromethane,Elementary flows/emission/air,3.1363605140007623e-11,kg,,,,no_factor_in_ipcc_ar6_100
e9833754-20e2-35fd-a14b-c2b5a61d3bc6,Bromacil,Elementary flows/emission/water,1.2632859026800505e-13,kg,,,,no_factor_in_ipcc_ar6_100
f617d813-4481-319a-8b32-79a604d47cc1,Diphenylamine,Elementary flows/emission/water,8.718932245430671e-15,kg,,,,no_factor_in_ipcc_ar6_100
d85fa354-a204-3c2e-ae38-a96031939fd6,"2,4-Dinitrotoluene",Elementary flows/emission/ground,1.1507386999184905e-12,kg,,,,no_factor_in_ipcc_ar6_100
9b470b23-887f-3db8-afd1-0c9edab754d4,Dichlobenil,Elementary flows/emission/air,2.3842686079897843e-15,kg,,,,no_factor_in_ipcc_ar6_100
f5ae1311-4462-3209-8fc7-b748435b99b7,Acibenzolar-S-methyl,Elementary flows/emission/air,2.105207093695242e-16,kg,,,,no_factor_in_ipcc_ar6_100
2f9d39a5-af47-3d92-ba09-4f6e8e04dd36,Triflumizole,Elementary flows/emission/water,4.9933106300683767e-14,kg,,,,no_factor_in_ipcc_ar6_100
e6c52b1b-05ea-3c38-a1db-8562bbb73659,"2,4-D isopropyl ester",Elementary flows/emission/air,6.1004228019585035e-15,kg,,,,no_factor_in_ipcc_ar6_100
8def0b4d-f181-37d4-b1fc-b13ed58064b3,Phostebupirim,Elementary flows/emission/water,2.1272112895716765e-14,kg,,,,no_factor_in_ipcc_ar6_100
d1313fb4-7ebf-32b7-a2b2-add636a5e737,Methoxychlor,Elementary flows/emission/air,4.269992795793294e-15,kg,,,,no_factor_in_ipcc_ar6_100
8a347c87-b60d-31f5-a542-7e778a8d93f2,Fluroxypyr-meptyl,Elementary flows/emission/water,1.6805165136505394e-12,kg,,,,no_factor_in_ipcc_ar6_100
ac6acf58-3bd1-3a83-949a-6e3863be67cb,2-Mercaptobenzothiazole,Elementary flows/emission/air,6.613129901210767e-13,kg,,,,no_factor_in_ipcc_ar6_100
ce4de216-148d-3f96-aac8-1cd266312e74,Indoxacarb,Elementary flows/emission/water,3.3751630386153393e-15,kg,,,,no_factor_in_ipcc_ar6_100
a5ca22d8-32fb-3667-afeb-d36f55eb871d,Acrylic acid,Elementary flows/emission/water,5.671254466281761e-13,kg,,,,no_factor_in_ipcc_ar6_100
d069c8f3-1aab-3cef-9fc3-49bf7c2c5bff,Propargyl alcohol,Elementary flows/emission/ground,1.171519987421645e-13,kg,,,,no_factor_in_ipcc_ar6_100
f944c7cc-8bd1-3c03-9402-1933f9ea2f43,Thiabendazole,Elementary flows/emission/air,2.597855919084542e-15,kg,,,,no_factor_in_ipcc_ar6_100
8fb30043-5f63-345e-a872-b7e8deda26fd,Spinosad,Elementary flows/emission/air,3.405854323703719e-14,kg,,,,no_factor_in_ipcc_ar6_100
33c6e1a1-fda8-3c68-ad8f-cdf9c3abd20b,Mesotrione,Elementary flows/emission/air,5.022136743226323e-12,kg,,,,no_factor_in_ipcc_ar6_100
2124a765-4432-344c-9058-09ed9f5fed79,Crotonaldehyde,Elementary flows/emission/water,1.5029486177229744e-13,kg,,,,no_factor_in_ipcc_ar6_100
53718268-a71b-3597-b368-d26c3260db61,Dichloran,Elementary flows/emission/air,3.079810800580342e-14,kg,,,,no_factor_in_ipcc_ar6_100
649e450a-3c37-3493-83e6-1719ebd8e92f,p-Nitrophenol,Elementary flows/emission/water,8.05488526863583e-15,kg,,,,no_factor_in_ipcc_ar6_100
7a2c7e46-dbf6-34ff-8b7d-a434506535b2,"1,1-Dichloroethylene",Elementary flows/emission/water,8.578026859913681e-15,kg,,,,no_factor_in_ipcc_ar6_100
22d6b78d-1633-30ca-b520-6c5ce3f3bb2c,Phosphorous acid,Elementary flows/emission/air,1.1403967125099762e-13,kg,,,,no_factor_in_ipcc_ar6_100
788179d7-0f5a-307c-a3d8-0daf87f72d2d,Hexachlorobenzene,Elementary flows/emission/ground,2.9647196884248237e-15,kg,,,,no_factor_in_ipcc_ar6_100
b1739068-97c7-35e6-b7f9-c1e3fc18eb72,Indaziflam,Elementary flows/emission/air,6.411764123102075e-16,kg,,,,no_factor_in_ipcc_ar6_100
37368790-7079-3fac-a735-2fc91d50e3c0,Acetaldehyde,Elementary flows/emission/ground,4.890320859302464e-13,kg,,,,no_factor_in_ipcc_ar6_100
52d73e4b-71a0-3439-afce-1fb671cefb27,Asbestos,Elementary flows/emission/ground,3.7033518661718035e-13,kg,,,,no_factor_in_ipcc_ar6_100
fae3add8-3856-3dd0-b14a-83dab6eb662c,2-Methoxyethanol,Elementary flows/emission/water,1.8434604135242217e-13,kg,,,,no_factor_in_ipcc_ar6_100
dd983461-0533-301e-bde1-e1d5f1d55c4e,Gravel,Elementary flows/resource/ground,-0.0002912645479364018,kg,,,,no_factor_in_ipcc_ar6_100
f78e1bc3-619c-3fa1-aee8-77c3e3f1d24b,Chlorothalonil,Elementary flows/emission/air,2.026070668569196e-11,kg,,,,no_factor_in_ipcc_ar6_100
0077844b-a036-3b20-985a-d2b9c6826355,Potassium,Elementary flows/resource/ground,-6.253329760037548e-07,kg,,,,no_factor_in_ipcc_ar6_100
020fafef-7d11-3e76-9296-730a46819101,Ethyl chloroacetate,Elementary flows/emission/air,4.853271876637554e-14,kg,,,,no_factor_in_ipcc_ar6_100
dc2cd4dc-a206-3108-81ab-c67358b52373,Catechol,Elementary flows/emission/ground,4.9445727727831156e-15,kg,,,,no_factor_in_ipcc_ar6_100
51967f31-0130-3383-81ee-c7187782ebd3,Nitrapyrin,Elementary flows/emission/air,2.1689659526311203e-15,kg,,,,no_factor_in_ipcc_ar6_100
d5124a15-fd4d-3dfa-a02c-a9a32d8c336c,"1,1-Dimethylhydrazine",Elementary flows/emission/air,9.991020225117587e-11,kg,,,,no_factor_in_ipcc_ar6_100
7b3ad362-b4b2-3132-a61a-c6c1418535aa,2-Ethoxyethanol,Elementary flows/emission/water,1.7101428981468823e-11,kg,,,,no_factor_in_ipcc_ar6_100
2c2ddd00-0dd8-38c9-9984-477c58334888,Paraquat dichloride,Elementary flows/emission/ground,9.22479537405535e-14,kg,,,,no_factor_in_ipcc_ar6_100
29dad7e3-3b2e-3d51-8c8d-bde67ca154ca,"1,1,2-Trichloroethane",Elementary flows/emission/water,1.4351813997457153e-14,kg,,,,no_factor_in_ipcc_ar6_100
972ac0b5-a122-3403-a106-2b5e9dc6c2c9,Azinphos-methyl,Elementary flows/emission/air,1.2022600885745732e-13,kg,,,,no_factor_in_ipcc_ar6_100
6a2da06a-6879-3d55-8874-6e3d7326f8f7,"Imazethapyr, ammonium salt",Elementary flows/emission/air,6.128436532204132e-13,kg,,,,no_factor_in_ipcc_ar6_100
1ab24e9c-18f9-3aeb-a968-d1c6f25a1ef4,Phosphate ore,Elementary flows/resource/ground,-2.2813163925010332e-05,kg,,,,no_factor_in_ipcc_ar6_100
8cb9133b-3100-3946-86e2-06bb07db8b83,Hydroquinone,Elementary flows/emission/water,6.507098298873549e-13,kg,,,,no_factor_in_ipcc_ar6_100
e9b6af66-49d6-3e85-8374-a7e7870ecc34,Dimethenamid-P,Elementary flows/emission/water,5.310649019446131e-12,kg,,,,no_factor_in_ipcc_ar6_100
39ded934-b0db-3f9d-b5d8-9d5f242469ba,Methyl[1-(2-trifluoromethylpyridin-5-yl)ethyl]-N-cyanosulfoximine,Elementary flows/emission/water,3.003867664760633e-17,kg,,,,no_factor_in_ipcc_ar6_100
2dd131c3-3608-3970-b128-e6d8e5a56958,Cyromazine,Elementary flows/emission/water,3.602403613372833e-15,kg,,,,no_factor_in_ipcc_ar6_100
8b455d94-8a5e-3215-9551-5ad02fed9903,Ethylene glycol monophenyl ether,Elementary flows/emission/air,3.5260833736380667e-12,kg,,,,no_factor_in_ipcc_ar6_100
08892041-9412-351c-a166-9f0966dbd29d,Garnet group,Elementary flows/resource/ground,-2.8535984223448926e-08,kg,,,,no_factor_in_ipcc_ar6_100
4265cb8a-11b6-3949-90ee-9eec7a7ec5a3,Lithium,Elementary flows/resource/ground,-7.71003328174194e-10,kg,,,,no_factor_in_ipcc_ar6_100
773db9dd-b18c-3b11-98ff-eda321c69a67,Nicosulfuron,Elementary flows/emission/air,5.423416399397053e-14,kg,,,,no_factor_in_ipcc_ar6_100
3bfd916c-2ddf-3204-8ef3-078bf7b6938a,Spirodiclofen,Elementary flows/emission/air,6.156420399434041e-14,kg,,,,no_factor_in_ipcc_ar6_100
b6f02fe3-0333-330d-8ed5-1e2a8b886815,Rimsulfuron,Elementary flows/emission/air,2.9737067455337024e-13,kg,,,,no_factor_in_ipcc_ar6_100
6da95997-b795-348f-a1e5-178ef08f21d3,Urea sulfate,Elementary flows/emission/air,4.416716848623645e-12,kg,,,,no_factor_in_ipcc_ar6_100
c1469141-98f7-3068-bd5d-1993b7d762d3,Silver,Elementary flows/resource/ground,-2.900438034724049e-09,kg,,,,no_factor_in_ipcc_ar6_100
5c8e293a-4009-30d8-a003-43add9e779f7,Asbestos,Elementary flows/emission/air,4.648561803214808e-13,kg,,,,no_factor_in_ipcc_ar6_100
112ee870-aafa-3ae1-b4ec-ffb80b450116,Cumene hydroperoxide,Elementary flows/emission/water,5.218571539089908e-13,kg,,,,no_factor_in_ipcc_ar6_100
e83093c6-3eda-334a-ba02-940d8b16996c,Peracetic acid,Elementary flows/emission/water,2.3971327359926377e-16,kg,,,,no_factor_in_ipcc_ar6_100
90a5dcd7-0232-3f76-9a17-d8438df99160,Chloropicrin,Elementary flows/emission/water,3.596211954714391e-14,kg,,,,no_factor_in_ipcc_ar6_100
de6a735c-b1ce-31bf-b5c0-f11f9c59a99a,Dipotassium endothall,Elementary flows/emission/air,6.533450201496831e-15,kg,,,,no_factor_in_ipcc_ar6_100
eb9c0469-79cd-36c4-b2d6-0d615c6bde4a,Flonicamid,Elementary flows/emission/water,3.730489648148908e-14,kg,,,,no_factor_in_ipcc_ar6_100
0f779688-a733-326a-9f01-34e760369213,Methyl isothiocyanate,Elementary flows/emission/air,1.940977630304944e-16,kg,,,,no_factor_in_ipcc_ar6_100
2f1c6136-75b2-3218-8382-8b74a2de322d,Prometryn,Elementary flows/emission/water,1.9874234123706387e-12,kg,,,,no_factor_in_ipcc_ar6_100
76e3b503-8bd7-39aa-82d9-1a481b8b0e2b,Endosulfan,Elementary flows/emission/air,5.339625156625265e-13,kg,,,,no_factor_in_ipcc_ar6_100
fd00f414-f357-3585-bd6b-2c57b33d70e9,Fluthiacet-methyl,Elementary flows/emission/air,5.6386557117537474e-14,kg,,,,no_factor_in_ipcc_ar6_100
a36c2ddb-c75d-3f98-9c29-b2469e2ccd14,Maleic anhydride,Elementary flows/emission/ground,5.909409734812973e-13,kg,,,,no_factor_in_ipcc_ar6_100
4bbbe12d-e170-31dc-b321-7abca90e41f1,Methamidophos,Elementary flows/emission/water,8.150237745865942e-16,kg,,,,no_factor_in_ipcc_ar6_100
518c3bcc-ac29-3302-9159-20a1350e0c86,1-Butanol,Elementary flows/emission/ground,1.2251271163339202e-13,kg,,,,no_factor_in_ipcc_ar6_100
e55065d2-2aba-3864-ab31-6d8c8921231b,Peracetic acid,Elementary flows/emission/air,1.0058295309436038e-09,kg,,,,no_factor_in_ipcc_ar6_100
f7005ea1-d3f3-3df4-a992-60bfed8f12a8,Terbacil,Elementary flows/emission/water,6.7807788030340726e-15,kg,,,,no_factor_in_ipcc_ar6_100
a4b215e2-92ab-3930-a808-8401ce127507,Dimethoate,Elementary flows/emission/water,1.0792669981081576e-12,kg,,,,no_factor_in_ipcc_ar6_100
98ff9077-502a-39b9-87fe-5c7465307ef5,Bromine,Elementary flows/emission/ground,2.379209347191786e-11,kg,,,,no_factor_in_ipcc_ar6_100
d4096862-eded-3513-a46c-3012eb6b19c3,Sodium methyldithiocarbamate,Elementary flows/emission/water,1.72659301853561e-11,kg,,,,no_factor_in_ipcc_ar6_100
2db075b9-9baa-3274-aa8b-1d7e0296a730,Phenol,Elementary flows/emission/ground,2.0457325657424396e-12,kg,,,,no_factor_in_ipcc_ar6_100
60913e05-68da-35d9-b5ae-e35e44e3c3df,Nitric acid,Elementary flows/emission/water,2.169284560157585e-10,kg,,,,no_factor_in_ipcc_ar6_100
7281eef5-e25d-3627-bf90-fd7a71594bdf,Potassium 1-naphthaleneacetate,Elementary flows/emission/air,1.9913930449446524e-15,kg,,,,no_factor_in_ipcc_ar6_100
970f70a9-6fa0-309d-a3b9-b4b064c4fb48,2-Butanol,Elementary flows/emission/water,2.4696039594014163e-13,kg,,,,no_factor_in_ipcc_ar6_100
bab290d5-6767-39b1-b362-6ea843cd689f,Monopotassium phosphate,Elementary flows/emission/water,2.0373942977282216e-14,kg,,,,no_factor_in_ipcc_ar6_100
4141409a-7f36-324a-a7f8-b5f2d3cef6fc,"Hydrocarbons, petroleum",Elementary flows/emission/water,8.400214897632505e-13,kg,,,,no_factor_in_ipcc_ar6_100
081c8dd6-9699-3562-ac90-4a7bb82f5944,Naled,Elementary flows/emission/air,9.135448726467793e-15,kg,,,,no_factor_in_ipcc_ar6_100
42b80706-968e-3cf8-8767-cf57822b73fe,"1,3-Propane sultone",Elementary flows/emission/air,1.8130603549244774e-14,kg,,,,no_factor_in_ipcc_ar6_100
6256ea42-850f-310e-9e20-04176b6aee79,Penthiopyrad,Elementary flows/emission/water,1.9580286557338742e-13,kg,,,,no_factor_in_ipcc_ar6_100
eacb07be-f0d9-3e58-9a11-5141f074f34f,Fenhexamid,Elementary flows/emission/water,3.783579863063872e-14,kg,,,,no_factor_in_ipcc_ar6_100
a3577eef-6ebf-328f-a1a9-38313688e789,Rimsulfuron,Elementary flows/emission/water,1.5633041919249568e-13,kg,,,,no_factor_in_ipcc_ar6_100
56f8e239-c202-34b2-bac6-e46d46c92a20,Copper octanoate,Elementary flows/emission/water,3.0165396236581835e-17,kg,,,,no_factor_in_ipcc_ar6_100
fe3a205e-efbc-3a40-ae86-e66025531fe0,Hexachlorophene,Elementary flows/emission/air,2.5292085526088736e-15,kg,,,,no_factor_in_ipcc_ar6_100
d557b370-3d51-3842-841e-eaedac16d2ec,Imazapic,Elementary flows/emission/air,1.3757861796773283e-13,kg,,,,no_factor_in_ipcc_ar6_100
0d075c6f-cc28-3276-9157-d91785d3d51c,Fludioxonil,Elementary flows/emission/air,3.302318738136879e-14,kg,,,,no_factor_in_ipcc_ar6_100
3a682cf4-2955-3a08-83c3-649d6ec9bb33,Triethylene glycol,Elementary flows/emission/air,2.779117557004838e-11,kg,,,,no_factor_in_ipcc_ar6_100
b32a0988-6e07-36b2-8c39-fb5316ebebdd,Bispyribac-sodium,Elementary flows/emission/water,1.4240612692145007e-14,kg,,,,no_factor_in_ipcc_ar6_100
480f63fe-e368-3008-acdf-0e933195bcff,Ethylene thiourea,Elementary flows/emission/air,2.3665296358629035e-13,kg,,,,no_factor_in_ipcc_ar6_100
372c9534-a2a3-3dc6-9882-40f6fb3332d5,"2,4-D 2-ethylhexyl ester",Elementary flows/emission/air,5.686342797142517e-11,kg,,,,no_factor_in_ipcc_ar6_100
99789111-38d1-389a-8f81-a3f18c1c774b,Novaluron,Elementary flows/emission/air,1.8881922762343002e-13,kg,,,,no_factor_in_ipcc_ar6_100
bba26198-243f-3d4d-8272-ea418c7a6901,Zeta-Cypermethrin,Elementary flows/emission/water,1.2679543503078385e-13,kg,,,,no_factor_in_ipcc_ar6_100
830deb0a-67bc-31aa-adaf-ab0a48028453,Phosmet,Elementary flows/emission/water,2.2013229286849643e-13,kg,,,,no_factor_in_ipcc_ar6_100
d683f0ad-0d8a-3470-bfe9-a8422ee62739,HCFC-132b,Elementary flows/emission/air,8.636575898393854e-12,kg,,,,no_factor_in_ipcc_ar6_100
164d4343-1aaa-37f9-a426-b12e79861e5a,"Acifluorfen, sodium salt",Elementary flows/emission/air,1.3210374513130304e-12,kg,,,,no_factor_in_ipcc_ar6_100
28b17db1-65c5-3714-a922-4dd97036bb7b,o-Dichlorobenzene,Elementary flows/emission/air,1.1658054799163573e-11,kg,,,,no_factor_in_ipcc_ar6_100
8f6cfbf6-a8b0-3c99-a180-825d9107cd19,Saflufenacil,Elementary flows/emission/air,1.287124977169922e-12,kg,,,,no_factor_in_ipcc_ar6_100
c9949a1d-90fd-3ffc-84dc-13cb5185f0d1,Phenanthrene,Elementary flows/emission/ground,1.3453999082830917e-12,kg,,,,no_factor_in_ipcc_ar6_100
29cb83c1-8e4d-3d09-9ca2-765f6ee95829,Zineb,Elementary flows/emission/air,7.370073460244027e-16,kg,,,,no_factor_in_ipcc_ar6_100
c16146d0-79b1-3712-ad79-6cb5474aab9b,Nitrobenzene,Elementary flows/emission/ground,7.15156413249794e-15,kg,,,,no_factor_in_ipcc_ar6_100
95e3a4de-fc91-33ad-9125-f08d9ab1084b,Esfenvalerate,Elementary flows/emission/water,1.236728314900847e-13,kg,,,,no_factor_in_ipcc_ar6_100
5a445160-c9a6-3d4f-bab8-bc96d742da45,Norflurazon,Elementary flows/emission/water,1.656187041997042e-13,kg,,,,no_factor_in_ipcc_ar6_100
d1b240a0-14ec-3fe3-9a53-ff8d2202251e,Bifenazate,Elementary flows/emission/water,2.0918887132635525e-14,kg,,,,no_factor_in_ipcc_ar6_100
a8df874e-b8a2-331b-93bd-0a36c4b3019d,Flucarbazon-sodium,Elementary flows/emission/water,2.7553690160627477e-13,kg,,,,no_factor_in_ipcc_ar6_100
bd6dbbc3-3244-3f7e-ae73-3438270d5e3b,Methyl methacrylate,Elementary flows/emission/ground,1.3950979002680108e-14,kg,,,,no_factor_in_ipcc_ar6_100
7dbc7f82-299c-3674-9a75-d5dc46827447,Chlorimuron-ethyl,Elementary flows/emission/water,5.420951257153288e-13,kg,,,,no_factor_in_ipcc_ar6_100
d006cfb4-4a47-365e-80ed-03cea0504976,Dichloran,Elementary flows/emission/water,1.6190841183489528e-14,kg,,,,no_factor_in_ipcc_ar6_100
4c4afdaf-8575-3c7c-bf8f-4ddea29fd682,Boron,Elementary flows/resource/ground,-3.4621297392035707e-06,kg,,,,no_factor_in_ipcc_ar6_100
0914a63b-ad23-3c72-8ff0-6961098699c1,Polyoxorim-zinc,Elementary flows/emission/water,1.615777606437069e-15,kg,,,,no_factor_in_ipcc_ar6_100
edb4debe-86c6-3e86-a34d-6303f71362af,Fluoxastrobin,Elementary flows/emission/air,6.726133817059756e-14,kg,,,,no_factor_in_ipcc_ar6_100
1ca80807-9afd-3823-8080-dabfc411ed1a,Famoxadone,Elementary flows/emission/water,1.739998329269517e-14,kg,,,,no_factor_in_ipcc_ar6_100
a182c6e7-b29f-3464-97a5-6551c6e57b61,Fenpyroximate,Elementary flows/emission/water,3.0961835969053636e-15,kg,,,,no_factor_in_ipcc_ar6_100
1a1ceea6-4230-360b-bc1c-8bc183e088d6,Land use,Elementary flows/resource/ground/human-dominated,-3.273874732335983e-05,m2*a,,,,no_factor_in_ipcc_ar6_100
ca35bb76-54c3-390f-a40b-bdc8da09a36f,Azadirachtin A,Elementary flows/emission/air,8.783189644482782e-16,kg,,,,no_factor_in_ipcc_ar6_100
a1c9d14f-0fbd-388b-a35c-f320f808ff0f,"4,4'-Methylenebis(2-chloroaniline)",Elementary flows/emission/ground,1.0335221283122443e-14,kg,,,,no_factor_in_ipcc_ar6_100
5c12bffd-a02e-30b3-baf7-7d3d9e2dfa3b,CFC-12,Elementary flows/emission/water,2.35921293021271e-14,kg,,,,no_factor_in_ipcc_ar6_100
fd52c91e-511d-3369-8444-f2a179055002,Propoxycarbazone-sodium,Elementary flows/emission/air,1.746052148154386e-13,kg,,,,no_factor_in_ipcc_ar6_100
3689c0b8-78fd-325f-a7b7-2625795cbb38,S-Ethyl dipropylthiocarbamate,Elementary flows/emission/water,5.698574660121075e-14,kg,,,,no_factor_in_ipcc_ar6_100
47fa0682-b274-3626-97fd-adf7f3a22559,Cyfluthrin,Elementary flows/emission/water,2.4854422738204155e-13,kg,,,,no_factor_in_ipcc_ar6_100
fcbfbac9-6762-3c02-ad25-3e3660e5d780,Tolfenpyrad,Elementary flows/emission/air,1.7214106620248748e-15,kg,,,,no_factor_in_ipcc_ar6_100
5b9223cf-339f-385a-8346-201c966b75b2,Buprofezin,Elementary flows/emission/air,4.809207361525637e-14,kg,,,,no_factor_in_ipcc_ar6_100
2cb2e03a-fbcc-3c08-b6d9-fcd714c4f213,2-Propen-1-ol,Elementary flows/emission/water,3.45903566783643e-12,kg,,,,no_factor_in_ipcc_ar6_100
4954503a-76d6-3568-83cb-aac2b5ab8bae,Warfarin,Elementary flows/emission/air,2.635458867569236e-15,kg,,,,no_factor_in_ipcc_ar6_100
897c483d-3d72-3b25-a7d2-e551a590ae99,Allylamine,Elementary flows/emission/air,8.545411006495075e-14,kg,,,,no_factor_in_ipcc_ar6_100
290d9a3e-ae36-3c36-b755-8bbf90c17054,Iron,Elementary flows/resource/ground,-2.8891905459105956e-05,kg,,,,no_factor_in_ipcc_ar6_100
8c5dbae3-e1b3-3c73-a84b-ca846f3bee35,Clodinafop-propargyl,Elementary flows/emission/water,7.551970440944376e-14,kg,,,,no_factor_in_ipcc_ar6_100
9a4bcc35-5aa7-3f1c-8af3-90833980a65d,Urethane,Elementary flows/emission/air,4.1165333763448544e-14,kg,,,,no_factor_in_ipcc_ar6_100
ab85815f-5a55-38f1-bc85-4d3c9526f2d7,Phthalic anhydride,Elementary flows/emission/water,4.7079435153276785e-15,kg,,,,no_factor_in_ipcc_ar6_100
b89f4c1a-4dbf-3bf9-bd08-b7d6004af781,p-Chloroaniline,Elementary flows/emission/air,6.09091489748033e-14,kg,,,,no_factor_in_ipcc_ar6_100
90f9232e-7e13-3b10-86c3-4efaec930bb5,Azoxystrobin,Elementary flows/emission/water,4.491154439183334e-12,kg,,,,no_factor_in_ipcc_ar6_100
fb778ab4-969f-33ce-9644-862f81ac0a8e,o-Cresol,Elementary flows/emission/water,6.9073155713961865e-12,kg,,,,no_factor_in_ipcc_ar6_100
dcef5b62-6f9e-3415-bb1e-e226d355e7f8,Triflumizole,Elementary flows/emission/air,9.498242530052373e-14,kg,,,,no_factor_in_ipcc_ar6_100
974c2712-4430-3266-9462-1d9a1d16af2a,Parathion,Elementary flows/emission/air,2.640889843744039e-16,kg,,,,no_factor_in_ipcc_ar6_100
4ed91035-fffd-367e-a252-f470f825ac7b,Isoxaflutole,Elementary flows/emission/water,1.2009581314694003e-12,kg,,,,no_factor_in_ipcc_ar6_100
9d8b95a6-c966-34d8-bea0-170edc19b2fb,Boscalid,Elementary flows/emission/air,2.2463847385761454e-13,kg,,,,no_factor_in_ipcc_ar6_100
abc4693b-0bbb-3f23-83c6-f89ec736a8d9,Dichlorvos,Elementary flows/emission/air,7.647659903619118e-14,kg,,,,no_factor_in_ipcc_ar6_100
11f24d48-ccff-3a22-89d1-811376f6cde9,Copper oxychloride,Elementary flows/emission/water,1.0002559710435361e-15,kg,,,,no_factor_in_ipcc_ar6_100
2fda9070-a8d8-3316-993e-42179ddaf687,"2,4-D isopropyl ester",Elementary flows/emission/water,3.207048352482271e-15,kg,,,,no_factor_in_ipcc_ar6_100
39a07dad-33e8-3644-b6a5-2054c3d53fa9,Coal,Elementary flows/resource/ground,-0.022754242753405284,MJ,,,,no_factor_in_ipcc_ar6_100
f72c4585-b813-37ee-800d-669cade18999,Pinoxaden,Elementary flows/emission/water,4.01298390352551e-13,kg,,,,no_factor_in_ipcc_ar6_100
7de9b8cf-f261-356f-a010-4076b86b26c2,"1,2,3-Trichloropropane",Elementary flows/emission/water,3.9530683191726174e-14,kg,,,,no_factor_in_ipcc_ar6_100
3e023821-ba2c-3ed5-9700-1332ad00f758,Prohexadione calcium,Elementary flows/emission/air,2.5145927966109507e-14,kg,,,,no_factor_in_ipcc_ar6_100
349dc12e-6558-30fe-9a60-96e2e3d76a6b,Lactofen,Elementary flows/emission/water,5.547616244740121e-13,kg,,,,no_factor_in_ipcc_ar6_100
828358e7-c2af-3562-97de-543771f8562e,"2,4-D sodium salt",Elementary flows/emission/air,1.1692565004115072e-15,kg,,,,no_factor_in_ipcc_ar6_100
a4e92cab-7a2e-38ea-9f91-1ab868d4ea30,Naled,Elementary flows/emission/water,4.735967284967788e-15,kg,,,,no_factor_in_ipcc_ar6_100
f6686c2d-8d2f-38a2-a7e8-e72e9c48a81b,Oxyfluorfen,Elementary flows/emission/water,8.634830459619899e-14,kg,,,,no_factor_in_ipcc_ar6_100
d9f6184e-2385-3e9b-a79f-9f076d613296,Sodium methyldithiocarbamate,Elementary flows/emission/air,5.3508291730099804e-12,kg,,,,no_factor_in_ipcc_ar6_100
77d326c2-8c0a-39af-b06b-5e2c8097911c,Diallate,Elementary flows/emission/air,1.1765472358711275e-15,kg,,,,no_factor_in_ipcc_ar6_100
8d7944f4-3acf-3f76-9aec-b11b0173a2a7,Silver,Elementary flows/emission/ground,2.9097356849759723e-12,kg,,,,no_factor_in_ipcc_ar6_100
fed3c8c5-cca9-3b88-a7de-c7054a3c99b8,S-Ethyl dipropylthiocarbamate,Elementary flows/emission/air,1.9438427146597672e-12,kg,,,,no_factor_in_ipcc_ar6_100
fe2689f2-5251-3a42-8ae4-82a9a07db350,Chloramben,Elementary flows/emission/air,1.9827152384371346e-16,kg,,,,no_factor_in_ipcc_ar6_100
4ac96e96-1383-3642-8dc2-61cfc2a44fd6,Ethyl acrylate,Elementary flows/emission/water,2.7685478232176066e-15,kg,,,,no_factor_in_ipcc_ar6_100
6f296e0d-93dd-3539-aac6-9f970786d055,"1,1-Dichloroethane",Elementary flows/emission/water,2.838163490684159e-14,kg,,,,no_factor_in_ipcc_ar6_100
b0a194a5-ed65-3433-802c-cdce511f9a51,Safrole,Elementary flows/emission/air,5.594157367046788e-16,kg,,,,no_factor_in_ipcc_ar6_100
61a380bd-45b3-34b9-84e3-a8d9803f1c4b,Thiobencarb,Elementary flows/emission/air,2.56084167201315e-12,kg,,,,no_factor_in_ipcc_ar6_100
b6604aac-5823-3882-be88-720da587ffb7,Naphthalene,Elementary flows/emission/ground,2.036220352156982e-11,kg,,,,no_factor_in_ipcc_ar6_100
123df42b-1658-3f80-ad31-fffbb8559d43,Toluene,Elementary flows/emission/ground,4.4593466465169957e-11,kg,,,,no_factor_in_ipcc_ar6_100
99ae18c9-882c-32cf-a6a7-e5f563cb9e0c,Potassium dimethyldithiocarbamate,Elementary flows/emission/air,9.306095278002313e-13,kg,,,,no_factor_in_ipcc_ar6_100
facefbff-64d7-3868-9a4e-1340485b07f2,Gibberellin A4 mixture with Gibberellin A7,Elementary flows/emission/water,2.0208327704540767e-15,kg,,,,no_factor_in_ipcc_ar6_100
ca3d1eb2-0df4-3d39-b2d7-647e19ebd9c7,"2,4-D isooctyl ester",Elementary flows/emission/air,3.498531434581128e-15,kg,,,,no_factor_in_ipcc_ar6_100
a9d925e5-9992-349a-add5-5aa4ebb189fa,"2-(4,5-Dihydro-4-methyl-4-isopropyl-5-oxo-1H-imidazol-2-yl)-5-methyl-3-pyridinecarboxylic acid monoammonium salt",Elementary flows/emission/water,1.7404719887625037e-13,kg,,,,no_factor_in_ipcc_ar6_100
ec3ade96-0660-30ca-8127-4d02e7f80e1a,Fenpropathrin,Elementary flows/emission/water,4.628922525868104e-14,kg,,,,no_factor_in_ipcc_ar6_100
cb6920c2-03c3-3edf-a7d2-982259c788ce,1-Tetradecanol,Elementary flows/emission/water,2.2092675644602749e-16,kg,,,,no_factor_in_ipcc_ar6_100
e4d65057-e963-3cfb-aeed-0ae9376d0652,Cyromazine,Elementary flows/emission/air,6.852467235749463e-15,kg,,,,no_factor_in_ipcc_ar6_100
6d4f326f-f8bb-3f79-a350-23db9ba95a53,Cyanide,Elementary flows/emission/ground,1.365699344683629e-12,kg,,,,no_factor_in_ipcc_ar6_100
c5744818-48d8-3012-81db-160bdb62901d,Bromoxynil heptanoate,Elementary flows/emission/water,1.494794014366797e-12,kg,,,,no_factor_in_ipcc_ar6_100
b2e646f3-ee4a-35b0-a74c-44d34ccf8123,Ametryn,Elementary flows/emission/air,4.967893333169255e-14,kg,,,,no_factor_in_ipcc_ar6_100
4c8e0f51-206e-3be7-a6a2-7511515b32a1,Propamocarb hydrochloride,Elementary flows/emission/air,2.2289817273250662e-13,kg,,,,no_factor_in_ipcc_ar6_100
3d05ff90-ddc4-32c4-b7a6-b0dce709feab,o-Toluidine,Elementary flows/emission/water,2.544053625928575e-14,kg,,,,no_factor_in_ipcc_ar6_100
1a125dd3-01a0-3d1b-83c1-dcb8fccbba68,MCPA-isooctyl,Elementary flows/emission/air,6.295878408728138e-13,kg,,,,no_factor_in_ipcc_ar6_100
a4c36b32-c81e-3a93-8764-b27020bf0704,Methacrylonitrile,Elementary flows/emission/air,3.786665740438442e-16,kg,,,,no_factor_in_ipcc_ar6_100
824d6a2c-f7b8-3c2a-bc56-22a7170ff433,Clopyralid,Elementary flows/emission/water,1.3674982036648073e-12,kg,,,,no_factor_in_ipcc_ar6_100
8f4c1dfc-c60d-3ed4-af2b-c888a369e726,Glyphosate-trimesium,Elementary flows/emission/water,5.005309452872469e-13,kg,,,,no_factor_in_ipcc_ar6_100
39f5ac0d-e6d2-3f69-a81e-a2c921f41cf7,Chlorantraniliprole,Elementary flows/emission/water,2.0273209543155808e-14,kg,,,,no_factor_in_ipcc_ar6_100
b056350f-5990-35d9-92f7-e72f9f67aa3b,Di-n-octyl phthalate,Elementary flows/emission/ground,1.252891513389714e-11,kg,,,,no_factor_in_ipcc_ar6_100
16dc3d38-6a6b-3edf-b406-603e965b0567,"2,4-Dinitrotoluene",Elementary flows/emission/water,3.159100592046257e-17,kg,,,,no_factor_in_ipcc_ar6_100
4aca0c2c-6e1a-3d90-956c-7141ca8932ce,Crude oil,Elementary flows/resource/water,-0.044348764939835875,MJ,,,,no_factor_in_ipcc_ar6_100
6d1dc6be-c66f-3ac7-9647-ba910663b972,Tralkoxydim,Elementary flows/emission/air,1.315895223707769e-14,kg,,,,no_factor_in_ipcc_ar6_100
1147e66c-db3e-303c-b7c7-89b006d98881,Land use,Elementary flows/resource/ground/terrestrial/forest,-0.0013351325362068265,m2*a,,,,no_factor_in_ipcc_ar6_100
0e14bffb-cc14-3da9-8604-2a5e00376729,Prohexadione calcium,Elementary flows/emission/water,1.3219437153882596e-14,kg,,,,no_factor_in_ipcc_ar6_100
5cdeba45-c1d6-3567-9754-cf702e1894cf,Fenpropathrin,Elementary flows/emission/air,8.845658200006195e-14,kg,,,,no_factor_in_ipcc_ar6_100
1bc1d04e-7cca-3e00-a394-bb1745615de0,Quinoline,Elementary flows/emission/ground,7.742928476149261e-14,kg,,,,no_factor_in_ipcc_ar6_100
be787802-0228-3229-bfac-0b1f0c5d19c8,Molybdenum(VI),Elementary flows/emission/water,3.4041945667934255e-11,kg,,,,no_factor_in_ipcc_ar6_100
c0f64332-ef0e-377c-9685-23ea4c9d9511,Iprodione,Elementary flows/emission/air,1.0221546186084269e-13,kg,,,,no_factor_in_ipcc_ar6_100
39bce74f-bbd2-33d5-92a3-cd73554c481b,Dicyclopentadiene,Elementary flows/emission/ground,4.8069472040932575e-15,kg,,,,no_factor_in_ipcc_ar6_100
ec8b1a1a-3119-3429-ae76-5bed75423e44,Cymoxanil,Elementary flows/emission/air,4.124918925183441e-14,kg,,,,no_factor_in_ipcc_ar6_100
7d3ee9b8-9521-33a4-b658-7137030dd749,Triallate,Elementary flows/emission/air,2.299694917563771e-13,kg,,,,no_factor_in_ipcc_ar6_100
d1f8b7ae-e933-3b6f-bb96-c5bd85b5a2c7,Diquat dibromide,Elementary flows/emission/air,9.754667922452122e-14,kg,,,,no_factor_in_ipcc_ar6_100
b5fe6dcb-68cf-33f8-91ac-d917aedc98f4,m-Dinitrobenzene,Elementary flows/emission/water,1.1519996494227283e-13,kg,,,,no_factor_in_ipcc_ar6_100
debbd95c-f07d-3cb6-96e8-f910346ac35d,1-Naphthalenamine,Elementary flows/emission/air,8.901038388686308e-15,kg,,,,no_factor_in_ipcc_ar6_100
f3779e12-a905-3eb5-ae62-ed35ce81aff4,Spirotetramat,Elementary flows/emission/water,4.3119443314913516e-14,kg,,,,no_factor_in_ipcc_ar6_100
7be913ba-bf4e-35b1-947c-487341884866,Fluxapyroxad,Elementary flows/emission/water,3.981504973471564e-14,kg,,,,no_factor_in_ipcc_ar6_100
6c430c9a-3d33-3c4b-a0c1-755ffe50e95f,Diglycidyl resorcinol ether,Elementary flows/emission/air,3.5035408271974294e-16,kg,,,,no_factor_in_ipcc_ar6_100
ca19603c-0cd6-3273-b6d4-43b6b442c457,Sethoxydim,Elementary flows/emission/water,2.584390002974035e-13,kg,,,,no_factor_in_ipcc_ar6_100
0ee54d5e-dd92-3af5-a1a2-6146cc58489e,Gibberellic acid,Elementary flows/emission/water,2.2674743961915895e-15,kg,,,,no_factor_in_ipcc_ar6_100
9b9dc1cb-8bca-372a-b3c5-4b940593b281,Simazine,Elementary flows/emission/water,1.020537542322657e-12,kg,,,,no_factor_in_ipcc_ar6_100
bd954014-a8e6-3cfc-aea1-fda63b9fcae9,Monuron,Elementary flows/emission/air,7.103677997610755e-16,kg,,,,no_factor_in_ipcc_ar6_100
1a7dfbcb-8cfa-3a4f-94f5-376a642f053e,Chlorobenzilate,Elementary flows/emission/air,2.816950608887005e-16,kg,,,,no_factor_in_ipcc_ar6_100
eff9bf9b-2425-363d-9fe6-819e07936137,Tolfenpyrad,Elementary flows/emission/water,9.049624191180807e-16,kg,,,,no_factor_in_ipcc_ar6_100
740f6c14-f1ae-3572-9210-a8f9a3d70a3c,p-Cresidine,Elementary flows/emission/air,3.5200938048380907e-15,kg,,,,no_factor_in_ipcc_ar6_100
407e2c1c-7381-3c5f-a64c-f8ffdf7e71d9,Prometryn,Elementary flows/emission/air,3.783695014619717e-12,kg,,,,no_factor_in_ipcc_ar6_100
4c93360c-c42c-3ce1-ae3e-7b11de633e07,"1-(3-Chloroallyl)-3,5,7-Triaza-1-azoniaadamantane chloride",Elementary flows/emission/ground,4.487080622519466e-13,kg,,,,no_factor_in_ipcc_ar6_100
6d89130d-6f52-3cef-8656-96c82f02ec91,Pyrethrin I,Elementary flows/emission/water,1.450152192275716e-15,kg,,,,no_factor_in_ipcc_ar6_100
9755713b-27fd-36c6-afbf-53a1f3886b5b,Cerium,Elementary flows/resource/ground,-7.176421605058725e-09,kg,,,,no_factor_in_ipcc_ar6_100
56549f88-e2c3-395d-9d99-f04d43a46885,Pyrithiobac-sodium,Elementary flows/emission/air,3.6144788821270176e-13,kg,,,,no_factor_in_ipcc_ar6_100
16e8c439-1fff-31ca-acd7-875432326456,Glyphosate isopropylamine salt,Elementary flows/emission/water,1.3937673450267673e-10,kg,,,,no_factor_in_ipcc_ar6_100
38690243-f071-3e8b-8743-0a2b6e64ec2c,Isoxaflutole,Elementary flows/emission/air,2.2844545431594977e-12,kg,,,,no_factor_in_ipcc_ar6_100
d304b05f-06bd-3ae6-9ebe-cd86a2650e84,Dicrotophos,Elementary flows/emission/air,1.1789698425583251e-11,kg,,,,no_factor_in_ipcc_ar6_100
cf98105a-0886-3a36-a4c4-3a951da54e52,2-Propen-1-ol,Elementary flows/emission/air,1.2094199760636029e-11,kg,,,,no_factor_in_ipcc_ar6_100
588b2180-ae56-312d-8034-b09898bed02a,Aldicarb,Elementary flows/emission/air,1.1526191233681957e-11,kg,,,,no_factor_in_ipcc_ar6_100
b3da2f91-8ad7-3ce4-a35f-2363dce86d25,Pinoxaden,Elementary flows/emission/air,7.633471324837699e-13,kg,,,,no_factor_in_ipcc_ar6_100
d585aa40-c456-3ac8-8688-5e5889d5b2fa,Flucarbazon-sodium,Elementary flows/emission/air,5.241244475429603e-13,kg,,,,no_factor_in_ipcc_ar6_100
5b0f0f63-9edd-395a-a279-f7aead36f6ed,Cycloate,Elementary flows/emission/water,4.5851353702107594e-15,kg,,,,no_factor_in_ipcc_ar6_100
4e5cbbfe-5210-32b5-8645-48e49a34ccd5,"Toluene-2,6-diisocyanate",Elementary flows/emission/air,1.555306470615208e-12,kg,,,,no_factor_in_ipcc_ar6_100
ebe0c1c3-9d31-3099-b4ac-c5519c2166e3,Feldspar group,Elementary flows/resource/ground,-5.419963737992341e-07,kg,,,,no_factor_in_ipcc_ar6_100
dfe35622-c28c-30bf-a7bd-cf0bdcecf208,5-Fluorouracil,Elementary flows/emission/air,2.6125440416544324e-16,kg,,,,no_factor_in_ipcc_ar6_100
1b0170f0-3d4b-3164-8b4d-dc193a1e6b9d,"2,4-D dimethylamine salt",Elementary flows/emission/air,1.494576491641732e-11,kg,,,,no_factor_in_ipcc_ar6_100
81d02da9-df7d-3951-b784-f6148da295f3,Decabromodiphenyl oxide,Elementary flows/emission/air,1.7850507078425308e-12,kg,,,,no_factor_in_ipcc_ar6_100
5bc07639-e59c-363f-b62c-17c3d7617533,(E)-Crotonic acid,Elementary flows/emission/water,1.8953311602854325e-15,kg,,,,no_factor_in_ipcc_ar6_100
d42a877d-47e4-3994-9637-488fc1c3b140,"1,2-Dichloroethylene",Elementary flows/emission/water,2.5402751743339257e-15,kg,,,,no_factor_in_ipcc_ar6_100
9d718e3c-b210-3b88-8d2e-27982bcc69e8,(E)-Crotonic acid,Elementary flows/emission/air,3.605282737128497e-15,kg,,,,no_factor_in_ipcc_ar6_100
546de5ab-4d9b-3a33-92c5-5425ec52249a,Sodium carbonate,Elementary flows/resource/ground,-1.0368664280851527e-05,kg,,,,no_factor_in_ipcc_ar6_100
3eb1065b-8faf-39e6-813a-0036823a97d3,Triclopyr-triethylammonium,Elementary flows/emission/air,3.799324420995345e-13,kg,,,,no_factor_in_ipcc_ar6_100
9f5ac6b2-7fa4-3b88-85c6-19eaec033382,Nitrous acid,Elementary flows/emission/air,4.499427495911766e-11,kg,,,,no_factor_in_ipcc_ar6_100
dfbc0db4-1a5c-308a-88fa-bd7633eaca20,Spinetoram L,Elementary flows/emission/water,1.5493180928218038e-14,kg,,,,no_factor_in_ipcc_ar6_100
427c2c4d-be5d-3735-9d21-ab1f7646a243,o-Chlorophenol,Elementary flows/emission/water,5.066780230838726e-14,kg,,,,no_factor_in_ipcc_ar6_100
154fe244-1d60-3246-bb7b-015b670d9f6e,"Imazaquin, monoammonium salt",Elementary flows/emission/water,2.7271030335825522e-14,kg,,,,no_factor_in_ipcc_ar6_100
206d8941-13ff-3907-b44c-cc34b5a3248b,Nicotine,Elementary flows/emission/water,1.425775129653235e-16,kg,,,,no_factor_in_ipcc_ar6_100
76bb79db-de28-38d7-b917-9b7338bae92d,Fenamidone,Elementary flows/emission/air,2.8690198937089e-14,kg,,,,no_factor_in_ipcc_ar6_100
6db8a000-e7d6-371b-bd41-07f98bf4a6d6,"2,4-D isopropylamine salt",Elementary flows/emission/air,2.585396573752205e-13,kg,,,,no_factor_in_ipcc_ar6_100
9c913462-8ca6-341b-bf62-c8249dd62868,Propanil,Elementary flows/emission/air,3.0583402175317285e-11,kg,,,,no_factor_in_ipcc_ar6_100
f29b923f-6df9-39d0-a4eb-63528906783a,Tetrachlorvinphos,Elementary flows/emission/air,3.2179502710263776e-15,kg,,,,no_factor_in_ipcc_ar6_100
a6317c2a-8158-37db-bb2c-5ae4b1219d44,Anthracene,Elementary flows/emission/ground,7.865922843628614e-13,kg,,,,no_factor_in_ipcc_ar6_100
a436de55-1bd6-35fc-9884-85ed374d7e51,Vinyl acetate,Elementary flows/emission/water,3.4876210582862713e-13,kg,,,,no_factor_in_ipcc_ar6_100
990848a4-0b77-3a38-aaee-dc54bb3d7c62,Molybdenum(VI),Elementary flows/emission/ground,3.846086041393399e-12,kg,,,,no_factor_in_ipcc_ar6_100
258a9ac3-ea4a-32a2-a4e8-d76e0c0e88a8,Flumioxazin,Elementary flows/emission/water,2.333962493637025e-12,kg,,,,no_factor_in_ipcc_ar6_100
b9577179-102c-3a4e-9804-33890a2e104e,Propylene oxide,Elementary flows/emission/ground,6.463414492341533e-17,kg,,,,no_factor_in_ipcc_ar6_100
44724d42-9b7a-3a27-a5f1-5a95eb35ed64,Pronamide,Elementary flows/emission/water,1.7465756278767794e-14,kg,,,,no_factor_in_ipcc_ar6_100
2694c421-f246-3b1b-b8d2-e191c4fd7652,Atrazine,Elementary flows/emission/ground,9.81094451836644e-12,kg,,,,no_factor_in_ipcc_ar6_100
40586a11-9507-33bb-81c2-610eb044095d,Phosphorous acid,Elementary flows/emission/water,4.571119333586063e-13,kg,,,,no_factor_in_ipcc_ar6_100
a3b3eac2-0e7f-3fc0-9c48-7062691067c6,Forchlorfenuron,Elementary flows/emission/air,2.4644368970482584e-15,kg,,,,no_factor_in_ipcc_ar6_100
b5a02a80-ed22-3d13-98de-3caea8520d87,Iprodione,Elementary flows/emission/water,5.37355805569873e-14,kg,,,,no_factor_in_ipcc_ar6_100
065a7859-976d-3e4e-9e67-da7359c634d7,Potassium bicarbonate,Elementary flows/emission/air,4.0095910567722183e-13,kg,,,,no_factor_in_ipcc_ar6_100
3caea213-337e-392e-9a2f-1c5ea9f51111,Thiobencarb,Elementary flows/emission/water,1.345737702282482e-12,kg,,,,no_factor_in_ipcc_ar6_100
07553282-c84c-3192-9780-42b64738a035,1-Dodecanol,Elementary flows/emission/air,1.91970766251877e-15,kg,,,,no_factor_in_ipcc_ar6_100
54f426c2-5eb6-3d54-99e6-41cfa6d6e715,m-Dichlorobenzene,Elementary flows/emission/air,1.2988720126137122e-10,kg,,,,no_factor_in_ipcc_ar6_100
a2663056-bbad-3869-a629-0e417f5a1243,4-Aminobiphenyl,Elementary flows/emission/air,5.458674709937119e-14,kg,,,,no_factor_in_ipcc_ar6_100
7a133800-9271-332a-bfd9-559bff14aadf,Dibutyl phthalate,Elementary flows/emission/ground,5.423547069024132e-13,kg,,,,no_factor_in_ipcc_ar6_100
b12fd77c-f1eb-3a0f-b77e-7c67c3e15cdd,"Toluene-2,6-diisocyanate",Elementary flows/emission/ground,1.0255338189947346e-11,kg,,,,no_factor_in_ipcc_ar6_100
8022906d-2e9e-3715-81b2-d6621ef93cc2,Spinetoram J,Elementary flows/emission/water,6.978210614284909e-15,kg,,,,no_factor_in_ipcc_ar6_100
b4c83cd9-8188-3f5d-9152-4d1bc057b61c,"1,3-Phenylenediamine",Elementary flows/emission/air,5.216238049945587e-13,kg,,,,no_factor_in_ipcc_ar6_100
bb693d36-226b-38f9-b409-a1cba9a33d5b,3-Iodo-2-propynyl butylcarbamate,Elementary flows/emission/air,1.4523056124072884e-13,kg,,,,no_factor_in_ipcc_ar6_100
045a2916-daf4-3609-abac-9ec88598ba77,Flutriafol,Elementary flows/emission/water,2.3042339298948648e-14,kg,,,,no_factor_in_ipcc_ar6_100
7143e51b-fb00-3f6f-b3ef-8a114229e8f9,Methoxyfenozide,Elementary flows/emission/water,3.982236256829209e-13,kg,,,,no_factor_in_ipcc_ar6_100
b6d405f2-5691-34c7-9e31-21fdbb69891e,Fluopyram,Elementary flows/emission/water,1.0316557169558487e-14,kg,,,,no_factor_in_ipcc_ar6_100
40f4244c-84c6-3d80-858b-48a9192d83f9,Thiourea,Elementary flows/emission/air,2.178160974227425e-15,kg,,,,no_factor_in_ipcc_ar6_100
80007696-b759-3acb-8c90-043f3e9734cd,Tribenuron-methyl,Elementary flows/emission/air,2.635296194925743e-13,kg,,,,no_factor_in_ipcc_ar6_100
709eb4b3-8e76-3278-b57b-5d41df42ab8c,Mesosulfuron-methyl,Elementary flows/emission/water,2.1451195935498597e-14,kg,,,,no_factor_in_ipcc_ar6_100
35700288-b3ae-3c13-8cd2-b3bd70bea009,"1,2-Diphenylhydrazine",Elementary flows/emission/air,1.3317180189595542e-15,kg,,,,no_factor_in_ipcc_ar6_100
5600a4d7-34a7-3ecc-9dbb-03b10d567ad5,Nitroglycerin,Elementary flows/emission/air,8.926712295403261e-12,kg,,,,no_factor_in_ipcc_ar6_100
eb0417de-fb43-36b3-a24d-3b49f341edd2,Pyraflufen-ethyl,Elementary flows/emission/air,1.7706711207763066e-14,kg,,,,no_factor_in_ipcc_ar6_100
97370c11-ab03-3161-b7a1-0fce2e115de9,Decabromodiphenyl oxide,Elementary flows/emission/water,4.4852543986502125e-15,kg,,,,no_factor_in_ipcc_ar6_100
7c1cb09d-e615-31bc-aeae-7c9c5015217b,Ethoprop,Elementary flows/emission/water,1.730155469693145e-14,kg,,,,no_factor_in_ipcc_ar6_100
7d44e19e-c4b7-34db-8159-0db726b75c6e,Difenoconazole,Elementary flows/emission/air,6.238476038481813e-14,kg,,,,no_factor_in_ipcc_ar6_100
f3fdfd7d-f732-35a8-bf16-c26022fcd8b1,Triphenyltin hydroxide,Elementary flows/emission/air,2.4569924328385463e-14,kg,,,,no_factor_in_ipcc_ar6_100
13f50f4e-6aee-34f6-b3af-20503373f75d,Limestone,Elementary flows/resource/ground,-0.0035920065457223736,kg,,,,no_factor_in_ipcc_ar6_100
b149a4d6-33d8-3631-aa5b-bbe25934fb2e,Ziram,Elementary flows/emission/water,3.1858710165715225e-13,kg,,,,no_factor_in_ipcc_ar6_100
9c91d89c-c446-3a94-b208-12c8adc10f6f,Ethylene glycol,Elementary flows/emission/ground,1.9742829941599504e-11,kg,,,,no_factor_in_ipcc_ar6_100
d2ebbae1-7109-37f7-98c3-ba8df67ced6a,2-Nitropropane,Elementary flows/emission/water,7.93178432901463e-17,kg,,,,no_factor_in_ipcc_ar6_100
45c75b16-d5f5-34df-869e-33d7bc1b0a2f,Triallate,Elementary flows/emission/water,1.205578389223923e-13,kg,,,,no_factor_in_ipcc_ar6_100
3f4eeff7-0c1b-3524-8163-fe629dfe7562,Fluthiacet-methyl,Elementary flows/emission/water,2.964291564716192e-14,kg,,,,no_factor_in_ipcc_ar6_100
da0fdd66-ff6e-31f4-b521-b24924fc7860,Clethodim,Elementary flows/emission/water,1.736764589276024e-12,kg,,,,no_factor_in_ipcc_ar6_100
cf391da7-21c6-352b-9f5b-7be6e33f36b6,2-Methyl-5-nitroaniline,Elementary flows/emission/air,3.563884417300339e-18,kg,,,,no_factor_in_ipcc_ar6_100
4f52d2c9-2507-31c8-97c0-671e59710f95,Mesotrione,Elementary flows/emission/water,1.3313299675206519e-11,kg,,,,no_factor_in_ipcc_ar6_100
c706f9b4-2e37-3c8b-8ac6-9778a003a26e,Benzotrichloride,Elementary flows/emission/air,1.2786364660030103e-14,kg,,,,no_factor_in_ipcc_ar6_100
5a249021-2d0b-3830-b9d6-54298ccd81fd,2-Phenylphenol,Elementary flows/emission/ground,5.542604808510804e-14,kg,,,,no_factor_in_ipcc_ar6_100
b87f8209-7b4e-32a6-a6ac-01b45c6636dd,Acetamiprid,Elementary flows/emission/air,1.2014637361411212e-13,kg,,,,no_factor_in_ipcc_ar6_100
73c7e092-2c23-39b6-a158-0d29e73f8910,Folpet,Elementary flows/emission/air,3.304157217241768e-15,kg,,,,no_factor_in_ipcc_ar6_100
fc283e84-6be2-340c-875a-c1a385d54ad3,Cupric hydroxide,Elementary flows/emission/air,6.559618914493283e-13,kg,,,,no_factor_in_ipcc_ar6_100
4ec9d2b6-518b-3b9a-9e75-2841fdeb168b,HCFC-133a,Elementary flows/emission/water,1.539355388834791e-14,kg,,,,no_factor_in_ipcc_ar6_100
7dbe300b-d061-3e5e-a9f0-1813e89d415c,Zinc,Elementary flows/resource/ground,-2.836032941784722e-06,kg,,,,no_factor_in_ipcc_ar6_100
d1f27937-b013-3f28-913d-fe7019409e94,Chlorthal-dimethyl,Elementary flows/emission/water,6.521394806545848e-14,kg,,,,no_factor_in_ipcc_ar6_100
fa9937a0-4750-313c-a8e8-7c4e4e21fbfa,Pyroxasulfone,Elementary flows/emission/water,1.566467130245749e-13,kg,,,,no_factor_in_ipcc_ar6_100
d30dbbad-52de-3b94-a81c-846e0711e681,"2,2',4,5,5'-Pentachlorobiphenyl",Elementary flows/emission/air,2.2265258455151114e-17,kg,,,,no_factor_in_ipcc_ar6_100
6e414092-5f92-3cd9-afaa-94ddeacb895b,Peat,Elementary flows/resource/ground,-7.212515743327097e-06,MJ,,,,no_factor_in_ipcc_ar6_100
bff10438-f77f-31ac-a730-6051bc326f3a,Bensulide,Elementary flows/emission/water,1.2618456441057043e-13,kg,,,,no_factor_in_ipcc_ar6_100
db320dbb-61e7-31d0-a289-d65d7ec948cc,Cadmium,Elementary flows/emission/ground,1.4011686622504493e-09,kg,,,,no_factor_in_ipcc_ar6_100
d409cf7e-7291-3d80-a500-78dea689bb72,Fenbutatin oxide,Elementary flows/emission/air,1.5878770682348115e-14,kg,,,,no_factor_in_ipcc_ar6_100
416d00fe-54d6-35ee-877c-e19525943ed9,Alumina,Elementary flows/emission/air,3.3118824955841013e-10,kg,,,,no_factor_in_ipcc_ar6_100
0131efb6-1bfb-3fa0-8c01-6f85cf37b148,Saflufenacil,Elementary flows/emission/water,6.766531030314931e-13,kg,,,,no_factor_in_ipcc_ar6_100
bb45699a-9a04-3ee5-9d15-a7d2270f246f,"Carbon monoxide, biogenic",Elementary flows/emission/air,1.1584933245225206e-06,kg,,,,no_factor_in_ipcc_ar6_100
8c9153ab-995e-425c-bddc-642e6dbbfffc,"Wood and wood waste, 20.9 MJ per kg, ovendry basis",Elementary flows/resource/biotic,5.664874799219391e-16,kg,,,,no_factor_in_ipcc_ar6_100
a95bae36-325b-3da7-8a47-00ba98b61cfe,"Water, brackish",Elementary flows/resource/water,-4.507274042621624,kg,,,,no_factor_in_ipcc_ar6_100
f96e52c2-2c7e-35c0-8c7d-91877eb37725,"Water, brackish",Elementary flows/emission/water,4.827092617301826,kg,,,,no_factor_in_ipcc_ar6_100
d2a8729c-0f8a-3adb-a95e-530ac48d2e8e,"Dibenzo(a,h)Anthracene",Elementary flows/emission/air,1.8150942559262874e-13,kg,,,,no_factor_in_ipcc_ar6_100
e344d353-61b8-3be6-a2a5-fd5ee93d8a89,"Coal, bituminous",Elementary flows/resource/ground,-1.1923541481773365,MJ,,,,no_factor_in_ipcc_ar6_100
39587969-515b-3599-a403-78c461a936eb,"Oils, unspecified",Elementary flows/emission/non-FEDEFL/water,3.8256566545224824e-05,kg,,,,no_factor_in_ipcc_ar6_100
01ec7937-eea7-3830-aaf6-3be74f4d952b,Water,Elementary flows/resource/water/subterranean,-3.6986747218374627,kg,,,,no_factor_in_ipcc_ar6_100
e0b92d26-4203-3ae4-aa2d-db74fab4711b,Nitrogen,Elementary flows/resource/air,-0.0063187328869752455,kg,,,,no_factor_in_ipcc_ar6_100
3c12ea56-b2b0-3fb0-9214-46dc9af0ff0b,Oxygen,Elementary flows/resource/air,-0.006936668866624156,kg,,,,no_factor_in_ipcc_ar6_100
1767d662-f96c-38d8-98e4-cc840d9aafd3,Organic compounds,Elementary flows/emission/air,4.935720315714557e-06,kg,,,,no_factor_in_ipcc_ar6_100
9ab45d94-d670-366d-8215-0b743a9fa104,Orthophosphate,Elementary flows/emission/air,1.7672746045110295e-07,kg,,,,no_factor_in_ipcc_ar6_100
48b51613-f8fc-326e-8cae-bc6394e237c8,Phenols,Elementary flows/emission/air,8.707878673463415e-10,kg,,,,no_factor_in_ipcc_ar6_100
fadad103-b2f4-3cfd-944d-d36126854972,Thallium compounds,Elementary flows/emission/air,1.710201486792797e-10,kg,,,,no_factor_in_ipcc_ar6_100
8605d82e-dee0-39b5-917c-83e32d810868,Barium compounds,Elementary flows/emission/ground,3.080924710355968e-07,kg,,,,no_factor_in_ipcc_ar6_100
8f52fd33-5243-3a1d-a4b3-30e1e7476834,Polycyclic aromatic compounds,Elementary flows/emission/ground,1.7301122823338746e-11,kg,,,,no_factor_in_ipcc_ar6_100
63169cac-1f80-354a-a831-82c2c641aa05,Steam,Elementary flows/emission/non-FEDEFL,0.018413899316940263,MJ,,,,no_factor_in_ipcc_ar6_100
396d55c9-4676-3a15-a9a4-b9f91ad2d504,Nitrate compounds,Elementary flows/emission/water,1.1976335118439789e-06,kg,,,,no_factor_in_ipcc_ar6_100
595f37cf-3932-31ad-bd27-1c6522f0c292,Diisobutyl ketone,Elementary flows/emission/air,1.2533725501471467e-10,kg,,,,no_factor_in_ipcc_ar6_100
a0eb7d41-1d2e-37b2-9969-1758504bd806,Antimony compounds,Elementary flows/emission/water,6.893549025809306e-11,kg,,,,no_factor_in_ipcc_ar6_100
d6499c68-fb53-3ad8-ba19-1e40834b4fc7,Cadmium compounds,Elementary flows/emission/water,3.446774512904653e-14,kg,,,,no_factor_in_ipcc_ar6_100
ef4acec0-54d2-30f5-9a5f-a3ed67ac49c0,Silver compounds,Elementary flows/emission/water,1.6920529426986479e-16,kg,,,,no_factor_in_ipcc_ar6_100
6fe5f244-7cd0-3cf7-80c0-e1b258a886fc,"Ethanol, 2-(2-propoxyethoxy)-",Elementary flows/emission/air,1.41004411891554e-12,kg,,,,no_factor_in_ipcc_ar6_100
beef909d-127b-36b7-bcac-ce1f40fe6fc3,"Ethane, 1,2-dibromo-1,1,2-trifluoro-",Elementary flows/emission/air,8.460264713492689e-11,kg,,,,no_factor_in_ipcc_ar6_100
f9841fd7-a9fb-302d-9c39-3eaadc7d9e00,Silver compounds,Elementary flows/emission/air,1.8800588252207199e-10,kg,,,,no_factor_in_ipcc_ar6_100
a2eb3172-ce81-3a6b-9cb0-f93bfbb8f3d3,Selenium compounds,Elementary flows/emission/water,1.8787842791429046e-10,kg,,,,no_factor_in_ipcc_ar6_100
ada69a86-3fc8-3531-a86b-da5a9f076420,Chlorofluorocarbons,Elementary flows/emission/air,2.5211955091919196e-10,kg,,,,no_factor_in_ipcc_ar6_100
55222571-f94b-36fd-b74a-4e32219dfe2f,"Water, saline",Elementary flows/emission/water,7.069522544325072,kg,,,,no_factor_in_ipcc_ar6_100
fe676e41-1df5-3f0f-9006-ca7e0ab442db,Air,Elementary flows/resource/air,-5.343731368861594,kg,,,,no_factor_in_ipcc_ar6_100
beb2d629-1ac8-3385-898d-6454fbcfe8f4,Molybdenum,Elementary flows/emission/ground,5.471083969443572e-15,kg,,,,no_factor_in_ipcc_ar6_100
dbc0dc9e-78ff-3c71-aecd-4aade199c909,Magnesium chloride,Elementary flows/resource/ground,-1.0953733581820444e-07,kg,,,,no_factor_in_ipcc_ar6_100
50bd74d8-c752-3820-a84a-a8c01a5ce1d2,Nitrogen oxides,Elementary flows/emission/water,5.594400507604809e-16,kg,,,,no_factor_in_ipcc_ar6_100
dd75d561-b159-3257-9e33-0a2d64362510,Iridium,Elementary flows/resource/ground,-5.1966141204526743e-17,kg,,,,no_factor_in_ipcc_ar6_100
12812f0a-dd3e-3a55-b1fc-9fc7d5ea994f,Phenols,Elementary flows/emission/water,9.609228115120557e-09,kg,,,,no_factor_in_ipcc_ar6_100
af4664da-60f0-31e5-83ba-0d2518959c5b,Uranium,Elementary flows/resource/ground,-4.7361936430810576e-11,kg,,,,no_factor_in_ipcc_ar6_100
fcf5aa38-e237-3672-9f59-6bf259ebc10a,Aluminum,Elementary flows/resource/ground,-2.2497951428274736e-15,kg,,,,no_factor_in_ipcc_ar6_100
834520b3-9bcb-364f-9673-01f85cd9abfa,Tantalum,Elementary flows/resource/ground,-1.0310916473354357e-12,kg,,,,no_factor_in_ipcc_ar6_100
4ac6cdf2-e742-3dfd-bde7-af7567bc4e35,Strontium,Elementary flows/emission/ground,7.126328797903453e-10,kg,,,,no_factor_in_ipcc_ar6_100
78e348a1-4f2b-3c1b-9edc-a36b7b0af531,Boron,Elementary flows/emission/ground,4.392337136742859e-12,kg,,,,no_factor_in_ipcc_ar6_100
6fca43a7-13fb-315d-a184-8af7d40ff1d3,Iron ore,Elementary flows/resource/ground,-6.220667580305433e-05,kg,,,,no_factor_in_ipcc_ar6_100
19f3288c-b87b-348a-94fe-20a64399d2a4,Phosphorus ore,Elementary flows/resource/ground,-3.106535328582277e-14,kg,,,,no_factor_in_ipcc_ar6_100
76daf866-b662-3499-bcb6-6407d3d69208,Manganese ore,Elementary flows/resource/ground,-2.3169970395253145e-11,kg,,,,no_factor_in_ipcc_ar6_100
89a74257-9468-34f6-b780-2c20a555626f,Selenium,Elementary flows/emission/ground,6.781454922551892e-06,kg,,,,no_factor_in_ipcc_ar6_100
7ad12bb9-ceb8-3dea-8afc-3bb5beab4cf6,Manganese,Elementary flows/resource/ground,-1.6305226561319323e-08,kg,,,,no_factor_in_ipcc_ar6_100
4d1e4708-089f-38b8-93c3-577387828162,Gangue,Elementary flows/resource/ground,-2.0846675940915823e-18,kg,,,,no_factor_in_ipcc_ar6_100
9dbbab15-9afc-3fa7-b87b-e035544dc961,Molybdenum ore,Elementary flows/resource/ground,-2.8039378307869865e-11,kg,,,,no_factor_in_ipcc_ar6_100
268ee121-eaa7-3dec-a1b5-7ccc36d492a7,Oil sand,Elementary flows/resource/ground,-1.5216534538220578e-06,MJ,,,,no_factor_in_ipcc_ar6_100
6cd28065-e28a-3a4a-83e0-3b7c4802f715,Nickel ore,Elementary flows/resource/ground,-1.494383965849567e-07,kg,,,,no_factor_in_ipcc_ar6_100
fb659804-d679-30dc-903a-0116520a0955,Rutile,Elementary flows/resource/ground,-1.215559420421589e-15,kg,,,,no_factor_in_ipcc_ar6_100
89cfcaa0-f8fe-3466-a9ea-1d5e1249b0cc,Dolomite,Elementary flows/resource/ground,-4.5793531197601253e-07,kg,,,,no_factor_in_ipcc_ar6_100
da0f6c12-b6ba-366a-8d62-4e373f300ffa,Beryllium,Elementary flows/emission/ground,1.0187935967782864e-15,kg,,,,no_factor_in_ipcc_ar6_100
71ddb377-5261-3c34-b552-34e0e2f5210d,Dichloroethane,Elementary flows/emission/air,5.742153445205804e-07,kg,,,,no_factor_in_ipcc_ar6_100
d882264b-62f2-32e7-a9a1-10536c47b89c,Magnesite,Elementary flows/resource/ground,-3.386157349562759e-08,kg,,,,no_factor_in_ipcc_ar6_100
18b0fc49-f188-33db-a06f-617400160f0c,Borax,Elementary flows/resource/ground,-7.663424653796013e-13,kg,,,,no_factor_in_ipcc_ar6_100
7d72384b-7b09-3c0d-a1b0-cf6904eb1571,Rhodium,Elementary flows/resource/ground,-1.5623379561541914e-16,kg,,,,no_factor_in_ipcc_ar6_100
1208f3d7-8e09-3e47-9fa8-cbef9b54253d,Bicarbonate,Elementary flows/emission/ground,3.131977344652231e-10,kg,,,,no_factor_in_ipcc_ar6_100
ab4d79b6-f2ad-3757-beae-17cba8a53f5a,"Coal, anthracite",Elementary flows/resource/ground,-0.007478184172957272,MJ,,,,no_factor_in_ipcc_ar6_100
26f93070-ff02-3c4b-8037-cb91d9ff054f,Mercury,Elementary flows/resource/ground,-8.797270812881676e-13,kg,,,,no_factor_in_ipcc_ar6_100
1f466816-2538-329a-86fb-8bee31cabba1,Total Organic Carbon,Elementary flows/emission/ground,9.284869320790387e-12,kg,,,,no_factor_in_ipcc_ar6_100
94d7e0ed-c5c2-36ef-bf30-b393b143a0f1,Ilmenite,Elementary flows/resource/ground,-8.898541886264153e-09,kg,,,,no_factor_in_ipcc_ar6_100
9e2e9b02-a9b1-3f39-80cf-20f0d6da484e,Lead ore,Elementary flows/resource/ground,-1.4931026178115686e-14,kg,,,,no_factor_in_ipcc_ar6_100
d56ecf74-2408-37b4-9856-0064a02026a1,Silicon,Elementary flows/resource/ground,-8.2864218465718e-10,kg,,,,no_factor_in_ipcc_ar6_100
657c8dde-eebb-3e7c-88b7-1ca71cffffd7,Bromide,Elementary flows/emission/ground,2.962586015293768e-13,kg,,,,no_factor_in_ipcc_ar6_100
cb1cb479-023f-3875-9429-e2ec70e9b983,Tin,Elementary flows/emission/ground,2.4231644137204692e-14,kg,,,,no_factor_in_ipcc_ar6_100
d3c76f8b-9c55-331b-a21c-6910bcec2cfc,Zinc ore,Elementary flows/resource/ground,-4.0944303271897146e-09,kg,,,,no_factor_in_ipcc_ar6_100
5207f3a6-df59-315b-a1ac-2ba8e184c666,Potassium,Elementary flows/emission/ground,3.354551645254639e-10,kg,,,,no_factor_in_ipcc_ar6_100
078d66bd-99ab-35b2-a848-df82c8cd0d0b,Sodium nitrate,Elementary flows/resource/ground,-4.516156026659615e-18,kg,,,,no_factor_in_ipcc_ar6_100
ad1bd08b-d640-3605-803e-988d109197e0,Natural gas,Elementary flows/resource/air/subterranean,-5.849010909687003,MJ,,,,no_factor_in_ipcc_ar6_100
93cb533c-f24b-3d17-84aa-50620987eb9b,Colemanite,Elementary flows/resource/ground,-1.4489189391911329e-08,kg,,,,no_factor_in_ipcc_ar6_100
3d8fb54d-4855-3d85-92f9-ef808f71cb97,Osmium,Elementary flows/resource/ground,-6.34018050689086e-17,kg,,,,no_factor_in_ipcc_ar6_100
187acf44-9b91-36cc-a1c3-66c9e3bae012,Chromium(VI),Elementary flows/emission/ground,1.564005936326074e-11,kg,,,,no_factor_in_ipcc_ar6_100
c49b23d3-a86b-39f2-adfc-56cf928d39e7,Arsenic(V),Elementary flows/emission/ground,5.7115342889356724e-05,kg,,,,no_factor_in_ipcc_ar6_100
4e1d73ac-fb6e-3b0d-80f1-5ccfc475385b,Uranium ore,Elementary flows/resource/ground,-4.844641928006989e-06,MJ,,,,no_factor_in_ipcc_ar6_100
9ead7a1d-e02d-3fc5-aefb-a081e974e914,Titanium,Elementary flows/emission/ground,7.392311321655293e-15,kg,,,,no_factor_in_ipcc_ar6_100
0a0e1672-e580-32df-a662-3fe7a1c8f6ce,Sulfite,Elementary flows/emission/ground,4.389961897311937e-13,kg,,,,no_factor_in_ipcc_ar6_100
f8bff873-3318-3cf7-a413-569d08def018,"Water, saline",Elementary flows/resource/water/saline water body/ocean,-2.744381304985217,kg,,,,no_factor_in_ipcc_ar6_100
e991f526-a95a-3c89-bee0-24d3a695f342,Barium sulfate,Elementary flows/resource/ground,-1.8680054981062223e-18,kg,,,,no_factor_in_ipcc_ar6_100
f69937d6-b8cc-3c27-805d-44d420faeb5b,"Quartz, sand",Elementary flows/resource/ground,-2.104902764014356e-06,kg,,,,no_factor_in_ipcc_ar6_100
17f224af-6c5a-39df-892e-ea4c10be928a,Uranium oxide,Elementary flows/resource/ground,-4.240021730393355e-06,MJ,,,,no_factor_in_ipcc_ar6_100
594d2669-3045-3488-90bd-c17920d24c2e,Sulfide,Elementary flows/emission/ground,1.9338717408497603e-10,kg,,,,no_factor_in_ipcc_ar6_100
23639586-433b-3876-b3c3-eff7f8ad761c,Sodium,Elementary flows/emission/ground,8.08346933851025e-09,kg,,,,no_factor_in_ipcc_ar6_100
ac0aba5c-66ce-42c9-9f46-1e47ab7bc4b9,"Transformation, from forest, natural",Ecosystem Services,1.5904301876096009e-12,m2,,,,no_factor_in_ipcc_ar6_100
af11ae18-71fe-3183-a0b9-9e3f0390891e,Bauxite,Elementary flows/resource/ground,-7.345667913826839e-06,kg,,,,no_factor_in_ipcc_ar6_100
4045c079-d5a7-381a-aaa3-1ed87cd38e92,Shale,Elementary flows/resource/ground,-1.0834117881103145e-06,kg,,,,no_factor_in_ipcc_ar6_100
b11d9d11-6356-3680-a898-7e15eb5cd669,Copper ore,Elementary flows/resource/ground,-7.650540500049275e-10,kg,,,,no_factor_in_ipcc_ar6_100
5d7efa7f-2edf-3a26-8589-67ddbd4a04a2,Rock,Elementary flows/resource/ground,-0.0014938637000549895,kg,,,,no_factor_in_ipcc_ar6_100
d13b421a-8f69-3f80-98f8-fdf507df717f,Silicon,Elementary flows/emission/ground,8.832963216394369e-12,kg,,,,no_factor_in_ipcc_ar6_100
31df6eb9-4ba2-38e4-a329-59e58c06a60f,m-Xylene,Elementary flows/emission/ground,2.559235266241193e-14,kg,,,,no_factor_in_ipcc_ar6_100
8fdc7e07-08bc-3f62-b12d-681beb3d8fb5,Calcium chloride,Elementary flows/resource/ground,-1.9180227138444864e-16,kg,,,,no_factor_in_ipcc_ar6_100
b84c05a3-ea17-37b4-ba8a-094efbb2a3f6,Sulfur,Elementary flows/resource/ground,-4.114920537832689e-08,kg,,,,no_factor_in_ipcc_ar6_100
c6b97da9-b228-3d5a-9ce1-014e9089cca7,Sulfur,Elementary flows/emission/ground,1.0381137223152786e-13,kg,,,,no_factor_in_ipcc_ar6_100
28795df9-9fcc-39a2-a60c-038a6773b1f9,Ruthenium,Elementary flows/resource/ground,-3.0776112521484177e-16,kg,,,,no_factor_in_ipcc_ar6_100
2f81e068-0e22-375b-9f95-99f46a757f21,Iodine,Elementary flows/emission/ground,1.896553426462109e-13,kg,,,,no_factor_in_ipcc_ar6_100
49e6583a-376c-32f0-a451-dec18100586e,Chromium ore,Elementary flows/resource/ground,-1.2516748151570907e-07,kg,,,,no_factor_in_ipcc_ar6_100
8368dead-a6d5-3e7f-b1e6-38c0d100260b,Methane,Elementary flows/resource/air,-5.505328926174078e-08,kg,,,,no_factor_in_ipcc_ar6_100
d1114675-5e8c-37c2-bbbe-00c723fb9697,Chromium,Elementary flows/resource/ground,-1.7606200321128815e-09,kg,,,,no_factor_in_ipcc_ar6_100
c11b4748-31e6-331a-8c7a-a75f91e15580,Aggregate,Elementary flows/resource/ground,-2.734935008708199e-06,kg,,,,no_factor_in_ipcc_ar6_100
d989d2b9-fa3f-3b64-805d-f4bb267c9a0e,Lithium,Elementary flows/emission/ground,2.5003156353315786e-12,kg,,,,no_factor_in_ipcc_ar6_100
fe74c877-77b9-3c54-bece-14cdc0096555,Potassium chloride,Elementary flows/resource/ground,-3.9172769563200354e-10,kg,,,,no_factor_in_ipcc_ar6_100
9ee17f49-01b3-3ae8-9cf8-de8ee9dfd6e0,Chloride,Elementary flows/emission/ground,2.3208413638341165e-07,kg,,,,no_factor_in_ipcc_ar6_100
9cf42314-fd4f-358e-8fe2-58f3c0c8b478,Sulfate,Elementary flows/emission/ground,3.2206804783284005e-10,kg,,,,no_factor_in_ipcc_ar6_100
ce935bd2-3bbd-37fb-857b-79d8511c0fdc,Fluoride,Elementary flows/emission/ground,3.0643094949333744e-09,kg,,,,no_factor_in_ipcc_ar6_100
14ea7d0e-a7e9-3ca3-b0ef-073e170b75fc,Soil,Elementary flows/resource/ground,-5.464080454427698e-05,kg,,,,no_factor_in_ipcc_ar6_100
a6a3f554-502b-3952-be02-f172c1df55f5,Calcium carbonate,Elementary flows/resource/ground,-1.4657337505253924e-11,kg,,,,no_factor_in_ipcc_ar6_100
42cfce06-1ae3-3bf8-b270-b9a3f196e3aa,Phosphorus,Elementary flows/resource/ground,-6.297652833502274e-09,kg,,,,no_factor_in_ipcc_ar6_100
1d691e64-4f46-3268-96c9-64d4e7758e80,Antimony,Elementary flows/resource/ground,-1.4070631048981827e-12,kg,,,,no_factor_in_ipcc_ar6_100
b89103a6-91b2-3701-b3ea-af50f7ad0547,Wood,Elementary flows/resource/biotic,-0.0013344140573166138,kg,,,,no_factor_in_ipcc_ar6_100
103e7184-b49a-3eb6-84f8-7f57658653e1,"Rare earth metals, total",Elementary flows/resource/ground,-1.0683247035534346e-13,kg,,,,no_factor_in_ipcc_ar6_100
de2f54e4-dbbe-3850-a341-c6d921dbfdec,"Coal, lignite",Elementary flows/resource/ground,-0.28165450469600695,MJ,,,,no_factor_in_ipcc_ar6_100
98cfca02-c594-3890-a242-18c86de14553,Calcium,Elementary flows/emission/ground,1.6649718229892539e-09,kg,,,,no_factor_in_ipcc_ar6_100
3cd4c415-aadc-3011-be13-8bd4c570951d,Molybdenum trioxide,Elementary flows/emission/ground,7.249684658825905e-12,kg,,,,no_factor_in_ipcc_ar6_100
47becc54-6fbf-35d9-bebb-896fda0a6ccd,Molybdenite,Elementary flows/resource/ground,-6.765854191574237e-12,kg,,,,no_factor_in_ipcc_ar6_100
ad52311a-f339-365f-95e3-589092915e34,"Coal, sub-bituminous",Elementary flows/resource/ground,-1.1412123966564618,MJ,,,,no_factor_in_ipcc_ar6_100
59c96b15-6729-379b-a437-335ab9a86c84,Tin ore,Elementary flows/resource/ground,-1.401949982510106e-10,kg,,,,no_factor_in_ipcc_ar6_100
ec1e5b2d-d3c6-31b7-9782-a5604248a90c,Nitrite,Elementary flows/emission/ground,2.875160742018418e-13,kg,,,,no_factor_in_ipcc_ar6_100
69651d2f-6c0b-305f-a0b4-a61ac0fdd1b9,Phthalic acid,Elementary flows/emission/air,1.849202945998192e-15,kg,,,,no_factor_in_ipcc_ar6_100
c76f8081-e32c-3a35-8ab9-478bfdd8e8a6,Water,Elementary flows/resource/water/fresh water body/lake,-196.9032533839591,kg,,,,no_factor_in_ipcc_ar6_100
f742cf48-f42b-3c21-bf97-e00e779ddc79,Graphite,Elementary flows/resource/ground,-1.164096338172904e-13,kg,,,,no_factor_in_ipcc_ar6_100
ff96e0a1-754b-3426-b69f-9d6e0f5842f6,Acetic acid,Elementary flows/emission/ground,6.9900764675399e-16,kg,,,,no_factor_in_ipcc_ar6_100
11a87634-d3a9-31a9-bd33-8d60b9f0f4d4,Nitrogen,Elementary flows/emission/ground,2.79590345819372e-12,kg,,,,no_factor_in_ipcc_ar6_100
9f9ec4e9-fd80-319a-bc10-d38773af3c43,Water,Elementary flows/resource/water/fresh water body/river,-1036.7065168715028,kg,,,,no_factor_in_ipcc_ar6_100
0c221810-ccbd-36b2-84a3-94f421066e43,Shale gas,Elementary flows/resource/air,-7.494730239837029e-08,MJ,,,,no_factor_in_ipcc_ar6_100
578d6bfc-2db9-3ed2-a875-1e33274ae9e2,Olivine,Elementary flows/resource/ground,-4.8351411927190935e-12,kg,,,,no_factor_in_ipcc_ar6_100
0d924385-3205-34af-86be-67c32bb71ba6,Sodium sulfate,Elementary flows/resource/ground,-2.6694030281201094e-13,kg,,,,no_factor_in_ipcc_ar6_100
09b78757-c595-360a-b817-4b7abf799cb2,Basalt,Elementary flows/resource/ground,-1.291188763531067e-09,kg,,,,no_factor_in_ipcc_ar6_100
094013e3-a7a0-339f-938f-8255663a40e1,Pyrite,Elementary flows/resource/ground,-3.6899474928096224e-11,kg,,,,no_factor_in_ipcc_ar6_100
6d4fdfb9-0f99-382f-9ca2-9d25e972d283,Kaolinite,Elementary flows/resource/ground,-3.176660042864334e-12,kg,,,,no_factor_in_ipcc_ar6_100
9e478ab2-41b2-391e-9c0a-a0d4b38fdd74,Potassium oxide,Elementary flows/resource/ground,-1.972817661499792e-06,kg,,,,no_factor_in_ipcc_ar6_100
fba79fb6-bc9c-39ae-9fdb-28a71ee2389d,Vanadium ore,Elementary flows/resource/ground,-4.031412886562421e-11,kg,,,,no_factor_in_ipcc_ar6_100
d2792697-9e22-3380-974f-54b92a3549a9,"Energy, geothermal",Elementary flows/resource/ground,-0.354769923498511,MJ,,,,no_factor_in_ipcc_ar6_100
b6b8acf7-f3e2-3146-9a49-01a3530cd850,Thallium,Elementary flows/emission/ground,4.935869029505102e-05,kg,,,,no_factor_in_ipcc_ar6_100
db3bbaf9-a334-3079-ab53-8159396f1ebb,Sulfur ore,Elementary flows/resource/ground,-1.9540472837098224e-13,kg,,,,no_factor_in_ipcc_ar6_100
106f9639-cbb0-3fc8-8a6b-8fcc40f3111e,Iron,Elementary flows/emission/ground,0.1021511886643807,kg,,,,no_factor_in_ipcc_ar6_100
87ec5bd0-9a73-3041-a9eb-3837b3974084,Slate,Elementary flows/resource/ground,-2.198099235631462e-08,kg,,,,no_factor_in_ipcc_ar6_100
9260af11-9fbe-30a4-8e70-27f7ed845560,Vanadium,Elementary flows/resource/ground,-1.8143228874812322e-11,kg,,,,no_factor_in_ipcc_ar6_100
8a039ef9-ea10-3a7e-8376-49235324a7f9,Magnesium,Elementary flows/emission/ground,2.8795404409061857e-10,kg,,,,no_factor_in_ipcc_ar6_100
8230a7b1-12c7-3481-8311-0f90a9f7674c,"1,2-Butadiene",Elementary flows/emission/air,3.1012544820520627e-07,kg,,,,no_factor_in_ipcc_ar6_100
27ed2481-643b-3a15-99fb-6046d9e6f8c9,"2-Phosphono-1,2,4-butanetricarboxylic acid",Elementary flows/emission/water,3.000000000001491e-07,kg,,,,no_factor_in_ipcc_ar6_100
63e8b1ae-f784-3f6c-83b1-c5fb9a054aa8,Phosphoric acid,Elementary flows/emission/water,3.000227966323456e-07,kg,,,,no_factor_in_ipcc_ar6_100
3349b083-3e67-3533-8b77-ffb62f9f22d4,"Total oil and grease, less total petroleum hydrocarbons (TPH)",Elementary flows/emission/water,5.984909754669219e-07,kg,,,,no_factor_in_ipcc_ar6_100
2595ab2e-bde6-3dda-9e53-4fa5c94530be,Benzothiazole,Elementary flows/emission/water,3.0000000000014906e-08,kg,,,,no_factor_in_ipcc_ar6_100
1284817f-1c26-3b0a-9a59-640bf10e09db,Pyrene,Elementary flows/emission/air/troposphere/rural,1.2582891996840882e-11,kg,,,,no_factor_in_ipcc_ar6_100
30f8d7d6-9da9-3751-b334-b0f0e6fc61e1,Acrolein,Elementary flows/emission/air/troposphere/rural,8.140184557302792e-10,kg,,,,no_factor_in_ipcc_ar6_100
2748fe77-0836-31cb-a501-4aea92e442c2,Antimony,Elementary flows/emission/air/troposphere/rural,2.3100754682549705e-10,kg,,,,no_factor_in_ipcc_ar6_100
8408f919-e260-348e-bf46-cf1b50d50e5e,"Particulate matter, ≤ 2.5μm",Elementary flows/emission/air/troposphere/rural,2.475198098006366e-07,kg,,,,no_factor_in_ipcc_ar6_100
b9f2a8bf-6ae0-30cc-9911-a30ae88d45e2,"1,3-Butadiene",Elementary flows/emission/air/troposphere/rural,4.051743715939706e-10,kg,,,,no_factor_in_ipcc_ar6_100
887419d2-a15b-3b0e-beb1-d0f98002952f,Nitrogen oxides,Elementary flows/emission/air/troposphere/rural,1.055534097771832e-05,kg,,,,no_factor_in_ipcc_ar6_100
00db6760-08c5-36ef-a22a-3e49612e9e91,Polychlorinated biphenyls,Elementary flows/emission/air/troposphere/rural,1.560760441234878e-13,kg,,,,no_factor_in_ipcc_ar6_100
f1cdcdc8-5284-3d7c-8d2e-679484c3a06d,Acetaldehyde,Elementary flows/emission/air/troposphere/rural,3.9132177038859605e-09,kg,,,,no_factor_in_ipcc_ar6_100
9265a9e4-49c1-3fe1-8fa1-96123bd4f4af,o-Xylene,Elementary flows/emission/air/troposphere/rural,2.051667295211501e-10,kg,,,,no_factor_in_ipcc_ar6_100
1dbe84d3-098e-39e4-bb48-4a6bcb85825c,Nickel,Elementary flows/emission/air/troposphere/rural,3.085308216305258e-10,kg,,,,no_factor_in_ipcc_ar6_100
fb6da3b6-e4cc-3ddb-81bb-c3aecfcb74e7,Toluene,Elementary flows/emission/air/troposphere/rural,8.495379762631506e-10,kg,,,,no_factor_in_ipcc_ar6_100
1eac3717-bbc9-35cb-b6f2-07913e7de28b,Hexane,Elementary flows/emission/air/troposphere/rural,5.669941087178742e-07,kg,,,,no_factor_in_ipcc_ar6_100
89fb9a82-5acb-3abe-ad22-9cbd977fbc73,"2,2,4-Trimethylpentane",Elementary flows/emission/air/troposphere/rural,2.8475911484364124e-09,kg,,,,no_factor_in_ipcc_ar6_100
854dd1a0-00d8-3f1c-a134-26f136cd3fd7,Ammonia,Elementary flows/emission/air/troposphere/rural,9.406578233680158e-09,kg,,,,no_factor_in_ipcc_ar6_100
c8c2848a-7ede-3387-908f-449537e7d3d7,Anthracene,Elementary flows/emission/air/troposphere/rural,1.375804336060099e-10,kg,,,,no_factor_in_ipcc_ar6_100
79da28cb-b699-371d-8134-02c6449db33d,Benzo[a]pyrene,Elementary flows/emission/air/troposphere/rural,2.031690016352961e-12,kg,,,,no_factor_in_ipcc_ar6_100
17bb55e6-4c9b-3f10-91e7-c6a7a7d4f32b,Fluoranthene,Elementary flows/emission/air/troposphere/rural,3.3491308596136683e-11,kg,,,,no_factor_in_ipcc_ar6_100
effbc487-93c7-3ccf-a159-b04751942990,Arsenic,Elementary flows/emission/air/troposphere/rural,1.9245743049908973e-11,kg,,,,no_factor_in_ipcc_ar6_100
e3e3e95b-0d76-3089-bd1f-aa577a3d986a,"Particulate matter, ≤ 10μm",Elementary flows/emission/air/troposphere/rural,2.3124416901373674e-07,kg,,,,no_factor_in_ipcc_ar6_100
47e75500-f3d8-3a38-b22d-7f872651fa13,Propionaldehyde,Elementary flows/emission/air/troposphere/rural,6.06728672684744e-10,kg,,,,no_factor_in_ipcc_ar6_100
2973ed1d-cca1-3e32-b7cc-895153bf0ba2,Manganese,Elementary flows/emission/air/troposphere/rural,6.3720588162388494e-12,kg,,,,no_factor_in_ipcc_ar6_100
e2028a0c-2feb-33a5-965f-fa7113b66bad,Sulfur dioxide,Elementary flows/emission/air/troposphere/rural,1.8073224900429514e-06,kg,,,,no_factor_in_ipcc_ar6_100
3fb21335-87be-3726-b31a-8fc9e98ad9cc,Carbon monoxide,Elementary flows/emission/air/troposphere/rural,1.2342102592247575e-06,kg,,,,no_factor_in_ipcc_ar6_100
353e6910-49e1-37f0-9714-be46e80c66b7,Benzene,Elementary flows/emission/air/troposphere/rural,2.0318971864493802e-09,kg,,,,no_factor_in_ipcc_ar6_100
f117b6e6-7e3d-3470-90b8-36f171ad4c14,Acenaphthene,Elementary flows/emission/air/troposphere/rural,2.035827524268898e-11,kg,,,,no_factor_in_ipcc_ar6_100
3d2687c2-4203-3421-bcc9-4e25a3f7aaf8,Benzo[k]fluoranthene,Elementary flows/emission/air/troposphere/rural,1.5607604412348777e-12,kg,,,,no_factor_in_ipcc_ar6_100
b0a295ea-2d1c-3e9c-9cee-74186ce5d6b5,Phenanthrene,Elementary flows/emission/air/troposphere/rural,5.423340085577021e-10,kg,,,,no_factor_in_ipcc_ar6_100
acc3a829-8bfd-353d-b473-9b0e6142319d,Chrysene,Elementary flows/emission/air/troposphere/rural,6.086414278421501e-12,kg,,,,no_factor_in_ipcc_ar6_100
0c211409-f2c9-3e5b-b633-3f08ee3ebc77,Formaldehyde,Elementary flows/emission/air/troposphere/rural,2.0275966964821367e-08,kg,,,,no_factor_in_ipcc_ar6_100
6432e695-97e1-3827-bf7a-fff75a492c81,Benz[a]anthracene,Elementary flows/emission/air/troposphere/rural,3.293160636988921e-12,kg,,,,no_factor_in_ipcc_ar6_100
56628357-a6eb-3c15-a8ef-e5f12bd863e1,Naphthalene,Elementary flows/emission/air/troposphere/rural,1.2520775857161356e-08,kg,,,,no_factor_in_ipcc_ar6_100
57e29206-ea24-305e-b362-b9f9d82b02fe,Acenaphthylene,Elementary flows/emission/air/troposphere/rural,4.719504308543639e-11,kg,,,,no_factor_in_ipcc_ar6_100
003bd1b3-a6c3-3492-993e-86b96d10ba18,Cadmium,Elementary flows/emission/air/troposphere/rural,9.090665129941176e-11,kg,,,,no_factor_in_ipcc_ar6_100
0dce3988-fcba-32fc-a8d0-4fd2b8b8794d,Selenium,Elementary flows/emission/air/troposphere/rural,2.880318496776139e-12,kg,,,,no_factor_in_ipcc_ar6_100
d6a91d9b-ff6e-3ee7-85d9-5d871937e7b9,Volatile organic compounds,Elementary flows/emission/air/troposphere/rural,6.39779359832734e-07,kg,,,,no_factor_in_ipcc_ar6_100
4a2f56fb-26e7-3c1b-a285-b69fff2f8a28,Fluorene,Elementary flows/emission/air/troposphere/rural,6.55929653736841e-11,kg,,,,no_factor_in_ipcc_ar6_100
9be74814-f4f5-3ce3-9222-adf1b675d9ee,Lead,Elementary flows/emission/air/troposphere/rural,8.040027761124793e-11,kg,,,,no_factor_in_ipcc_ar6_100
9874f7d3-cf12-3f20-ad53-4369a9c257a7,Mercury,Elementary flows/emission/air/troposphere/rural,2.9085347653410688e-12,kg,,,,no_factor_in_ipcc_ar6_100
1b976b41-2653-33fe-bc1e-f0bb6b31cff7,Mercury(II),Elementary flows/emission/ground,3.9273104760684325e-11,kg,,,,no_factor_in_ipcc_ar6_100
3471d156-1b5e-34c1-b47f-73403c7eeda9,2-Chloronaphthalene,Elementary flows/emission/air,2.506871970260672e-13,kg,,,,no_factor_in_ipcc_ar6_100
84cd99c1-7991-3e2d-b411-5d684a047da3,Lead(II),Elementary flows/emission/ground,2.6592769288317817e-10,kg,,,,no_factor_in_ipcc_ar6_100
3d558588-1b21-320f-b384-5d25c8a87bf4,Acid compounds,Elementary flows/emission/water,2.131801832382344e-12,kg,,,,no_factor_in_ipcc_ar6_100
9f636dd5-fa7f-327a-b03b-0bdeddd1a229,"Organic carbon, PM2.5 LC",Elementary flows/emission/air,3.6691415149232915e-06,kg,,,,no_factor_in_ipcc_ar6_100
5cd23966-4f4d-319f-8bfa-86798f4af1d2,Dichloroethane,Elementary flows/emission/water,6.453301646951406e-13,kg,,,,no_factor_in_ipcc_ar6_100
74cb3d20-02c2-369f-a4f2-5ed44e0bea44,Vinyl acetylene,Elementary flows/emission/air,2.6076912442157258e-14,kg,,,,no_factor_in_ipcc_ar6_100
662e9fda-ab84-3947-8b84-67673971b2fb,Polycyclic aromatic compounds,Elementary flows/emission/water,4.837188203595972e-12,kg,,,,no_factor_in_ipcc_ar6_100
f7a3085d-b4bd-3e70-b14e-894381987c85,Indene,Elementary flows/emission/air,4.591132651788946e-15,kg,,,,no_factor_in_ipcc_ar6_100
4cf05206-10e1-34c9-b010-201e66fa6c36,Chlorotoluene,Elementary flows/emission/air,1.0213167455970947e-16,kg,,,,no_factor_in_ipcc_ar6_100
2345a587-6f34-338a-9a7c-89a2a3f79335,Trichloroethane,Elementary flows/emission/air,3.9067078619156976e-14,kg,,,,no_factor_in_ipcc_ar6_100
24541f68-d81a-3a8a-b0ca-bca0d5852ccb,Zinc(II),Elementary flows/emission/ground,2.8816758670200276e-09,kg,,,,no_factor_in_ipcc_ar6_100
230ba5f8-952d-3149-8aab-3f0775cf3714,Chromium(III),Elementary flows/emission/ground,8.04189696990914e-10,kg,,,,no_factor_in_ipcc_ar6_100
04a2058a-7a19-3c4d-b9ff-84479ed0e33d,Iron oxide,Elementary flows/emission/water,9.562785185334698e-18,kg,,,,no_factor_in_ipcc_ar6_100
10261eb6-4546-3b80-93df-9d514f5d3e31,Radionuclides,Elementary flows/emission/ground,842760.1285884132,kBq,,,,no_factor_in_ipcc_ar6_100
5d02b00e-10e6-30ec-864c-cbddea99e929,Bauxite,Elementary flows/emission/ground,1.515714900671791e-10,kg,,,,no_factor_in_ipcc_ar6_100
a14d1b51-57d1-31ea-9bce-9fed339e7930,Wood,Elementary flows/emission/air,2.6424146156029215e-17,kg,,,,no_factor_in_ipcc_ar6_100
db047efc-033e-30d2-95a2-265b7cb4b164,p-Xylene,Elementary flows/emission/ground,1.99177217394251e-14,kg,,,,no_factor_in_ipcc_ar6_100
eba14a37-ac64-363b-9311-9e2dc5191815,Hydrochlorofluorocarbons,Elementary flows/emission/air,2.837568343489279e-14,kg,,,,no_factor_in_ipcc_ar6_100
32198bf0-da59-39ad-87cb-fe396e9b7664,Nickel(II),Elementary flows/emission/ground,1.8874573065419833e-10,kg,,,,no_factor_in_ipcc_ar6_100
b6686ba5-0857-310b-a88c-04516ee2dc16,Lead compounds,Elementary flows/emission/ground,1.3062856388938166e-08,kg,,,,no_factor_in_ipcc_ar6_100
6973b3f1-847c-3d26-8f6b-15f4550e30e5,"Energy, heat",Elementary flows/emission/water,1.8062965267165358,MJ,,,,no_factor_in_ipcc_ar6_100
4f41de61-8a09-32a3-96a8-e9eeb446a176,Copper(II),Elementary flows/emission/ground,7.915083189321183e-10,kg,,,,no_factor_in_ipcc_ar6_100
3a97c833-0fa7-31a4-a30c-6ca764403a6e,"Energy, heat",Elementary flows/emission/air,4.185860743406804,MJ,,,,no_factor_in_ipcc_ar6_100
255686fb-c05d-3e9e-b4fa-95cdd75ae4a4,Soil,Elementary flows/emission/water,0.00010950122972062592,kg,,,,no_factor_in_ipcc_ar6_100
bfba875e-2a15-3fd3-8306-7b45aeabf2ec,Sulfur oxide,Elementary flows/emission/air,1.3725632503922796e-07,kg,,,,no_factor_in_ipcc_ar6_100
29d0b153-d7e0-3023-963a-e1cc8bf18d51,Polycyclic aromatic hydrocarbons,Elementary flows/emission/ground,1.110078866731312e-12,kg,,,,no_factor_in_ipcc_ar6_100
7a1c82ee-6505-3348-96a3-96f4eb32a325,Air,Elementary flows/emission/air,0.8725593740703171,kg,,,,no_factor_in_ipcc_ar6_100
50550d21-3283-376f-8beb-a64f36521466,Fluorine,Elementary flows/emission/ground,8.374979457353133e-14,kg,,,,no_factor_in_ipcc_ar6_100
74273558-eaf4-3a18-9699-2e27cfee147f,Calcium carbonate,Elementary flows/emission/ground,1.0249022367921911e-11,kg,,,,no_factor_in_ipcc_ar6_100
d0527c98-4239-332b-83f9-58ff59a84047,Phenols,Elementary flows/emission/ground,1.5168323657596462e-15,kg,,,,no_factor_in_ipcc_ar6_100
60c584ff-104f-3007-8ae7-b04b7ec6af49,"Suspended solids, inorganic",Elementary flows/emission/ground,8.442448818686081e-12,kg,,,,no_factor_in_ipcc_ar6_100
a068de64-a23b-3f9b-859b-f0e31614fe56,Orthophosphate,Elementary flows/emission/ground,1.013871166985592e-08,kg,,,,no_factor_in_ipcc_ar6_100
c912dddb-589b-335b-bb1c-16c36b0d3e21,Ammonium,Elementary flows/emission/ground,2.668932616857972e-12,kg,,,,no_factor_in_ipcc_ar6_100
bc661fdc-7c3a-3ce3-81dd-7c3ac1f859a8,2-Chloroacetophenone,Elementary flows/emission/air/stratosphere,2.1880493629810213e-11,kg,,,,no_factor_in_ipcc_ar6_100
5bbebaed-96df-3384-8338-4316f2d429a1,Dimethyl sulfate,Elementary flows/emission/air/troposphere/rural,1.500376706043378e-10,kg,,,,no_factor_in_ipcc_ar6_100
4bc8fa77-4800-33cb-93ca-0bacd790e1c1,Dolomite,Elementary flows/resource/ground/subterranean,-0.00313467682590578,kg,,,,no_factor_in_ipcc_ar6_100
c4a5e4fa-73d7-353a-a174-d40d3728a6f6,Sulfur,Elementary flows/emission/water/saline water body/ocean,7.158199807986059e-10,kg,,,,no_factor_in_ipcc_ar6_100
0ec55151-f34c-39e7-83f8-e23b1c4cd675,Zinc,Elementary flows/emission/water/saline water body/ocean,1.6950517617002487e-17,kg,,,,no_factor_in_ipcc_ar6_100
4615b650-5d6d-3c12-a5f8-d70815d92e11,Fluorite,Elementary flows/resource/ground/subterranean,-0.0071693000796881476,kg,,,,no_factor_in_ipcc_ar6_100
ecbc2d4d-4c80-3243-a5b1-063e0a5c917c,Polonium-210,Elementary flows/emission/water/saline water body/ocean,9.349405952655304e-09,kBq,,,,no_factor_in_ipcc_ar6_100
45d15a24-1145-33e1-97cf-1d4c80a3dc44,"Energy, heat",Elementary flows/emission/water/fresh water body,1.5751475688825502e-08,MJ,,,,no_factor_in_ipcc_ar6_100
2975273d-d4e8-3568-9433-a2ccedd0e769,Anthracene,Elementary flows/emission/water/fresh water body,4.2210729499602924e-18,kg,,,,no_factor_in_ipcc_ar6_100
c693d56b-e964-3c4a-a1b8-2fb5633cb3fd,Magnesium chloride,Elementary flows/emission/water/fresh water body,6.343701204275483e-16,kg,,,,no_factor_in_ipcc_ar6_100
53c933c2-5da7-387b-890b-cd5d7eab3b22,Metals,Elementary flows/emission/water/fresh water body,3.622062493189522e-17,kg,,,,no_factor_in_ipcc_ar6_100
0c81a0c0-129b-3bc8-a0ec-ea76d687d077,Phenol,Elementary flows/emission/water/fresh water body,5.254972114950327e-15,kg,,,,no_factor_in_ipcc_ar6_100
7480c9dc-0a08-39c0-bbe4-6b3537277865,Nitric acid,Elementary flows/emission/ground/human-dominated/industrial,3.2256623878044773e-16,kg,,,,no_factor_in_ipcc_ar6_100
dcf89d01-2d14-3d27-b52f-0905a78f5fb1,Cobalt,Elementary flows/emission/water/saline water body/ocean,8.548674008864962e-13,kg,,,,no_factor_in_ipcc_ar6_100
42c34755-7837-304a-a463-81f4ea4d0d94,Nitrogen,Elementary flows/emission/ground/human-dominated/industrial,9.241985815123594e-15,kg,,,,no_factor_in_ipcc_ar6_100
837af52a-087b-3f51-8a1a-1a0c19f6fbc5,Acetic acid,Elementary flows/emission/water/saline water body/ocean,7.588985125646838e-17,kg,,,,no_factor_in_ipcc_ar6_100
d2576910-8825-309e-8846-46e639086dbd,Kaolinite,Elementary flows/resource/ground/subterranean,-1.416437270052822e-09,kg,,,,no_factor_in_ipcc_ar6_100
467d2730-733d-3602-a33f-f05d0eaf749d,Titanium dioxide,Elementary flows/resource/ground/subterranean,-1.9951449787762454e-08,kg,,,,no_factor_in_ipcc_ar6_100
921108da-9a53-35de-a199-ba88837f7cb8,Borax,Elementary flows/resource/ground/subterranean,-3.611247837772455e-13,kg,,,,no_factor_in_ipcc_ar6_100
044f449c-d96f-367a-af7b-edb40a7e0ed9,Copper,Elementary flows/emission/water/saline water body/ocean,9.973200344434666e-17,kg,,,,no_factor_in_ipcc_ar6_100
0e8bf072-b48b-38b0-8c24-7de78a475769,Aluminum,Elementary flows/emission/water/saline water body/ocean,7.438650079296008e-10,kg,,,,no_factor_in_ipcc_ar6_100
9ab475fd-cfd0-3b39-98f4-9ea7176bd0c9,Feldspar group,Elementary flows/resource/ground/subterranean,-8.96322890767036e-15,kg,,,,no_factor_in_ipcc_ar6_100
43690efc-0f32-3684-8f08-596f3a8e457b,Radium-226,Elementary flows/emission/water/saline water body/ocean,3.0602277595247737e-07,kBq,,,,no_factor_in_ipcc_ar6_100
fa18658d-694c-3a76-aa45-4245a9848ae0,Orthophosphate,Elementary flows/emission/water/fresh water body,1.9421859563094093e-14,kg,,,,no_factor_in_ipcc_ar6_100
3a976857-86a0-3cdf-a41e-b1dfa9c17085,Arsenic,Elementary flows/emission/water/fresh water body,2.0598634365382236e-17,kg,,,,no_factor_in_ipcc_ar6_100
86adfc75-8310-366b-b12c-d8406961c1fe,Ammonia,Elementary flows/emission/ground/human-dominated/agricultural,4.2439687851720854e-18,kg,,,,no_factor_in_ipcc_ar6_100
02dd796f-985a-37d6-b4b4-5c5b631c547f,Hydrocarbons,Elementary flows/emission/water/saline water body,5.094733654021194e-15,kg,,,,no_factor_in_ipcc_ar6_100
ea477c94-5b87-38a4-a9da-3dbd4b62a7c6,Hydrogen peroxide,Elementary flows/emission/water/fresh water body,1.6023894412568216e-15,kg,,,,no_factor_in_ipcc_ar6_100
d20b3f6a-a795-349c-b987-1dfc003f7903,Acenaphthene,Elementary flows/emission/water/fresh water body,2.257263321490722e-18,kg,,,,no_factor_in_ipcc_ar6_100
74f41bc7-94b1-3370-adfd-cedbf6d8c2d9,Mercury,Elementary flows/emission/water/saline water body/ocean,1.6569430708488908e-10,kg,,,,no_factor_in_ipcc_ar6_100
8466c83f-0f8c-349a-84d9-dde05f1559ab,Methanol,Elementary flows/emission/ground/human-dominated/industrial,4.8227463715135895e-17,kg,,,,no_factor_in_ipcc_ar6_100
918428f5-dd15-30f3-a9e6-00c88b6cf94e,Sodium,Elementary flows/emission/ground/human-dominated/industrial,1.2492661614219868e-08,kg,,,,no_factor_in_ipcc_ar6_100
64d7e0d8-62dd-3d63-895e-84f94aedbcd3,Carbonate,Elementary flows/emission/water/saline water body/ocean,3.67246547489195e-05,kg,,,,no_factor_in_ipcc_ar6_100
b4cbb5ea-9149-3f22-9600-a4f8c96ea15d,Nickel,Elementary flows/emission/water/saline water body/ocean,1.1655655728854339e-16,kg,,,,no_factor_in_ipcc_ar6_100
9652dd80-c99b-3cfe-8168-51a979c27fbe,Molybdenum,Elementary flows/emission/water/fresh water body,2.1119902685425824e-15,kg,,,,no_factor_in_ipcc_ar6_100
bf70450b-1e24-3393-a065-cb823b3b4722,Sulfite,Elementary flows/emission/water/fresh water body,3.710978440189412e-15,kg,,,,no_factor_in_ipcc_ar6_100
47fcfe11-e740-3b38-94d2-ca17b2f5ebc6,Total Organic Carbon,Elementary flows/emission/water/fresh water body,2.080841091393028e-14,kg,,,,no_factor_in_ipcc_ar6_100
4015a137-4191-36fe-ab17-c4058c8243ee,Chlorine,Elementary flows/emission/ground/human-dominated/agricultural,2.0278237500485478e-16,kg,,,,no_factor_in_ipcc_ar6_100
20a5ae9f-025b-31d3-8c74-59b49ede70f4,Potassium,Elementary flows/emission/ground/human-dominated/industrial,4.254441950579684e-09,kg,,,,no_factor_in_ipcc_ar6_100
fb96ea76-8266-3fab-bacd-904c834d4635,Rhodium,Elementary flows/resource/ground/subterranean,-7.988678118282869e-10,kg,,,,no_factor_in_ipcc_ar6_100
181a333d-a882-3cd0-bb20-cc7dec6778fb,Cesium-137,Elementary flows/emission/water/saline water body/ocean,8.538353736151267e-05,kBq,,,,no_factor_in_ipcc_ar6_100
bcaedba9-d7b3-37db-8356-dcb747a1dc14,Carbon-14,Elementary flows/emission/water/saline water body/ocean,2.0246925873573938e-13,kBq,,,,no_factor_in_ipcc_ar6_100
63b06979-31b5-3ef3-9b31-69f3f959a74d,Chloride,Elementary flows/emission/water/saline water body/ocean,0.0029033476593225203,kg,,,,no_factor_in_ipcc_ar6_100
5f06eae8-f6ac-3976-bbb2-397b66f548e4,Chromium,Elementary flows/emission/ground/human-dominated/industrial,2.675482467774934e-11,kg,,,,no_factor_in_ipcc_ar6_100
0277497c-d522-39d8-9cf7-cb39e03ca262,Sulfide,Elementary flows/emission/ground/human-dominated/industrial,1.7150627381073254e-10,kg,,,,no_factor_in_ipcc_ar6_100
c51f4618-2b99-39d5-a537-a379ee83732d,Lead,Elementary flows/emission/ground/human-dominated/agricultural,4.8965619386214444e-08,kg,,,,no_factor_in_ipcc_ar6_100
d8678a63-52a7-31e3-bcc3-e695ab862d07,Lead,Elementary flows/resource/ground/subterranean,-7.293715928465273e-06,kg,,,,no_factor_in_ipcc_ar6_100
5c773448-9d28-382f-965f-c629eb88f4ef,Cadmium,Elementary flows/resource/ground/subterranean,-4.724394985166216e-10,kg,,,,no_factor_in_ipcc_ar6_100
9be37e6c-b602-3de2-81f2-049a3118c44f,Fluoride,Elementary flows/emission/ground/human-dominated/industrial,2.6753956791816857e-10,kg,,,,no_factor_in_ipcc_ar6_100
9cadef16-ae5d-30ae-a4a4-3d23a508892e,Ethylbenzene,Elementary flows/emission/water/fresh water body,2.817657597078835e-16,kg,,,,no_factor_in_ipcc_ar6_100
a63fdbc0-0c6a-33df-a035-71dc7fc7705b,Antimony,Elementary flows/emission/water/fresh water body,3.2333000030372678e-18,kg,,,,no_factor_in_ipcc_ar6_100
a2624deb-5f1b-39f1-8cfa-9408098f7c63,Nitrite,Elementary flows/emission/water/fresh water body,9.655942830103176e-18,kg,,,,no_factor_in_ipcc_ar6_100
f90c330f-5759-3886-8fc5-c2b6c46d216e,Ammonia,Elementary flows/emission/water/fresh water body,2.0299080054302213e-14,kg,,,,no_factor_in_ipcc_ar6_100
bac29fec-1bb8-3034-807f-90f6231de4af,Thorium-228,Elementary flows/emission/water/saline water body/ocean,7.47882771334993e-07,kBq,,,,no_factor_in_ipcc_ar6_100
81e3c503-08b0-3953-a7ff-64758a2588b9,Iron,Elementary flows/emission/ground/human-dominated/agricultural,7.118621720659739e-11,kg,,,,no_factor_in_ipcc_ar6_100
27bdec1a-0fc4-3bd6-a9e6-1af8597d13ad,Nickel,Elementary flows/emission/ground/human-dominated/industrial,1.827718047234991e-16,kg,,,,no_factor_in_ipcc_ar6_100
579b2db3-5039-37ea-9080-c2f1cb359746,Thorium-230,Elementary flows/emission/water/fresh water body,1.2855875956557625e-11,kBq,,,,no_factor_in_ipcc_ar6_100
580f7e8e-b426-3d9a-8710-181433a81424,Magnesium,Elementary flows/resource/ground/subterranean,-4.2608647061334445e-14,kg,,,,no_factor_in_ipcc_ar6_100
7e075722-4725-3d1b-868e-5538e230fd14,Magnesium,Elementary flows/emission/ground/human-dominated/industrial,8.137272649796066e-09,kg,,,,no_factor_in_ipcc_ar6_100
88d4be66-6b22-3c67-9e39-66a31f452554,Titanium,Elementary flows/emission/water/fresh water body,1.8251461804486503e-16,kg,,,,no_factor_in_ipcc_ar6_100
96bb139f-09ed-30d0-9c02-5c86716d783d,Total dissolved solids,Elementary flows/emission/water/fresh water body,8.889839947354338e-07,kg,,,,no_factor_in_ipcc_ar6_100
1964972d-5629-31de-9989-bf30f453253d,Polycyclic aromatic hydrocarbons,Elementary flows/emission/water/fresh water body,1.936399508062704e-18,kg,,,,no_factor_in_ipcc_ar6_100
2ec635b8-7817-3db2-8b19-c54a8115369f,Sodium,Elementary flows/emission/water/saline water body/ocean,1.5202138872701728e-14,kg,,,,no_factor_in_ipcc_ar6_100
3507e4c2-de9c-3571-b0e7-4b601cd29b7c,Iodine-131,Elementary flows/emission/water/fresh water body,7.834600313016607e-15,kBq,,,,no_factor_in_ipcc_ar6_100
f7a95b4d-e51b-37af-be53-4e5d991b007c,Toluene,Elementary flows/emission/water/fresh water body,3.1480338425710382e-15,kg,,,,no_factor_in_ipcc_ar6_100
2cdcb680-d296-31c5-9322-c000362c66e7,Radium-226,Elementary flows/emission/water/fresh water body,5.651036705880524e-10,kBq,,,,no_factor_in_ipcc_ar6_100
8a67b7fd-1122-3240-979e-696ea6a23ba0,Mercury,Elementary flows/emission/ground/human-dominated/industrial,2.582236575524659e-15,kg,,,,no_factor_in_ipcc_ar6_100
e8e5e8b1-1850-3099-8f47-4151675c4612,Lead-210,Elementary flows/emission/water/saline water body/ocean,6.126483557482953e-09,kBq,,,,no_factor_in_ipcc_ar6_100
73bd4fe2-60e6-31a5-8360-0c38552a3384,Strontium,Elementary flows/emission/water/saline water body/ocean,8.381478083563801e-09,kg,,,,no_factor_in_ipcc_ar6_100
d7c7c0d9-91e9-335a-a362-3d3196e9a5b1,Chloride,Elementary flows/emission/water/fresh water body,9.477548495765018e-11,kg,,,,no_factor_in_ipcc_ar6_100
fe973410-785a-37a0-adaf-5591ae83479b,Uranium-234,Elementary flows/emission/water/fresh water body,5.13656179361842e-12,kBq,,,,no_factor_in_ipcc_ar6_100
ea17dad9-b168-3c65-bf68-c5c1202412c6,Zirconium,Elementary flows/resource/ground/subterranean,-4.327776718493556e-12,kg,,,,no_factor_in_ipcc_ar6_100
de5c105a-0bcb-3fd6-8084-ec2171ef0ba8,Biological Oxygen Demand,Elementary flows/emission/water/fresh water body,2.897583328523118e-14,kg,,,,no_factor_in_ipcc_ar6_100
b92c1a95-27d2-3e3b-96a6-99ef87136c2b,Sulfuric acid,Elementary flows/emission/water/fresh water body,4.2491436303800834e-18,kg,,,,no_factor_in_ipcc_ar6_100
e8f10c89-0a16-30e6-8410-1300de5e8647,Barium,Elementary flows/emission/water/fresh water body,1.3851753595463397e-14,kg,,,,no_factor_in_ipcc_ar6_100
871bc071-0418-3df1-b452-633abdc05698,"Water, fresh",Elementary flows/emission/air,2.118346347736278e-08,kg,,,,no_factor_in_ipcc_ar6_100
b9554035-798d-302b-9d1c-05c171c4daf0,Copper,Elementary flows/emission/ground/human-dominated/agricultural,3.165597752553689e-08,kg,,,,no_factor_in_ipcc_ar6_100
b51ae4b6-76b2-3544-934a-d9da380519a6,Chromium(VI),Elementary flows/emission/water/fresh water body,9.158146611761465e-18,kg,,,,no_factor_in_ipcc_ar6_100
6dd759d4-a083-38bc-9ba1-f6318c8dcd2b,Thorium-234,Elementary flows/emission/water/fresh water body,6.604656107339487e-15,kBq,,,,no_factor_in_ipcc_ar6_100
ab4becd7-5932-3e00-988f-e1d2063e2cde,Sulfate,Elementary flows/emission/ground/human-dominated/industrial,2.1924866235402662e-10,kg,,,,no_factor_in_ipcc_ar6_100
e1095f4f-d4a7-3a18-a90d-35748aa47040,Sulfide,Elementary flows/emission/water/saline water body/ocean,6.686290123539722e-06,kg,,,,no_factor_in_ipcc_ar6_100
e436ce9e-15f5-3e8e-9d08-c4f48a7153a0,Cadmium,Elementary flows/emission/water/fresh water body,9.575525979748713e-16,kg,,,,no_factor_in_ipcc_ar6_100
dac0461e-a084-3b29-b199-73620729d001,Zinc,Elementary flows/emission/ground/human-dominated/industrial,8.026200401047271e-11,kg,,,,no_factor_in_ipcc_ar6_100
5676882d-4fcb-3514-99c7-d46b9be36178,Silver-110,Elementary flows/emission/water/fresh water body,4.612287015988941e-14,kBq,,,,no_factor_in_ipcc_ar6_100
314b8e09-145e-38d1-b3f3-c2bc98a315ef,Xylene,Elementary flows/emission/water/saline water body/ocean,4.805164554871992e-08,kg,,,,no_factor_in_ipcc_ar6_100
19b09ba7-5f59-3d27-868f-f668133dfa58,Hydrofluoric acid,Elementary flows/emission/water/fresh water body,-2.0739040766430822e-17,kg,,,,no_factor_in_ipcc_ar6_100
28f62930-142e-35d7-95ff-e07e377f6e00,Sodium,Elementary flows/emission/water/fresh water body,2.2521124807058967e-12,kg,,,,no_factor_in_ipcc_ar6_100
3e2b86a4-6dc7-3bdd-9be9-a66246680940,Magnesium,Elementary flows/emission/water/saline water body/ocean,3.4068875263955645e-08,kg,,,,no_factor_in_ipcc_ar6_100
756d861a-c54c-3843-8450-8628787abbfc,Silicon,Elementary flows/resource/ground/subterranean,-0.13418308606582802,kg,,,,no_factor_in_ipcc_ar6_100
fcb99cd0-31a0-3fb5-b761-c2591441789e,Soil,Elementary flows/emission/water/fresh water body,1.1886540169821312e-11,kg,,,,no_factor_in_ipcc_ar6_100
3070462d-cbcc-374f-8aef-a477a80e82dd,Toluene,Elementary flows/emission/water/saline water body/ocean,1.338131224171709e-07,kg,,,,no_factor_in_ipcc_ar6_100
7e4c974f-9fad-31ca-bcd2-a123eae61d53,Carbonate,Elementary flows/emission/water/fresh water body,8.682961266583516e-13,kg,,,,no_factor_in_ipcc_ar6_100
0c63758a-3b57-31a2-a3ca-8b97c1bfab4b,Acetic acid,Elementary flows/emission/water/fresh water body,8.809089968199464e-18,kg,,,,no_factor_in_ipcc_ar6_100
6c9b1db4-74d6-318f-bc94-1613d1ba068b,Zinc,Elementary flows/resource/ground/subterranean,-2.7728418533564756e-06,kg,,,,no_factor_in_ipcc_ar6_100
552a99b1-9464-3588-b08d-9076437cc242,Nitrate,Elementary flows/emission/water/saline water body/ocean,2.515444179231208e-07,kg,,,,no_factor_in_ipcc_ar6_100
0c4e68ee-b5db-3e40-80cd-294ef5c0ae59,Nickel,Elementary flows/emission/ground/human-dominated/agricultural,1.6577086791480137e-08,kg,,,,no_factor_in_ipcc_ar6_100
5d4e58f8-73b2-3151-bb35-855b1ee18856,Tantalum,Elementary flows/resource/ground/subterranean,-4.4364981841594147e-07,kg,,,,no_factor_in_ipcc_ar6_100
f7255ec7-d864-334a-ab93-bf7268359d95,Naphthalene,Elementary flows/emission/water/saline water body/ocean,6.885768788625063e-09,kg,,,,no_factor_in_ipcc_ar6_100
89b660ee-7f0e-38f6-bc1b-7a19a5031bef,Sulfate,Elementary flows/emission/water/saline water body/ocean,1.5491586706688293e-05,kg,,,,no_factor_in_ipcc_ar6_100
12077bdf-11eb-3d63-bc89-7102b9692519,Ammonia,Elementary flows/emission/water/saline water body/ocean,2.6464007793176865e-16,kg,,,,no_factor_in_ipcc_ar6_100
9755e31b-fee0-322a-b481-57522df0b331,Magnesium,Elementary flows/emission/water/fresh water body,3.7616642651369247e-13,kg,,,,no_factor_in_ipcc_ar6_100
9ed18cf2-2cd3-3927-90f2-b97ef882082e,Curium-244,Elementary flows/emission/water/fresh water body,1.3376998232958855e-16,kBq,,,,no_factor_in_ipcc_ar6_100
523217e9-9ba8-356e-801e-817cb8f1755e,Strontium,Elementary flows/emission/ground/human-dominated/industrial,5.375462919885251e-11,kg,,,,no_factor_in_ipcc_ar6_100
ad59d259-5600-3d2d-8f23-4430da491c19,Benz[a]anthracene,Elementary flows/emission/water/saline water body/ocean,1.0930330151536473e-11,kg,,,,no_factor_in_ipcc_ar6_100
8bc5e9b5-70c0-33b8-b2a8-5517c5c1b958,Magnesite,Elementary flows/resource/ground/subterranean,-2.614190898733064e-06,kg,,,,no_factor_in_ipcc_ar6_100
d58ce3f2-aa24-3f39-97d1-30a8b58f8f49,Total suspended solids,Elementary flows/emission/water/saline water body,6.057033139660758e-13,kg,,,,no_factor_in_ipcc_ar6_100
6d8f1563-ff93-33fa-9580-9433c974a39a,Phenol,Elementary flows/emission/water/saline water body/ocean,2.2201322630637385e-07,kg,,,,no_factor_in_ipcc_ar6_100
2eec88e9-8dd5-3b4b-a7b4-60a376ece76b,Benzene,Elementary flows/emission/water/saline water body/ocean,2.1939471748465237e-07,kg,,,,no_factor_in_ipcc_ar6_100
bdd9ff0b-a15b-3cb3-859e-375c1a7b764a,Cesium-134,Elementary flows/emission/water/fresh water body,2.0417470895872917e-14,kBq,,,,no_factor_in_ipcc_ar6_100
c36caeb2-b133-3a74-9bdb-9e00e3f6dd23,Stone,Elementary flows/resource/ground/subterranean,-4.350279332708628e-05,kg,,,,no_factor_in_ipcc_ar6_100
f21c19bf-dc95-34f3-ba1a-4a7b8db3e590,Manganese,Elementary flows/emission/ground/human-dominated/industrial,7.126638096798923e-08,kg,,,,no_factor_in_ipcc_ar6_100
1c036e0a-d3f7-3fac-a216-8ede640381c2,Silver,Elementary flows/resource/ground/subterranean,-1.915843660626695e-09,kg,,,,no_factor_in_ipcc_ar6_100
d994dbfe-3110-3891-858a-d5f19c4243e1,Potassium-40,Elementary flows/emission/water/saline water body/ocean,7.405051369321948e-10,kBq,,,,no_factor_in_ipcc_ar6_100
978b0dfd-7ecd-306f-879a-f09a50fd38b9,Uranium-235,Elementary flows/emission/water/fresh water body,2.3325962580456843e-14,kBq,,,,no_factor_in_ipcc_ar6_100
23d87df5-3dfd-3c52-a978-736719a90066,Propylene glycol,Elementary flows/emission/air,5.089500000006257e-10,kg,,,,no_factor_in_ipcc_ar6_100
5f8b336e-8505-358e-9c79-787ded52a418,Sulfide,Elementary flows/emission/water/fresh water body,1.579535161566195e-13,kg,,,,no_factor_in_ipcc_ar6_100
2abd757a-9e8f-3b20-94c0-2d991b675e36,Potassium,Elementary flows/emission/water/fresh water body,6.958826730695227e-15,kg,,,,no_factor_in_ipcc_ar6_100
c8fc19c6-279e-312a-8e29-2e20f9f78026,Cadmium,Elementary flows/emission/ground/human-dominated/agricultural,1.7037079467995562e-09,kg,,,,no_factor_in_ipcc_ar6_100
11db6e66-396e-3e2f-a1e9-4a7e6b0e75fa,Silver,Elementary flows/emission/water/fresh water body,2.1146962370684103e-18,kg,,,,no_factor_in_ipcc_ar6_100
1a2d8f9d-b4d8-3f8f-a75b-d6d5d7bbeecb,Hydroxide,Elementary flows/emission/water/fresh water body,1.1573412036702879e-18,kg,,,,no_factor_in_ipcc_ar6_100
6438548e-77ef-35c2-97d9-8471835bcd8f,Land use,Elementary flows/resource/ground,-2.056844979489393e-12,m2*a,,,,no_factor_in_ipcc_ar6_100
f98f680a-6cb6-3950-8937-426bdb687b51,Chromium,Elementary flows/emission/ground/human-dominated/agricultural,-4.3823682618543047e-11,kg,,,,no_factor_in_ipcc_ar6_100
db3c35b3-4b5a-38b3-9d81-8ac658c741c8,Arsenic(V),Elementary flows/emission/water/fresh water body,1.317921752080395e-15,kg,,,,no_factor_in_ipcc_ar6_100
15dd2cf8-bb8f-380a-bb17-613e34a8acb0,Manganese,Elementary flows/emission/water/saline water body/ocean,1.6831909124188867e-10,kg,,,,no_factor_in_ipcc_ar6_100
0c95ceef-32c7-3d58-87f2-46e17aba674a,Vanadium,Elementary flows/emission/ground/human-dominated/agricultural,2.4629247726251162e-14,kg,,,,no_factor_in_ipcc_ar6_100
13eac271-a257-3845-8e89-b33d8807492a,Naphthalene,Elementary flows/emission/water/fresh water body,1.6290733143298522e-16,kg,,,,no_factor_in_ipcc_ar6_100
95490eeb-fffb-3828-ad0e-ebd731bbcedf,Acenaphthene,Elementary flows/emission/water/saline water body/ocean,9.549907403932394e-11,kg,,,,no_factor_in_ipcc_ar6_100
2783bd25-ce1e-32c8-b11c-175d2ddb5149,Cobalt-58,Elementary flows/emission/water/fresh water body,1.8821733729106988e-13,kBq,,,,no_factor_in_ipcc_ar6_100
234d2546-8593-3e28-8613-38f68c6de50d,Phosphorus,Elementary flows/resource/ground/subterranean,-1.5003921853003782e-06,kg,,,,no_factor_in_ipcc_ar6_100
8e0eccff-354c-3ff1-aafe-6dcd17bfdff6,Nickel,Elementary flows/emission/water/fresh water body,2.0203214178280228e-15,kg,,,,no_factor_in_ipcc_ar6_100
05869492-3217-31fe-8e78-957f50e824aa,Fluoride,Elementary flows/emission/water/fresh water body,3.4207492408817816e-13,kg,,,,no_factor_in_ipcc_ar6_100
ca9614c7-5922-3efa-8816-835941a429f2,Chromium,Elementary flows/resource/ground/subterranean,-0.08729515057525811,kg,,,,no_factor_in_ipcc_ar6_100
6885e4ca-1f20-3457-bcd8-b409c641c69d,Sulfur trioxide,Elementary flows/emission/water/fresh water body,1.1603565712308318e-17,kg,,,,no_factor_in_ipcc_ar6_100
52b2ea76-a40d-397e-8d03-bd3d2e94f6ac,Molybdenum,Elementary flows/resource/ground/subterranean,-2.9037636527578856e-07,kg,,,,no_factor_in_ipcc_ar6_100
fc31e7a4-0278-3fc6-8f64-dce319f1abb0,Sodium sulfate,Elementary flows/emission/water/fresh water body,3.023778886190395e-14,kg,,,,no_factor_in_ipcc_ar6_100
95f4b6ba-e403-398e-b82b-876eaa86e68f,Americium-241,Elementary flows/emission/water/fresh water body,1.0093754914604214e-16,kBq,,,,no_factor_in_ipcc_ar6_100
16d59fe9-c2a4-35ee-8885-c3ec290e804f,Osmium,Elementary flows/resource/ground/subterranean,-3.2486433368480865e-10,kg,,,,no_factor_in_ipcc_ar6_100
a95f1103-bc4d-3073-9d96-0e564e9d87ca,Bentonite,Elementary flows/resource/ground/subterranean,-0.0002767089141216936,kg,,,,no_factor_in_ipcc_ar6_100
e1b24d4f-f20e-3e14-a78b-65776a474962,Sulfur,Elementary flows/emission/ground/human-dominated/industrial,3.2305352767163647e-09,kg,,,,no_factor_in_ipcc_ar6_100
2c37e638-ece0-3a43-b4d8-74b521010d02,Cesium-134,Elementary flows/emission/water/saline water body/ocean,2.3157989069023342e-15,kBq,,,,no_factor_in_ipcc_ar6_100
e538e563-5885-36ea-9b8b-63ceed196a87,Total dissolved solids,Elementary flows/emission/water/saline water body,1.385517393501373e-18,kg,,,,no_factor_in_ipcc_ar6_100
d61a1aad-c126-3065-a1fe-4bcd13af12fe,Chromium(III),Elementary flows/emission/ground/human-dominated/industrial,8.141703778837637e-09,kg,,,,no_factor_in_ipcc_ar6_100
5d0bd612-7df6-3c8c-829d-919279752406,Iron,Elementary flows/emission/water/fresh water body,6.771217083214843e-12,kg,,,,no_factor_in_ipcc_ar6_100
a7d5552f-3550-3c4f-82a7-06a802c9a638,Organic compounds,Elementary flows/emission/water/fresh water body,1.3282377903374604e-14,kg,,,,no_factor_in_ipcc_ar6_100
6b977b90-4f22-3641-a85e-0cb6a4da56d1,Nitrite,Elementary flows/emission/water/saline water body/ocean,2.892901517890208e-09,kg,,,,no_factor_in_ipcc_ar6_100
84df495a-c44e-36cf-9976-6e1f9dcb75d1,Cesium-137,Elementary flows/emission/water/fresh water body,1.0870284693224343e-13,kBq,,,,no_factor_in_ipcc_ar6_100
78c6ba82-3263-365d-b27f-d9b8b75f112b,Nickel,Elementary flows/resource/ground/subterranean,-0.015109524575088072,kg,,,,no_factor_in_ipcc_ar6_100
3f0a4225-59e0-30a2-937a-c85f675e7376,Biological Oxygen Demand,Elementary flows/emission/water/saline water body,7.616867753266801e-16,kg,,,,no_factor_in_ipcc_ar6_100
d0179280-5ab2-3a35-8632-f502bd20d04e,Arsenic(V),Elementary flows/emission/water/saline water body/ocean,6.69778789790679e-08,kg,,,,no_factor_in_ipcc_ar6_100
f1d40128-b11f-3d4a-9378-74b7ea21f983,Cobalt-60,Elementary flows/emission/water/saline water body/ocean,2.060273603987992e-15,kBq,,,,no_factor_in_ipcc_ar6_100
5d89617f-b66c-3e43-ac10-7f322a4ca29b,Land use,Elementary flows/resource/ground/terrestrial/shrubland,-5.183332206903922e-09,m2*a,,,,no_factor_in_ipcc_ar6_100
d9f44f4d-5057-35b9-9b78-711903148f12,Chromium,Elementary flows/emission/water/saline water body/ocean,1.0627468154334072e-07,kg,,,,no_factor_in_ipcc_ar6_100
66cc5f76-d389-3b43-946c-32751325f532,Perlite,Elementary flows/resource/ground/subterranean,-5.329172400883462e-16,kg,,,,no_factor_in_ipcc_ar6_100
230bcc03-ec64-394a-bdda-e93b3cd765d4,Copper,Elementary flows/resource/ground/subterranean,-1.5560497622041074e-05,kg,,,,no_factor_in_ipcc_ar6_100
4be481c4-1da8-3b97-9e06-e70322d03ae5,Fluoride,Elementary flows/emission/water/saline water body/ocean,1.0145283067423402e-09,kg,,,,no_factor_in_ipcc_ar6_100
f6e6f120-b32d-33c8-893e-0f31ed115de0,Strontium,Elementary flows/emission/water/fresh water body,1.17547123279521e-14,kg,,,,no_factor_in_ipcc_ar6_100
095f743a-de5f-3024-bc05-edb6c41b562a,Selenium,Elementary flows/emission/water/fresh water body,1.8127010973169158e-16,kg,,,,no_factor_in_ipcc_ar6_100
06cf4a62-07fb-3b84-9556-66d4fa5768fb,Barium,Elementary flows/emission/water/saline water body/ocean,5.870654020302797e-07,kg,,,,no_factor_in_ipcc_ar6_100
f1439952-a20f-3bb6-afa2-c276d099116f,Vanadium,Elementary flows/emission/water/fresh water body,2.2522953324888676e-16,kg,,,,no_factor_in_ipcc_ar6_100
2384eba2-ded6-3460-988a-fa75bb767e4e,Sodium sulfate,Elementary flows/resource/ground/subterranean,-4.26441021380326e-09,kg,,,,no_factor_in_ipcc_ar6_100
1b77af6c-63a9-3aa3-90e6-a0784756df75,Ammonium,Elementary flows/emission/water/fresh water body,2.164889583647349e-14,kg,,,,no_factor_in_ipcc_ar6_100
5c4e7915-d558-332b-9958-616b4ee89244,Platinum,Elementary flows/resource/ground/subterranean,-7.988492978026538e-09,kg,,,,no_factor_in_ipcc_ar6_100
888b8ffe-027c-338b-a583-e5b37dd18e3f,Lead,Elementary flows/emission/ground/human-dominated/industrial,2.6537082937959715e-17,kg,,,,no_factor_in_ipcc_ar6_100
c238c5e2-5c64-34a7-b6f2-74d3c16c7d9a,Benzene,Elementary flows/emission/water/fresh water body,5.175794452930632e-15,kg,,,,no_factor_in_ipcc_ar6_100
21e226d7-2118-3747-bd67-d825e2c3a7bc,Soil,Elementary flows/resource/ground/subterranean,-0.017417196784445487,kg,,,,no_factor_in_ipcc_ar6_100
d56be86c-78b6-31d2-aa32-9b153fa377e2,Lead,Elementary flows/emission/water/saline water body/ocean,2.0038690783623275e-08,kg,,,,no_factor_in_ipcc_ar6_100
c1714173-ce4e-3062-94e5-c9b935ca8ecb,Sulfur,Elementary flows/resource/ground/subterranean,-1.4334974530098582e-10,kg,,,,no_factor_in_ipcc_ar6_100
d7eda847-e9b9-316e-b75e-847ed200d4d8,Palladium,Elementary flows/resource/ground/subterranean,-4.714071628674043e-09,kg,,,,no_factor_in_ipcc_ar6_100
458a1704-8415-3f6a-9ba2-82a91feec632,Gold,Elementary flows/resource/ground/subterranean,-4.1372819585660617e-10,kg,,,,no_factor_in_ipcc_ar6_100
0c6204ba-3fc3-3205-a406-50b85be5dc72,Methanol,Elementary flows/emission/water/fresh water body,9.333930869960196e-15,kg,,,,no_factor_in_ipcc_ar6_100
0c708119-2e2d-3534-ad8a-fcecb013efbe,Acenaphthylene,Elementary flows/emission/water/saline water body/ocean,4.100915123584635e-11,kg,,,,no_factor_in_ipcc_ar6_100
73e43f0e-840c-3457-8332-9b3f6134b5ab,Manganese,Elementary flows/emission/water/fresh water body,7.15839340679538e-15,kg,,,,no_factor_in_ipcc_ar6_100
ba0f172d-2abf-3341-9631-c4c7a023da9c,Aromatic hydrocarbons,Elementary flows/emission/water/fresh water body,1.7944117870754417e-16,kg,,,,no_factor_in_ipcc_ar6_100
0c7bf457-0e1a-3f6f-9fab-1fc556516e25,Aluminum,Elementary flows/emission/ground/human-dominated/agricultural,1.9616277050693362e-11,kg,,,,no_factor_in_ipcc_ar6_100
d6452928-e3f6-304e-a862-0b4817678edb,Manganese-54,Elementary flows/emission/water/fresh water body,2.4908175555034984e-14,kBq,,,,no_factor_in_ipcc_ar6_100
3d024528-9d4a-3917-a39e-a3e8dfb3f991,Carbon,Elementary flows/emission/water/fresh water body,1.2229702945440346e-12,kg,,,,no_factor_in_ipcc_ar6_100
a061f985-1e0c-316a-9139-1172285afbbd,Chlorine,Elementary flows/emission/water/fresh water body,2.41484001435302e-14,kg,,,,no_factor_in_ipcc_ar6_100
2554f411-741b-3f04-a3c4-325f7a018f73,Water,Elementary flows/emission/water/saline water body/ocean,2.7355977059748944,kg,,,,no_factor_in_ipcc_ar6_100
d16e7927-0054-3884-a0d0-0bf5578fcd41,Chromium(III),Elementary flows/emission/ground/human-dominated/agricultural,3.3752634907291765e-08,kg,,,,no_factor_in_ipcc_ar6_100
818a725d-4515-391a-9e4d-731c77634d27,Sodium hypochlorite,Elementary flows/emission/water/fresh water body,3.51285712413988e-15,kg,,,,no_factor_in_ipcc_ar6_100
69717e8a-c84b-3fed-afcd-863b4e29c089,Benzofluoranthene,Elementary flows/emission/water/saline water body/ocean,1.3321735088825368e-12,kg,,,,no_factor_in_ipcc_ar6_100
a7a1c7fa-7603-3990-8684-5856281c9f3e,Tritium,Elementary flows/emission/water/saline water body/ocean,0.6974395743416275,kBq,,,,no_factor_in_ipcc_ar6_100
e11a4509-4bf4-36db-9a52-a905c4d61581,Aggregate,Elementary flows/resource/ground/subterranean,9.00686910025438e-09,kg,,,,no_factor_in_ipcc_ar6_100
40c5025c-0623-3738-9f08-a986984a5944,Ruthenium-106,Elementary flows/emission/water/fresh water body,2.4347511144790072e-14,kBq,,,,no_factor_in_ipcc_ar6_100
de5746fd-ed50-3e5b-bbc4-9b1fc20a131d,Xylene,Elementary flows/emission/water/fresh water body,1.124661841594583e-15,kg,,,,no_factor_in_ipcc_ar6_100
1f5c9490-5057-3dfe-973d-32dfd3a363af,Silver,Elementary flows/emission/ground/human-dominated/agricultural,1.8614864982345125e-18,kg,,,,no_factor_in_ipcc_ar6_100
8d8c78fb-00f4-3abd-b43b-a8de2d51e551,Antimony-125,Elementary flows/emission/water/fresh water body,3.951817458011381e-14,kBq,,,,no_factor_in_ipcc_ar6_100
c65748fb-c592-3ab2-abc6-39f611a7f7c7,Copper,Elementary flows/emission/ground/human-dominated/industrial,2.4638652535288965e-13,kg,,,,no_factor_in_ipcc_ar6_100
b2d3d158-5bed-3e75-b20b-7a9de6586708,Aromatic hydrocarbons,Elementary flows/emission/water/saline water body/ocean,2.0570850072228593e-09,kg,,,,no_factor_in_ipcc_ar6_100
8c47e87c-b527-322e-8e3c-0983ebddd612,Vanadium,Elementary flows/resource/ground/subterranean,-1.5078635100907042e-09,kg,,,,no_factor_in_ipcc_ar6_100
676f217e-6637-306c-8cb8-e5a77dd32d4f,Nitrate,Elementary flows/emission/water/fresh water body,4.3648670731176746e-13,kg,,,,no_factor_in_ipcc_ar6_100
79460bb2-3e67-3f40-a84d-45d8413b846b,Talc,Elementary flows/resource/ground/subterranean,-5.434824010795227e-18,kg,,,,no_factor_in_ipcc_ar6_100
ac7cdbe9-4e8c-3f92-8a9e-f9bd0f18ad63,"Energy, heat",Elementary flows/emission/water/saline water body/ocean,0.00026952092830422633,MJ,,,,no_factor_in_ipcc_ar6_100
796e57ac-545a-3d34-8f27-bf91f5cc476f,Hydrocarbons,Elementary flows/emission/water/fresh water body,7.895338648294357e-13,kg,,,,no_factor_in_ipcc_ar6_100
f5936996-ef49-39ad-9cf0-591b0e026f7d,Aluminum,Elementary flows/emission/water/fresh water body,4.0125427582123236e-14,kg,,,,no_factor_in_ipcc_ar6_100
f4fd849f-fa57-380a-94f8-ddbe012f36a8,Alachlor,Elementary flows/emission/water/fresh water body,1.433654160499305e-17,kg,,,,no_factor_in_ipcc_ar6_100
bf6288d2-4fdd-33ee-936a-5ac6c75d3b9d,Cyanide,Elementary flows/emission/water/fresh water body,2.3340427959965887e-17,kg,,,,no_factor_in_ipcc_ar6_100
e03af0f5-5ddb-3c44-a3df-7c1fffe182aa,Potassium oxide,Elementary flows/resource/ground/subterranean,-2.5321795322559835e-05,kg,,,,no_factor_in_ipcc_ar6_100
39596c10-bdd2-34d4-a634-775fe8195425,Chemical Oxygen Demand,Elementary flows/emission/water/fresh water body,6.9498866016810726e-12,kg,,,,no_factor_in_ipcc_ar6_100
3393dc01-cc13-3864-bae8-e30c6c2d1e50,Acetic acid,Elementary flows/emission/ground/human-dominated/industrial,6.751849906142856e-16,kg,,,,no_factor_in_ipcc_ar6_100
58e5ce68-b4e4-30ec-aad4-cef520d7f737,Hydrocarbons,Elementary flows/emission/water/saline water body/ocean,1.2913997714495099e-09,kg,,,,no_factor_in_ipcc_ar6_100
bf5adc3d-6ae1-3512-95f9-37473f0c033a,Aluminum,Elementary flows/emission/ground/human-dominated/industrial,6.789574838331945e-09,kg,,,,no_factor_in_ipcc_ar6_100
dd6a8edb-cea2-3126-a84b-a9c26cd35afb,Beryllium,Elementary flows/emission/water/fresh water body,1.1413736957596487e-18,kg,,,,no_factor_in_ipcc_ar6_100
2ebc956d-9ad2-350b-838b-dbaffe81ac59,Cadmium,Elementary flows/emission/ground/human-dominated/industrial,9.712335682411617e-18,kg,,,,no_factor_in_ipcc_ar6_100
656197b0-0312-3c7d-85a8-37638288a23b,Lead,Elementary flows/emission/water/fresh water body,1.5777839276929446e-15,kg,,,,no_factor_in_ipcc_ar6_100
e76f0d86-666f-3919-89d8-5407897f38f2,Cadmium,Elementary flows/emission/water/saline water body/ocean,8.345332206639166e-17,kg,,,,no_factor_in_ipcc_ar6_100
c813dd2f-93bb-37bb-a06d-ffcbf0950812,Vanadium,Elementary flows/emission/water/saline water body/ocean,4.280280734027831e-16,kg,,,,no_factor_in_ipcc_ar6_100
ad23a3cb-92b1-396e-b92c-b0064edfbd75,Ammonia,Elementary flows/emission/ground/human-dominated/industrial,1.720036163584408e-09,kg,,,,no_factor_in_ipcc_ar6_100
ee10bcbf-a068-37a0-a393-6093e7b9a9b0,Phosphorus,Elementary flows/emission/ground/human-dominated/industrial,1.070032230571978e-09,kg,,,,no_factor_in_ipcc_ar6_100
8854495b-8878-345b-a602-361ab39d2b0d,Anhydrite,Elementary flows/resource/ground/subterranean,-3.0061986531818878e-05,kg,,,,no_factor_in_ipcc_ar6_100
6e475f1f-0e79-35b6-83d6-3929b5d08c9a,Iodine-131,Elementary flows/emission/water/saline water body/ocean,3.5394912763482316e-14,kBq,,,,no_factor_in_ipcc_ar6_100
ca189829-ead7-33bd-adcc-bbe0b46d4c57,Chrysene,Elementary flows/emission/water/saline water body/ocean,4.0018497357126466e-11,kg,,,,no_factor_in_ipcc_ar6_100
b064b755-d06f-3fb1-b838-a3fe076d37e1,Iron,Elementary flows/emission/ground/human-dominated/industrial,1.0701581707338819e-08,kg,,,,no_factor_in_ipcc_ar6_100
2961b64e-06ee-32d0-813c-81e17ae33b41,Antimony-124,Elementary flows/emission/water/fresh water body,3.442903895550445e-14,kBq,,,,no_factor_in_ipcc_ar6_100
ad39535c-57aa-3c48-ab71-3f2386adadb0,Tritium,Elementary flows/emission/water/fresh water body,3.4984688666119538e-09,kBq,,,,no_factor_in_ipcc_ar6_100
a3a553df-aec1-3023-b702-1200110f262a,Protactinium-234,Elementary flows/emission/water/fresh water body,6.6046434576098226e-15,kBq,,,,no_factor_in_ipcc_ar6_100
90fdc24c-adbc-37c9-8084-76165ebdd76f,Sulfate,Elementary flows/emission/water/fresh water body,3.7106688160578295e-12,kg,,,,no_factor_in_ipcc_ar6_100
75957d62-1fcb-3b6b-9e1f-4b7a3e9e3bb0,Polycyclic aromatic hydrocarbons,Elementary flows/emission/ground/human-dominated/industrial,3.5584169907428832e-12,kg,,,,no_factor_in_ipcc_ar6_100
48036f29-2136-399c-878e-bb10e0580800,Calcium chloride,Elementary flows/resource/ground/subterranean,-8.275846974165034e-11,kg,,,,no_factor_in_ipcc_ar6_100
8929a2da-d0d4-3d43-a55a-af101126dcbf,Nitrogen,Elementary flows/emission/water/saline water body/ocean,4.788996301339235e-10,kg,,,,no_factor_in_ipcc_ar6_100
cb70e887-e2b4-399d-b681-0d0932abe44b,Ruthenium,Elementary flows/resource/ground/subterranean,-1.5763908650934985e-09,kg,,,,no_factor_in_ipcc_ar6_100
d8664f84-2c66-3479-8137-34a4b85baa1d,Magnesium chloride,Elementary flows/resource/ground/subterranean,-2.4694553304958743e-05,kg,,,,no_factor_in_ipcc_ar6_100
e1e1d259-a57b-31c1-af50-c409afbf61d1,Antimony,Elementary flows/emission/ground/human-dominated/industrial,3.6722824343098025e-11,kg,,,,no_factor_in_ipcc_ar6_100
d60d22ff-4ffb-30e8-95d9-a9cc62a94569,Strontium-90,Elementary flows/emission/water/saline water body/ocean,1.443587185171917e-05,kBq,,,,no_factor_in_ipcc_ar6_100
81e8ec51-082d-32dd-81bd-588997ee8646,Bromide,Elementary flows/emission/ground/human-dominated/industrial,2.8663652230080668e-15,kg,,,,no_factor_in_ipcc_ar6_100
e8233843-6f25-39a1-831c-3f763f75cf87,Copper,Elementary flows/emission/water/fresh water body,2.4870005984368262e-15,kg,,,,no_factor_in_ipcc_ar6_100
cb2ff19d-e104-31ea-aed4-3824ad1da0b4,Total suspended solids,Elementary flows/emission/water/fresh water body,1.5831644376605902e-11,kg,,,,no_factor_in_ipcc_ar6_100
f5fb7b47-cdbe-3351-be4e-60c185ff3346,Chemical Oxygen Demand,Elementary flows/emission/water/saline water body,1.5834216501134873e-14,kg,,,,no_factor_in_ipcc_ar6_100
ee55f9c2-37f8-3a07-b987-00c0c63f5ea8,Chromium,Elementary flows/emission/water/fresh water body,3.0161616535819217e-15,kg,,,,no_factor_in_ipcc_ar6_100
dcad5689-3de6-3d80-bc24-c3ce47352482,Zinc,Elementary flows/emission/ground/human-dominated/agricultural,1.320181130353645e-07,kg,,,,no_factor_in_ipcc_ar6_100
6a130787-f858-3298-b572-0bcd4d2bd21c,Colemanite,Elementary flows/resource/ground/subterranean,-1.4315683715688406e-06,kg,,,,no_factor_in_ipcc_ar6_100
5aa1bf0b-15ea-3eda-98e4-5cd2bbe5a0f8,Softwood,Elementary flows/resource/biotic,-2.3075299627484328e-07,kg,,,,no_factor_in_ipcc_ar6_100
048c7312-0e5b-3645-8047-eb4413d2a2d6,Ammonium,Elementary flows/emission/water/saline water body/ocean,5.070226845374205e-10,kg,,,,no_factor_in_ipcc_ar6_100
c15e10c5-f91c-328a-ae01-d843fececf1a,Carbon-14,Elementary flows/emission/water/fresh water body,7.892608558156843e-15,kBq,,,,no_factor_in_ipcc_ar6_100
99d4ec5d-011f-3eb3-9cb8-45d152937193,Mercury,Elementary flows/emission/ground/human-dominated/agricultural,3.3753815056919423e-10,kg,,,,no_factor_in_ipcc_ar6_100
427a28ad-0adf-332e-b1fb-96e31c1ea448,Plutonium-238,Elementary flows/emission/water/fresh water body,4.013804845140285e-16,kBq,,,,no_factor_in_ipcc_ar6_100
23b246a3-0731-3032-b1eb-5f22fdc31cb4,Orthophosphate,Elementary flows/emission/water/saline water body/ocean,1.0335108799624658e-10,kg,,,,no_factor_in_ipcc_ar6_100
4f3f4dd8-c168-3b67-adf2-95e73df3d146,Aluminum,Elementary flows/resource/ground/subterranean,-1.1567707693322086e-07,kg,,,,no_factor_in_ipcc_ar6_100
c1435ec7-1a11-3f77-b967-f532e9282791,Polycyclic aromatic hydrocarbons,Elementary flows/emission/water/saline water body/ocean,2.964984110443783e-11,kg,,,,no_factor_in_ipcc_ar6_100
67f9e8e6-610c-3cb6-a81b-f1e65133ef71,Cyanide,Elementary flows/emission/water/saline water body/ocean,1.8839659572226248e-11,kg,,,,no_factor_in_ipcc_ar6_100
7de685df-0092-3172-a9e0-32ef7d328800,Manganese,Elementary flows/resource/ground/subterranean,-0.0004350202329951358,kg,,,,no_factor_in_ipcc_ar6_100
8525d639-0e0b-30b7-a079-6f84791f0751,Nitrogen,Elementary flows/emission/water/fresh water body,9.418813415002604e-14,kg,,,,no_factor_in_ipcc_ar6_100
4d07c280-617e-3f43-bf30-6a60e95186f7,Water,Elementary flows/emission/water/fresh water body,2.4958301051489005e-06,kg,,,,no_factor_in_ipcc_ar6_100
96c40bbf-96ed-3bd3-8ed9-ee185e425279,Calcium,Elementary flows/emission/ground/human-dominated/industrial,5.672907610986463e-06,kg,,,,no_factor_in_ipcc_ar6_100
3d1f6017-e8ab-33b4-bf1b-76a0ea8769b0,Bauxite,Elementary flows/resource/ground/subterranean,-3.134396407517381e-05,kg,,,,no_factor_in_ipcc_ar6_100
cc7c120e-74e7-3d1f-b574-765a7aa2c5a6,Tin,Elementary flows/emission/ground/human-dominated/agricultural,5.859171747397061e-15,kg,,,,no_factor_in_ipcc_ar6_100
3831c7d8-e159-3174-82a3-44907650d19a,Ruthenium-106,Elementary flows/emission/water/saline water body/ocean,6.512960910362095e-14,kBq,,,,no_factor_in_ipcc_ar6_100
330ef05c-4388-3069-ac4b-4440d610b8cf,Potassium,Elementary flows/emission/ground/human-dominated/agricultural,3.3985298117004527e-11,kg,,,,no_factor_in_ipcc_ar6_100
d904482a-7caa-3668-964d-faf2f523aabf,Radium-224,Elementary flows/emission/water/saline water body/ocean,1.869517689650904e-07,kBq,,,,no_factor_in_ipcc_ar6_100
6b4058f2-4c68-3f1f-8d23-4f41c36ef1bc,Pyrite,Elementary flows/resource/ground/subterranean,-4.518001721025406e-08,kg,,,,no_factor_in_ipcc_ar6_100
9279d048-41b6-3a55-bda3-94179deecb5e,Phonolite,Elementary flows/resource/ground,-3.461193815751629e-17,kg,,,,no_factor_in_ipcc_ar6_100
7a795e15-85c9-3b42-b787-877707680d93,Anthracene,Elementary flows/emission/water/saline water body/ocean,1.785132090632934e-10,kg,,,,no_factor_in_ipcc_ar6_100
7ba9a529-43f5-36ac-ad73-ebf3940b4bf8,Manganese,Elementary flows/emission/ground/human-dominated/agricultural,1.2848102846891061e-11,kg,,,,no_factor_in_ipcc_ar6_100
bc041b64-c2e4-3f48-8445-7fb9d9480fec,Fluoranthene,Elementary flows/emission/water/saline water body/ocean,1.24998801754658e-11,kg,,,,no_factor_in_ipcc_ar6_100
4b292b42-9415-3756-a161-626345bd6095,Uranium-234,Elementary flows/emission/water/saline water body/ocean,4.152218674841378e-16,kBq,,,,no_factor_in_ipcc_ar6_100
6acddb9a-db2e-35e7-a5ca-e8f0b3901a2d,Nitrogen,Elementary flows/emission/water/saline water body,1.5514695721965357e-16,kg,,,,no_factor_in_ipcc_ar6_100
63d60885-ab24-3304-b372-6f332ad44f5a,Boron,Elementary flows/emission/water/fresh water body,1.3947578482963722e-14,kg,,,,no_factor_in_ipcc_ar6_100
a535d9d4-2b5e-3bcf-bc33-66a066a5477d,Ilmenite,Elementary flows/resource/ground/subterranean,-6.6058140578099415e-15,kg,,,,no_factor_in_ipcc_ar6_100
22f4fc46-85d3-35af-8eca-43deb7edce37,Kaolin,Elementary flows/resource/ground/subterranean,-2.4899920554427974e-06,kg,,,,no_factor_in_ipcc_ar6_100
70d83401-4d51-369b-9e27-185cf85d580b,Basalt,Elementary flows/resource/ground/subterranean,-4.305761960930308e-07,kg,,,,no_factor_in_ipcc_ar6_100
57703554-031f-366f-8681-d3980cdf1be0,Molybdenum,Elementary flows/emission/ground/human-dominated/agricultural,3.629718011384661e-15,kg,,,,no_factor_in_ipcc_ar6_100
f8825be7-fe90-3dd2-854e-e2b197c96e98,Hydrogen ion,Elementary flows/emission/water/fresh water body,8.44078946001424e-15,kg,,,,no_factor_in_ipcc_ar6_100
126085ec-4124-3205-835f-f52248399a8e,Strontium-90,Elementary flows/emission/water/fresh water body,6.867329793232877e-15,kBq,,,,no_factor_in_ipcc_ar6_100
bdff254b-ff47-305e-99ee-ff2dddd46876,Uranium,Elementary flows/emission/water/saline water body/ocean,7.068497344932976e-08,kg,,,,no_factor_in_ipcc_ar6_100
efaa5e7d-6efa-398d-95b4-7d24be488715,Gravel,Elementary flows/resource/ground/subterranean,0.021783666906414877,kg,,,,no_factor_in_ipcc_ar6_100
0c74e094-194d-3527-91b1-714bdd3fdabc,Ethylbenzene,Elementary flows/emission/water/saline water body/ocean,1.20171716082143e-08,kg,,,,no_factor_in_ipcc_ar6_100
33572dab-46b2-3cdb-9b48-2bd4b9fafabf,Hydrochloric acid,Elementary flows/emission/water/fresh water body,1.3780955758561547e-13,kg,,,,no_factor_in_ipcc_ar6_100
11c1a290-f518-368f-94f9-40ad30023eb4,Chlorine,Elementary flows/emission/ground/human-dominated/industrial,5.012569615045103e-17,kg,,,,no_factor_in_ipcc_ar6_100
ee2e5b64-73d5-331a-9cca-25790016d1c9,Thallium,Elementary flows/emission/water/fresh water body,-7.43302119671168e-18,kg,,,,no_factor_in_ipcc_ar6_100
7a20e4be-3e1d-375d-a248-101ea0f8ad1f,Cobalt,Elementary flows/emission/ground/human-dominated/agricultural,1.3458011425055952e-14,kg,,,,no_factor_in_ipcc_ar6_100
5255c318-b8f7-3e04-9225-c6635db142db,Sulfur,Elementary flows/emission/ground/human-dominated/agricultural,1.0056470517145823e-11,kg,,,,no_factor_in_ipcc_ar6_100
22373dac-130d-37b5-afe6-6e1d5bb13c20,Selenium,Elementary flows/emission/ground/human-dominated/industrial,8.020053541639918e-11,kg,,,,no_factor_in_ipcc_ar6_100
c9b0f121-fa11-3dff-bdab-ad9cd955d388,Chloride,Elementary flows/emission/ground/human-dominated/industrial,2.889118783867503e-06,kg,,,,no_factor_in_ipcc_ar6_100
9e822e8d-753d-3493-8807-260c1e091a3b,Fluorine,Elementary flows/emission/water/fresh water body,-2.2394797608654773e-15,kg,,,,no_factor_in_ipcc_ar6_100
7140c7dc-59e5-3bb2-8937-425a262b34f1,Uranium,Elementary flows/emission/water/fresh water body,4.96435310413068e-16,kg,,,,no_factor_in_ipcc_ar6_100
7d159466-f46f-31f8-b723-6116c72c9ec3,Rock,Elementary flows/resource/ground/subterranean,-6.678399810963206,kg,,,,no_factor_in_ipcc_ar6_100
e4f371d2-4ae3-32b5-8a33-b4618c75e89e,Mercury,Elementary flows/resource/ground/subterranean,-1.7319102848027077e-17,kg,,,,no_factor_in_ipcc_ar6_100
ed294542-90e4-3f3b-8cc4-b3dc908fdfd4,Cobalt-60,Elementary flows/emission/water/fresh water body,2.295598482856335e-13,kBq,,,,no_factor_in_ipcc_ar6_100
b8cb032d-2276-3c9a-bed3-210f52804dec,Sodium chloride,Elementary flows/emission/water/fresh water body,9.200841711960579e-16,kg,,,,no_factor_in_ipcc_ar6_100
806aade4-8113-38db-bdaf-2d7fe7cfb9c3,Radium-228,Elementary flows/emission/water/saline water body/ocean,3.739035379301808e-07,kBq,,,,no_factor_in_ipcc_ar6_100
40fc9a0c-f101-3840-96b5-8919b3dc2e79,Phosphorus,Elementary flows/emission/water/fresh water body,4.3174682902727485e-15,kg,,,,no_factor_in_ipcc_ar6_100
202639e4-fdf3-390f-a3f4-45c097fb0d2b,Iodine-129,Elementary flows/emission/water/fresh water body,1.4699160029408923e-14,kBq,,,,no_factor_in_ipcc_ar6_100
58250b4f-f3d0-373d-8f89-795ecbf13748,Cobalt,Elementary flows/emission/water/fresh water body,2.627781329873141e-18,kg,,,,no_factor_in_ipcc_ar6_100
6b345f2c-0e01-362c-b30e-ba67b0ec82d1,Calcium,Elementary flows/emission/water/fresh water body,3.4990057054205275e-12,kg,,,,no_factor_in_ipcc_ar6_100
494bf4dc-25c0-32b5-bbd1-ba966dc756bd,Adsorbable organic halides,Elementary flows/emission/water/fresh water body,9.79858649283489e-16,kg,,,,no_factor_in_ipcc_ar6_100
49a1544c-9133-3408-8230-9ff6df996d40,Calcium,Elementary flows/resource/ground/subterranean,-1.5041936461134579e-16,kg,,,,no_factor_in_ipcc_ar6_100
f8619379-37df-30be-bf02-e9945881c2d3,Pumice,Elementary flows/resource/ground/subterranean,-0.002501274517308793,kg,,,,no_factor_in_ipcc_ar6_100
2e160f77-8b5b-36e9-a57b-6b3a9ffe4670,Iridium,Elementary flows/resource/ground/subterranean,-2.662822407252537e-10,kg,,,,no_factor_in_ipcc_ar6_100
d965de93-791d-3f8a-a745-5f0930e96bb2,Cobalt,Elementary flows/emission/ground/human-dominated/industrial,3.237049500075956e-08,kg,,,,no_factor_in_ipcc_ar6_100
250ac737-b4e4-3288-8ce9-f75f1b70db1f,Total Organic Carbon,Elementary flows/emission/water/saline water body,7.6142483348480525e-16,kg,,,,no_factor_in_ipcc_ar6_100
f20850de-12e2-3257-9ece-599ff27441c7,Phosphorus,Elementary flows/emission/water/saline water body/ocean,8.144782271347331e-11,kg,,,,no_factor_in_ipcc_ar6_100
aad08270-1b26-3117-b16b-e1334dc974bb,Zinc,Elementary flows/emission/water/fresh water body,8.903302961895085e-16,kg,,,,no_factor_in_ipcc_ar6_100
caae4bc4-9dab-32b1-b97c-bf998b89af09,Methyl ethyl ketone,Elementary flows/emission/air/troposphere/urban,9.106034375537364e-11,kg,,,,no_factor_in_ipcc_ar6_100
3893eac6-e66e-328f-ac28-6e7b537027cf,Silver,Elementary flows/emission/air/troposphere/urban,2.850538243852232e-15,kg,,,,no_factor_in_ipcc_ar6_100
1f042cb6-c5ad-3464-b764-3c62218a18f1,Hydrofluoric acid,Elementary flows/emission/air/troposphere/rural,2.7068121923915854e-10,kg,,,,no_factor_in_ipcc_ar6_100
db8760b2-47b3-349c-bdb8-985d9bb22b01,Tellurium-132,Elementary flows/emission/water/fresh water body/river,1.7258228035590304e-13,kBq,,,,no_factor_in_ipcc_ar6_100
20f59f98-e174-31b5-9e11-3472b16529d6,Acenaphthene,Elementary flows/emission/air/troposphere/urban,4.840498744459548e-17,kg,,,,no_factor_in_ipcc_ar6_100
2c23d7b3-f192-36a2-8e5d-6c1a3f9d59ae,Molybdenum,Elementary flows/emission/air/troposphere/urban,3.6684980228104e-12,kg,,,,no_factor_in_ipcc_ar6_100
ac272820-2f03-3c80-a84d-ab538dc345cc,Carbon disulfide,Elementary flows/emission/air/troposphere/urban,2.661206988283957e-16,kg,,,,no_factor_in_ipcc_ar6_100
2d0ce19a-7dcd-38e5-b3d8-bed42cff4aa2,Sulfite,Elementary flows/emission/water/fresh water body/river,1.79888032327554e-07,kg,,,,no_factor_in_ipcc_ar6_100
4890fcd5-f136-3ff2-921e-bad2e3bb951b,Dissolved Organic Carbon,Elementary flows/emission/water/fresh water body/river,6.099019664615454e-07,kg,,,,no_factor_in_ipcc_ar6_100
a68f27f2-78ad-36c7-a990-843b22d12b77,Chlorpyrifos,Elementary flows/emission/air/troposphere/rural,3.5622897552252726e-11,kg,,,,no_factor_in_ipcc_ar6_100
573cbd16-5ab1-3250-82b7-548d4cacf595,Methyl tert-butyl ether,Elementary flows/emission/air/troposphere/urban,1.295144792726729e-13,kg,,,,no_factor_in_ipcc_ar6_100
9b2801fa-09d5-32bc-98a5-dc1a60dd1f54,Radon-222,Elementary flows/emission/air/stratosphere,5.4262964518172306e-18,kBq,,,,no_factor_in_ipcc_ar6_100
83b0c293-eb96-30ba-aaae-942531c0972f,Vanadium,Elementary flows/emission/air/troposphere/rural,8.836791263341251e-13,kg,,,,no_factor_in_ipcc_ar6_100
88fefe1f-42cf-3bbe-8561-a2d2e554ad00,Manganese,Elementary flows/emission/water/subterranean,4.2154433484444016e-10,kg,,,,no_factor_in_ipcc_ar6_100
8a5b0c0e-7b72-3f3d-94de-02da365e0057,Sodium hydroxide,Elementary flows/emission/water,3.1563940444329637e-16,kg,,,,no_factor_in_ipcc_ar6_100
025cb394-17fb-3a08-8afd-b56225f6e6e5,Arsenic(V),Elementary flows/emission/water/fresh water body/river,3.520830087074966e-11,kg,,,,no_factor_in_ipcc_ar6_100
3148eb77-a917-3905-be31-b88c50bda58a,Titanium,Elementary flows/emission/water/fresh water body/river,4.5819761625382135e-12,kg,,,,no_factor_in_ipcc_ar6_100
4f6d79db-457b-30c7-9756-1a5e76cdc9aa,"Noble gases, radioactive, unspecified",Elementary flows/emission/water,2.1729670147784031e-16,kBq,,,,no_factor_in_ipcc_ar6_100
8236902d-7f0e-3b61-b4b4-9b9c253fc325,Beryllium,Elementary flows/emission/air/troposphere/urban,4.8892976500415844e-15,kg,,,,no_factor_in_ipcc_ar6_100
72283fe0-b19a-38e4-aa8d-a3242f116f2e,Methyl tert-butyl ether,Elementary flows/emission/water/saline water body/ocean,2.4218846982906676e-11,kg,,,,no_factor_in_ipcc_ar6_100
71a09a1c-b99c-3d23-9cde-eb108b0a682c,Mancozeb,Elementary flows/emission/ground/human-dominated/agricultural,2.4069835881756896e-13,kg,,,,no_factor_in_ipcc_ar6_100
469a230b-77b0-39e7-95af-66bc76a9b291,Helium,Elementary flows/emission/air/troposphere/rural,6.078580959348775e-10,kg,,,,no_factor_in_ipcc_ar6_100
14e9f850-290d-341c-94ec-0b76786f3ea4,Sodium-24,Elementary flows/emission/water/fresh water body/river,2.2551806415164994e-11,kBq,,,,no_factor_in_ipcc_ar6_100
3a8fb64d-8e5d-3460-a446-b69ad72ba73b,Propylene,Elementary flows/emission/air/troposphere/urban,5.475304643313061e-10,kg,,,,no_factor_in_ipcc_ar6_100
1e097a82-21a4-33b4-8946-12e7a011725d,Cyanide,Elementary flows/emission/water/fresh water body/river,3.4837135592010276e-11,kg,,,,no_factor_in_ipcc_ar6_100
6f1b0896-f4b4-3017-b5f2-a0b9cd83a02a,Metolachlor,Elementary flows/emission/ground/human-dominated/agricultural,5.132760084550391e-12,kg,,,,no_factor_in_ipcc_ar6_100
197b54ed-a00b-3b3f-9e0e-e336409d1917,Lead,Elementary flows/emission/air/troposphere/urban,1.455244929253249e-11,kg,,,,no_factor_in_ipcc_ar6_100
2be82b92-e9de-345a-b10d-ab77f2530807,Acetic acid,Elementary flows/emission/air/troposphere/rural,3.966332757797073e-12,kg,,,,no_factor_in_ipcc_ar6_100
0ac240f9-3503-3841-8309-2e38d9d515b2,Zinc,Elementary flows/emission/air/troposphere/urban,2.287080286344717e-11,kg,,,,no_factor_in_ipcc_ar6_100
0200889f-c85b-35ff-9f92-9e2b658c2993,Iron,Elementary flows/emission/air/troposphere/urban,5.097658108935128e-11,kg,,,,no_factor_in_ipcc_ar6_100
efffafd1-763f-397e-bff7-0200da731ce4,Dichromate,Elementary flows/emission/water/fresh water body/river,4.078504550884785e-13,kg,,,,no_factor_in_ipcc_ar6_100
f16c3dc6-870f-3ca0-a779-dd586f6dda99,Copper,Elementary flows/emission/air/stratosphere,1.5892818317113058e-17,kg,,,,no_factor_in_ipcc_ar6_100
94f5aed1-2db3-30ea-9f67-b96d4773c4e8,Chlorine,Elementary flows/emission/water/fresh water body/river,1.6813212123529546e-06,kg,,,,no_factor_in_ipcc_ar6_100
6b851f6d-b69d-3664-a295-15970b644d39,Silicon,Elementary flows/emission/water/saline water body/ocean,1.1453075476382048e-12,kg,,,,no_factor_in_ipcc_ar6_100
5f3f5dc7-5858-3b4b-89e8-026ce20fafbe,Cesium-134,Elementary flows/emission/water/fresh water body/river,4.0792898856606095e-05,kBq,,,,no_factor_in_ipcc_ar6_100
076e0a39-0836-3bc1-96a5-e7ba9b43a183,1-Butanol,Elementary flows/emission/air/troposphere/urban,3.2523923536191703e-18,kg,,,,no_factor_in_ipcc_ar6_100
f0d021fb-17e1-3c1b-acf4-9656d0063daf,Calcium,Elementary flows/emission/air/troposphere/rural,0.0007716825230927747,kg,,,,no_factor_in_ipcc_ar6_100
605febf5-6f0d-3a65-9580-872956cec9d0,Cyanide,Elementary flows/emission/air/troposphere/urban,1.782307288766647e-12,kg,,,,no_factor_in_ipcc_ar6_100
854bd083-1ae2-3672-b130-fbe09080b710,Lead-210,Elementary flows/emission/air/troposphere/urban,1.4225275679071075e-10,kBq,,,,no_factor_in_ipcc_ar6_100
b552ec6b-e470-371e-8d25-c6395e4f9bf5,"Water, fresh",Elementary flows/resource/air,-1.243068392578254e-14,kg,,,,no_factor_in_ipcc_ar6_100
ee25e91b-3baa-3132-97d0-25e5bf3995d5,Sulfate,Elementary flows/emission/air/troposphere/urban,7.541322479149239e-10,kg,,,,no_factor_in_ipcc_ar6_100
5bf555f6-13e0-3d94-ba74-f92ed4997bfc,Rubidium,Elementary flows/emission/water/fresh water body/river,8.184716184356767e-11,kg,,,,no_factor_in_ipcc_ar6_100
2a94631a-7ac6-3fe0-b2fb-bbc4d767d423,Manganese compounds,Elementary flows/emission/ground,1.0167590100154287e-07,kg,,,,no_factor_in_ipcc_ar6_100
8748d8b2-558f-343d-93d5-2d8a7ed2f500,"Dibenz[a,j]acridine",Elementary flows/emission/water,4.055453021737823e-10,kg,,,,no_factor_in_ipcc_ar6_100
52162178-a06e-397a-95bb-a61c1aadc0ee,Ethyl cellulose,Elementary flows/emission/air/troposphere/urban,1.842788572056755e-13,kg,,,,no_factor_in_ipcc_ar6_100
234227d7-3bc3-3ede-beb3-86c7e3f9c791,Nitrogen oxides,Elementary flows/emission/air/troposphere/urban,5.909319131522073e-08,kg,,,,no_factor_in_ipcc_ar6_100
5b3ee465-d000-3ca4-9d84-c2e8482e8aa4,Ethanolamine,Elementary flows/emission/air/troposphere/urban,2.9571017682104084e-12,kg,,,,no_factor_in_ipcc_ar6_100
e1ac02a7-a644-3d3b-bd0a-b0557d0da0ea,Uranium,Elementary flows/emission/water/subterranean/fresh water body,1.10850674749976e-18,kg,,,,no_factor_in_ipcc_ar6_100
5a576c3d-b3c9-3fba-9bd7-de61fb2611a6,Adsorbable organic halides,Elementary flows/emission/water/saline water body/ocean,1.4973643911600863e-12,kg,,,,no_factor_in_ipcc_ar6_100
57d21695-d78e-3c36-bd3a-0f978c27e5cf,Methylamine,Elementary flows/emission/air/troposphere/urban,1.0943911798955522e-16,kg,,,,no_factor_in_ipcc_ar6_100
b3051e1f-c4b9-3adb-8265-dafe05331ba5,Teflubenzuron,Elementary flows/emission/ground/human-dominated/agricultural,5.650062558807396e-16,kg,,,,no_factor_in_ipcc_ar6_100
78d98d99-b8a4-3914-9d99-64d00cee1b4f,Cobalt-57,Elementary flows/emission/water/fresh water body/river,1.8283545133677397e-11,kBq,,,,no_factor_in_ipcc_ar6_100
4101bcb5-e91c-3a66-88d6-8fad59847cfe,Tin,Elementary flows/emission/water/saline water body/ocean,2.7159492780104302e-18,kg,,,,no_factor_in_ipcc_ar6_100
31844c41-8e58-30ee-9de8-2479a293197f,Krypton-85,Elementary flows/emission/air/troposphere/rural,23.727387857941945,kBq,,,,no_factor_in_ipcc_ar6_100
cd004848-4775-3235-aa5b-07c8116958e4,Vanadium compounds,Elementary flows/emission/ground,4.23998146356962e-08,kg,,,,no_factor_in_ipcc_ar6_100
90fca4ee-4327-3356-952e-021c70b1bc41,Cobalt,Elementary flows/emission/water/fresh water body/river,1.1603626020651328e-09,kg,,,,no_factor_in_ipcc_ar6_100
e18d2152-2f11-3143-acfc-9911c4b54f5e,Benzene,Elementary flows/emission/air/troposphere/urban,1.1776090616953174e-09,kg,,,,no_factor_in_ipcc_ar6_100
3d2d5664-03db-323d-bedb-c8678236c47c,Cumene,Elementary flows/emission/water/fresh water body/river,7.846569793689051e-11,kg,,,,no_factor_in_ipcc_ar6_100
09a5936c-efb6-31e7-9666-488daf680f52,"1,3-Butadiene",Elementary flows/emission/air/stratosphere,1.766923649104652e-16,kg,,,,no_factor_in_ipcc_ar6_100
92f53366-52c5-3e68-be05-8910058f2889,Manganese,Elementary flows/emission/air/troposphere/urban,1.1411452949663515e-12,kg,,,,no_factor_in_ipcc_ar6_100
7653c2d3-330a-3634-8bfe-c15c423bc091,Aluminum,Elementary flows/emission/air/troposphere/rural,4.206252681177785e-11,kg,,,,no_factor_in_ipcc_ar6_100
7767aefb-7b1e-3c05-89bb-269517bd1662,Scandium,Elementary flows/emission/air/troposphere/urban,3.8477078791412326e-15,kg,,,,no_factor_in_ipcc_ar6_100
c797fdcb-9eb4-364c-af23-f8ea582d359d,Chloride,Elementary flows/emission/ground/human-dominated/agricultural,1.9952419965228694e-12,kg,,,,no_factor_in_ipcc_ar6_100
94b47e1d-5a52-3bf2-a6b4-681761db3d24,Pirimicarb,Elementary flows/emission/ground/human-dominated/agricultural,4.443720738704132e-15,kg,,,,no_factor_in_ipcc_ar6_100
1d8e7257-22ff-35cd-9669-0e5caa707f9d,Silver-110,Elementary flows/emission/water/fresh water body/river,2.460941157579959e-05,kBq,,,,no_factor_in_ipcc_ar6_100
2a638a70-fb95-3f0e-a294-db220e77e814,Beryllium,Elementary flows/emission/air/troposphere/rural,1.4393048059012737e-14,kg,,,,no_factor_in_ipcc_ar6_100
8604e35b-f47f-3a6c-a3f7-70778a8b8e7e,Cobalt-60,Elementary flows/emission/air/troposphere/rural,1.8876175405885577e-06,kBq,,,,no_factor_in_ipcc_ar6_100
260c35cc-0a64-3bfe-b739-15c56e1a4d27,Cumene,Elementary flows/emission/air/troposphere/rural,2.5477464323150866e-17,kg,,,,no_factor_in_ipcc_ar6_100
7bad02a4-db5a-36f7-ad3e-b9c6a9c783ad,Antimony-124,Elementary flows/emission/water/fresh water body/river,1.7831298751465138e-05,kBq,,,,no_factor_in_ipcc_ar6_100
7fc4a3e1-65d0-3510-8fec-8da04e2f7bbd,Tellurium-123m,Elementary flows/emission/water/fresh water body/river,2.0582770571363943e-11,kBq,,,,no_factor_in_ipcc_ar6_100
c417bf8a-a58e-311a-9b21-62e3836d962a,Carbonate,Elementary flows/emission/water/fresh water body/river,0.00019218131506693728,kg,,,,no_factor_in_ipcc_ar6_100
4ba40c12-be15-3891-8ab4-348f8ac05910,Manganese,Elementary flows/emission/water/fresh water body/river,3.649401639222149e-10,kg,,,,no_factor_in_ipcc_ar6_100
9029e40d-6bfd-381b-9016-057098e1b09e,Methylamine,Elementary flows/emission/water/fresh water body/river,2.6265266366050235e-16,kg,,,,no_factor_in_ipcc_ar6_100
4c75c0ce-5111-3386-94ae-16cd1fece72b,Xylene,Elementary flows/emission/air/troposphere/rural,1.3523767475684227e-10,kg,,,,no_factor_in_ipcc_ar6_100
bd9367a9-83cf-35ef-9441-9c1f28899289,Magnesium,Elementary flows/emission/air/troposphere/urban,1.3558987195061142e-11,kg,,,,no_factor_in_ipcc_ar6_100
04d4aa5b-20d0-368a-9878-ce855c600c0c,Fluorine,Elementary flows/emission/air/troposphere/urban,2.429821526415517e-13,kg,,,,no_factor_in_ipcc_ar6_100
058598d6-0397-3ca8-9eab-1241142e3087,Phosphorus,Elementary flows/emission/water/fresh water body/river,4.099626326865633e-11,kg,,,,no_factor_in_ipcc_ar6_100
fd589845-fec3-3a0e-8fd9-f1a4f1b6c40a,Radium-228,Elementary flows/emission/air/troposphere/rural,2.3467857159806786e-10,kBq,,,,no_factor_in_ipcc_ar6_100
1abc2688-7633-397f-9d68-749ea79f12e8,Barium,Elementary flows/emission/air/troposphere/urban,4.1379169404743375e-13,kg,,,,no_factor_in_ipcc_ar6_100
359ac149-4a08-3c9c-86d1-ba5478123202,"Particulate matter, > 2.5μm and ≤ 10μm",Elementary flows/emission/air/troposphere/urban,1.455677251426304e-09,kg,,,,no_factor_in_ipcc_ar6_100
192cecba-6a3a-3af7-9275-d8e761a883bc,Arsenic,Elementary flows/emission/air/troposphere/urban,3.0806648245088852e-12,kg,,,,no_factor_in_ipcc_ar6_100
f8b15a86-6bd2-3167-88e6-7b4adcda0d1c,Methyl acrylate,Elementary flows/emission/water/fresh water body/river,1.2452459279186477e-12,kg,,,,no_factor_in_ipcc_ar6_100
ef408b84-8daf-3132-9f2d-85c6c79faf4a,Methanol,Elementary flows/emission/water/fresh water body/river,2.1314551972813784e-12,kg,,,,no_factor_in_ipcc_ar6_100
d674c2b3-2577-3d3a-be24-8724b891d890,Hydrogen sulfide,Elementary flows/emission/air/troposphere/rural,1.6884654394142624e-10,kg,,,,no_factor_in_ipcc_ar6_100
49e19efb-cafa-3365-97b1-59f82d70668a,Acetone,Elementary flows/emission/air/troposphere/rural,8.52018169128733e-07,kg,,,,no_factor_in_ipcc_ar6_100
f48a6d91-d946-3390-8920-690f04898043,Dissolved Organic Carbon,Elementary flows/emission/water/fresh water body/lake,9.126425940509402e-13,kg,,,,no_factor_in_ipcc_ar6_100
7626ee3b-0200-3784-a55f-de4e6c079066,Ruthenium-103,Elementary flows/emission/water/fresh water body/river,6.289461034898368e-13,kBq,,,,no_factor_in_ipcc_ar6_100
9225c915-7272-3b2b-a389-334c3a631569,Ethylenediamine,Elementary flows/emission/air/troposphere/urban,4.991756474251017e-16,kg,,,,no_factor_in_ipcc_ar6_100
828d69ef-70e9-3bde-ba07-6e258ceed757,Antimony,Elementary flows/emission/water/fresh water body/river,7.181354986562418e-11,kg,,,,no_factor_in_ipcc_ar6_100
33c91bf2-cbb4-3bd3-a708-ce9ce4985f95,"Noble gases, radioactive, unspecified",Elementary flows/emission/air,7.608067263050768e-14,kBq,,,,no_factor_in_ipcc_ar6_100
04882007-686b-3a15-a1fb-88f256ec82cf,Niobium-95,Elementary flows/emission/air/troposphere/rural,2.946289239479234e-15,kBq,,,,no_factor_in_ipcc_ar6_100
d3f57282-6d00-337d-8540-adbf20dd8a11,Radium-228,Elementary flows/emission/water/fresh water body/river,8.184716184461635e-07,kBq,,,,no_factor_in_ipcc_ar6_100
7eac431b-e106-3043-bf4f-a1b2a7feecdb,Calcium,Elementary flows/emission/air/troposphere/urban,6.31591586872067e-11,kg,,,,no_factor_in_ipcc_ar6_100
da2da4ab-90e1-3d39-8810-32f70e4bf401,Methanol,Elementary flows/emission/air/troposphere/rural,6.707066592381685e-10,kg,,,,no_factor_in_ipcc_ar6_100
0a728e21-df70-313e-a51e-4d38b332c081,Orthophosphate,Elementary flows/emission/water/fresh water body/river,3.3763391195917364e-07,kg,,,,no_factor_in_ipcc_ar6_100
e5453807-2422-3a31-844e-7de1240d173a,Cyanide,Elementary flows/emission/air/troposphere/rural,1.4772889651559148e-08,kg,,,,no_factor_in_ipcc_ar6_100
d2e3f46d-fe29-397f-bfab-5a6c01ad55a8,Tin,Elementary flows/emission/air/troposphere/rural,1.6475444544179325e-12,kg,,,,no_factor_in_ipcc_ar6_100
ee44120f-5072-3af5-b627-d939afae0955,Sulfide,Elementary flows/emission/water/fresh water body/river,3.5109500867306586e-05,kg,,,,no_factor_in_ipcc_ar6_100
ff2d1184-9cf1-3dab-bdab-00a37563f69a,Magnesium,Elementary flows/emission/air/troposphere/rural,1.5116102443665466e-11,kg,,,,no_factor_in_ipcc_ar6_100
55598d85-f82b-3248-8d99-0d292e80cdfe,Fluosilicic acid,Elementary flows/emission/water/fresh water body/river,5.711439008479241e-12,kg,,,,no_factor_in_ipcc_ar6_100
2021cc6c-268d-3e0e-8007-8dec83ac951d,Octadecane,Elementary flows/emission/water,3.3498605824654706e-12,kg,,,,no_factor_in_ipcc_ar6_100
81e2a72f-42f3-3f9b-9fdc-ebfe99a9a529,Metaldehyde,Elementary flows/emission/ground/human-dominated/agricultural,3.2135280690118467e-15,kg,,,,no_factor_in_ipcc_ar6_100
495b6afe-397f-3cc5-9856-90bb6bb10055,Strontium,Elementary flows/emission/ground/human-dominated/agricultural,5.321550831354552e-13,kg,,,,no_factor_in_ipcc_ar6_100
df1ef79c-aa67-3f75-afae-c295e893b8c7,1-Butanol,Elementary flows/emission/water/fresh water body/river,3.3043802537778155e-13,kg,,,,no_factor_in_ipcc_ar6_100
400c0e89-b3c3-3fb3-b894-25d94848c226,Methyl formate,Elementary flows/emission/water/fresh water body/river,8.918010924391351e-17,kg,,,,no_factor_in_ipcc_ar6_100
ec5c8c51-f765-3eaf-9419-6a3068f9c9b4,"Solvents, chlorinated",Elementary flows/emission/water/fresh water body/river,1.2891253836059654e-13,kg,,,,no_factor_in_ipcc_ar6_100
59d7dc05-996e-34ec-b789-4dc417989b2c,Thorium-232,Elementary flows/emission/air/troposphere/rural,2.3780274220763204e-10,kBq,,,,no_factor_in_ipcc_ar6_100
69f38369-cdd6-351a-a943-610ac8499ac2,Chromium-51,Elementary flows/emission/water/fresh water body/river,6.622674881937479e-10,kBq,,,,no_factor_in_ipcc_ar6_100
c66c0b20-f9a2-39eb-91fd-b8aa5d8c436d,Radon-222,Elementary flows/emission/air/troposphere/urban,3.0815738263174866e-12,kBq,,,,no_factor_in_ipcc_ar6_100
7f5783b2-3ff2-3fa1-aca1-b3be20657d9e,Total Organic Carbon,Elementary flows/emission/water/saline water body/ocean,2.0519053041083649e-07,kg,,,,no_factor_in_ipcc_ar6_100
07c108e4-3ac9-3214-b05c-2481e8c52c63,Ethylene oxide,Elementary flows/emission/air/troposphere/urban,4.488460729416031e-13,kg,,,,no_factor_in_ipcc_ar6_100
81324bb5-31ae-3cac-afb6-d622d8f72d3f,Radon-220,Elementary flows/emission/air/troposphere/rural,2.8906516392925753e-08,kBq,,,,no_factor_in_ipcc_ar6_100
2e84eb20-ab0d-341a-be01-f815da246810,Hydrochloric acid,Elementary flows/emission/air/troposphere/rural,1.2593163372576702e-09,kg,,,,no_factor_in_ipcc_ar6_100
ae6cbd23-aa39-335a-ba9f-7f3e573802c7,Uranium-235,Elementary flows/emission/water/fresh water body/river,4.25941120071883e-05,kBq,,,,no_factor_in_ipcc_ar6_100
3cd788df-a6b5-3649-8df1-9e86614c69a3,Chromium-51,Elementary flows/emission/air/troposphere/rural,4.8466311904441664e-14,kBq,,,,no_factor_in_ipcc_ar6_100
32cfb0ec-1634-3b16-83e7-0a010500daf2,Silicon,Elementary flows/emission/air/troposphere/urban,6.299607894173907e-11,kg,,,,no_factor_in_ipcc_ar6_100
2ec1a40a-433b-3c6a-817e-0227d93f3704,Phosphorus,Elementary flows/emission/air/troposphere/urban,1.818395858687593e-12,kg,,,,no_factor_in_ipcc_ar6_100
e93a372c-aa3d-399f-9f12-4575c13e8cef,Xylene,Elementary flows/emission/water/fresh water body/river,2.694967626047718e-07,kg,,,,no_factor_in_ipcc_ar6_100
75b1963a-a81c-39ea-a6a4-74dd8cc98c59,Methyl acrylate,Elementary flows/emission/air/troposphere/urban,6.160023867682542e-14,kg,,,,no_factor_in_ipcc_ar6_100
da288a04-c95f-32aa-b6eb-3416eb4ded0d,Carbon,Elementary flows/emission/ground/human-dominated/industrial,1.6052372167026625e-08,kg,,,,no_factor_in_ipcc_ar6_100
770fdf53-4300-3246-a9d0-94fe00ee8592,Chromium(VI),Elementary flows/emission/water/fresh water body/river,2.609412570151574e-10,kg,,,,no_factor_in_ipcc_ar6_100
cc67be09-319f-3396-81c7-dfd9e97f51d8,Radon-220,Elementary flows/emission/air/troposphere/urban,3.0854685702976674e-12,kBq,,,,no_factor_in_ipcc_ar6_100
6729d23b-5e28-3e27-ab43-d0402d2acd41,Antimony-125,Elementary flows/emission/water/fresh water body/river,2.0586725944982213e-05,kBq,,,,no_factor_in_ipcc_ar6_100
c0601aaa-5cd5-3c7c-96aa-1451ea081363,Antimony-124,Elementary flows/emission/air/troposphere/rural,5.637609887678141e-07,kBq,,,,no_factor_in_ipcc_ar6_100
01689b7e-93b5-3c38-9d07-e9ad010b5576,Thiram,Elementary flows/emission/ground/human-dominated/agricultural,6.296716432591608e-16,kg,,,,no_factor_in_ipcc_ar6_100
1aa13981-957f-3610-b9c5-915de8738a7d,Strontium,Elementary flows/emission/air/troposphere/urban,5.802587656490022e-13,kg,,,,no_factor_in_ipcc_ar6_100
9a0fd2fa-b591-305d-8f06-3f2d6369757e,Antimony,Elementary flows/emission/air/troposphere/urban,2.4146079056074163e-14,kg,,,,no_factor_in_ipcc_ar6_100
dfe12a39-85ce-3a73-b099-ff45df1dd3cb,Acetylene,Elementary flows/emission/air,4.408057503360659e-14,kg,,,,no_factor_in_ipcc_ar6_100
001c61e3-90e1-3e75-a5ad-76867831832d,Lanthanum-140,Elementary flows/emission/air/troposphere/rural,2.6664175241493367e-13,kBq,,,,no_factor_in_ipcc_ar6_100
04ddfef4-b35f-3a48-8341-df12b7e41c6c,m-Xylene,Elementary flows/emission/air/troposphere/urban,5.785827391854592e-13,kg,,,,no_factor_in_ipcc_ar6_100
023da7fa-7089-3bef-a964-16b047d21d34,Thorium-228,Elementary flows/emission/water/fresh water body/river,1.6369433082089606e-06,kBq,,,,no_factor_in_ipcc_ar6_100
bbad2dff-1fe2-383b-b976-806eaab7c51c,Tungsten,Elementary flows/emission/water/fresh water body/river,1.7575378452565202e-11,kg,,,,no_factor_in_ipcc_ar6_100
ea93f518-cd43-35ca-b501-cf8fcc05df6b,Carbon,Elementary flows/emission/ground/human-dominated/agricultural,9.843357079023218e-11,kg,,,,no_factor_in_ipcc_ar6_100
634065f2-d1d1-3ca6-86fd-bb6db71e128c,Ethyl acetate,Elementary flows/emission/water/fresh water body/river,5.187588882798293e-17,kg,,,,no_factor_in_ipcc_ar6_100
80bb4d1c-7a90-3a21-ad30-4f1e0b5d4cc2,Boron,Elementary flows/emission/ground/human-dominated/agricultural,4.0749318728207864e-14,kg,,,,no_factor_in_ipcc_ar6_100
7a4332c9-f5eb-30bb-afe2-11542d9a9987,Titanium,Elementary flows/emission/air/troposphere/rural,1.2536908798862685e-07,kg,,,,no_factor_in_ipcc_ar6_100
5b9ac6e8-5db3-3abf-9074-d12787ae5974,Hexacosane,Elementary flows/emission/water,4.3953305642967376e-14,kg,,,,no_factor_in_ipcc_ar6_100
c18c9d5c-f091-3b6b-b161-1bf18e51863a,Titanium,Elementary flows/emission/ground/human-dominated/agricultural,8.604477330223307e-13,kg,,,,no_factor_in_ipcc_ar6_100
1d7d51a2-9992-38ce-834d-d44ed334c1d0,Iodide,Elementary flows/emission/water/saline water body/ocean,3.739035379301808e-10,kg,,,,no_factor_in_ipcc_ar6_100
d7ccb927-ebe4-30e1-a93e-0c74deda2066,Xenon-131m,Elementary flows/emission/air/troposphere/rural,0.02941602856740938,kBq,,,,no_factor_in_ipcc_ar6_100
3179a52d-ca96-3c13-bf99-91e407e1b9e0,Iron,Elementary flows/emission/air/troposphere/rural,1.7549803951518056e-11,kg,,,,no_factor_in_ipcc_ar6_100
7d3e2907-9432-3849-a1a5-37d8a34eefb7,Bromine,Elementary flows/emission/air/troposphere/rural,5.61723611608902e-07,kg,,,,no_factor_in_ipcc_ar6_100
c227e048-b9cf-31eb-9f6a-e1f0a7f6b5cc,Radium-226,Elementary flows/emission/water/fresh water body/river,0.023191276576546398,kBq,,,,no_factor_in_ipcc_ar6_100
c059eb31-4bd2-321a-8045-3ff9dd9f5c5c,Krypton-87,Elementary flows/emission/air/troposphere/rural,1.2663961307095469e-08,kBq,,,,no_factor_in_ipcc_ar6_100
ba056381-a34a-3a7d-8d4a-a62c34f5237f,Fluorine,Elementary flows/emission/air/troposphere/rural,6.34820917782586e-11,kg,,,,no_factor_in_ipcc_ar6_100
17ead08b-355c-326e-8d30-6b78650760b2,Ethanol,Elementary flows/emission/water/fresh water body/river,7.603136171100116e-13,kg,,,,no_factor_in_ipcc_ar6_100
ceb6f91e-81cd-393c-87cb-69b78b4b5db5,Scandium,Elementary flows/emission/water/fresh water body/river,5.469359332174341e-13,kg,,,,no_factor_in_ipcc_ar6_100
d1422905-7159-3c5e-8e19-d64e3d6a30af,Nitrate,Elementary flows/emission/water/fresh water body/river,5.047679557314782e-05,kg,,,,no_factor_in_ipcc_ar6_100
2b8f7ca4-ddaf-373a-9579-e6162037455c,Arsenic,Elementary flows/emission/ground/human-dominated/agricultural,1.2738144869099843e-14,kg,,,,no_factor_in_ipcc_ar6_100
143a705f-98b4-3fe8-9b4a-6d85e50891a5,Hydrochloric acid,Elementary flows/emission/air/troposphere/urban,4.851650811682075e-10,kg,,,,no_factor_in_ipcc_ar6_100
c77f3101-4e07-36db-94f8-5f0f29732ce6,Uranium,Elementary flows/emission/air/troposphere/urban,1.0265425714253735e-14,kg,,,,no_factor_in_ipcc_ar6_100
747c5d51-43f1-3dc6-a854-43a08d8933a9,Aromatic hydrocarbons,Elementary flows/emission/water/fresh water body/river,4.301785519223386e-09,kg,,,,no_factor_in_ipcc_ar6_100
b51e4a05-5955-3038-9417-74feef5fcf7a,Molybdenum,Elementary flows/emission/water/saline water body/ocean,7.643556094741322e-13,kg,,,,no_factor_in_ipcc_ar6_100
a9566675-8e9d-3a06-bf9c-881fff502772,"Energy, heat",Elementary flows/emission/air/stratosphere,4.2630395489107784e-10,MJ,,,,no_factor_in_ipcc_ar6_100
2ebf4772-2ec2-3e77-b569-46ac84f7534e,Atrazine,Elementary flows/emission/ground/human-dominated/agricultural,1.4608652316395099e-08,kg,,,,no_factor_in_ipcc_ar6_100
8db04d71-1eff-3efc-ac23-270b7392320b,Zirconium-95,Elementary flows/emission/air/troposphere/rural,1.211393248559652e-13,kBq,,,,no_factor_in_ipcc_ar6_100
65b9f59c-862a-313e-8dcc-81d5508562ca,Cesium-137,Elementary flows/emission/air/troposphere/rural,4.5665214172720514e-07,kBq,,,,no_factor_in_ipcc_ar6_100
57d917f3-6a50-3762-a6ee-6b0c580cc9f5,Silicon,Elementary flows/emission/ground/human-dominated/industrial,5.350804914352243e-10,kg,,,,no_factor_in_ipcc_ar6_100
76fc3fa9-94e3-3d55-be48-80d792ede790,Lead,Elementary flows/emission/water/fresh water body/lake,5.911339531742357e-18,kg,,,,no_factor_in_ipcc_ar6_100
aacb5c36-6127-35d7-89cc-f25b89b85ff1,Aluminum,Elementary flows/emission/water/subterranean,3.3653721181749254e-08,kg,,,,no_factor_in_ipcc_ar6_100
ed34465d-dcb1-3926-a995-ee361882cb1e,Surfactants,Elementary flows/emission/water,1.2064468587691432e-10,kg,,,,no_factor_in_ipcc_ar6_100
dd2d170e-ba81-358b-a6e5-7398bd84f13b,Carbon disulfide,Elementary flows/emission/air/troposphere/rural,3.0355543361794215e-10,kg,,,,no_factor_in_ipcc_ar6_100
dd22f68e-4995-37bf-9903-68b6a7de0dab,Chromium(VI),Elementary flows/emission/air/troposphere/rural,6.864806833334614e-13,kg,,,,no_factor_in_ipcc_ar6_100
1bc7bc37-0621-37b7-a725-d7657057717e,Selenium compounds,Elementary flows/emission/ground,3.049555365708821e-10,kg,,,,no_factor_in_ipcc_ar6_100
3f64bacb-a632-32a9-b8fe-2e7c4f149a01,Zinc,Elementary flows/emission/air/stratosphere,9.348752693204704e-18,kg,,,,no_factor_in_ipcc_ar6_100
4737b863-9a09-35e4-9e02-0bcb49bf42c8,Selenium,Elementary flows/emission/air/troposphere/urban,2.9516721476474e-12,kg,,,,no_factor_in_ipcc_ar6_100
760ddaf4-604e-3a3e-8943-2f9ad73bc1ef,Lead-210,Elementary flows/emission/air/troposphere/rural,3.349632082203578e-06,kBq,,,,no_factor_in_ipcc_ar6_100
fe85b99c-cb50-3334-887d-038a45b267ca,Calcium,Elementary flows/emission/water/subterranean,1.5682236594194632e-18,kg,,,,no_factor_in_ipcc_ar6_100
88cbf80a-4136-3d6a-928e-511f6d13fa7c,Heptane,Elementary flows/emission/air/troposphere/urban,1.985141121945727e-07,kg,,,,no_factor_in_ipcc_ar6_100
7f239748-60f8-327c-81c0-54cc19b83b8f,Zinc,Elementary flows/emission/air/troposphere/rural,5.5373165241879983e-11,kg,,,,no_factor_in_ipcc_ar6_100
7e4e1b99-0823-3cd3-bd52-aa848248ba9b,Carbetamide,Elementary flows/emission/ground/human-dominated/agricultural,1.681426345069947e-14,kg,,,,no_factor_in_ipcc_ar6_100
dd483756-bd45-3ce8-9dcc-42905f124b8b,Acrolein,Elementary flows/emission/air/troposphere/urban,3.404500248996749e-14,kg,,,,no_factor_in_ipcc_ar6_100
0ed1f6b4-caf9-33a6-a8ad-3feadb42bd4d,Boron,Elementary flows/emission/ground/human-dominated/industrial,5.350804914352244e-11,kg,,,,no_factor_in_ipcc_ar6_100
269dc9bf-dc50-3317-be77-7a72b5ca2e23,Sodium formate,Elementary flows/emission/air/troposphere/urban,2.9226740200467793e-15,kg,,,,no_factor_in_ipcc_ar6_100
f53e6470-6eac-3416-8035-e959eadc06c6,"Energy, heat",Elementary flows/emission/water/fresh water body/river,0.00016257560105488916,MJ,,,,no_factor_in_ipcc_ar6_100
88e61068-63be-3194-a36f-24f4e632fc66,Mercury compounds,Elementary flows/emission/ground,1.8436763660599325e-10,kg,,,,no_factor_in_ipcc_ar6_100
0013ab12-59fa-34b6-88f6-c0e4365d6286,Aluminum,Elementary flows/emission/air/troposphere/urban,3.320619906989836e-11,kg,,,,no_factor_in_ipcc_ar6_100
6c911413-83fd-3eaf-bcd9-1cac5da84ac9,Propionaldehyde,Elementary flows/emission/air/troposphere/urban,1.8080001043616804e-14,kg,,,,no_factor_in_ipcc_ar6_100
8de31834-cc5b-3e04-86c0-09db668a9fd8,Chemical Oxygen Demand,Elementary flows/emission/water/fresh water body/river,2.0580651041021055e-06,kg,,,,no_factor_in_ipcc_ar6_100
5138186a-6c29-3288-bd4e-5630f1fb7737,Cesium-137,Elementary flows/emission/water/fresh water body/river,0.00033223940314845956,kBq,,,,no_factor_in_ipcc_ar6_100
aefa4edc-81f6-37d3-bf89-6e852af23d00,Plutonium-238,Elementary flows/emission/ground,9.296775028275575e-17,kBq,,,,no_factor_in_ipcc_ar6_100
5ca3d73b-0eeb-33dc-85ed-6723e322a918,Propylene,Elementary flows/emission/water/fresh water body/river,6.956133630295486e-11,kg,,,,no_factor_in_ipcc_ar6_100
b71b7863-b125-3437-89bf-3e9b96dbacc4,Cesium-134,Elementary flows/emission/air/troposphere/rural,2.6836490666810085e-07,kBq,,,,no_factor_in_ipcc_ar6_100
0a759bbd-360c-3200-bebe-ba8028bfd598,Silicon,Elementary flows/emission/air/troposphere/rural,7.36489012042062e-11,kg,,,,no_factor_in_ipcc_ar6_100
f3fc617b-37c1-30cf-98c1-90db97d896cd,Acetaldehyde,Elementary flows/emission/water/fresh water body/river,6.032565399332885e-13,kg,,,,no_factor_in_ipcc_ar6_100
99ffd6af-a975-3a59-abf9-f301d386fd40,Zirconium-95,Elementary flows/emission/water/fresh water body/river,3.54077456807254e-12,kBq,,,,no_factor_in_ipcc_ar6_100
46e4a139-51ad-38f1-88b8-5b616c5d6bbf,Carbofuran,Elementary flows/emission/ground/human-dominated/agricultural,1.9458085868539704e-13,kg,,,,no_factor_in_ipcc_ar6_100
c7de4aea-e3ab-3a99-afce-640e99f774da,Acetic acid,Elementary flows/emission/air/troposphere/urban,6.207738734216452e-11,kg,,,,no_factor_in_ipcc_ar6_100
99ae0d5e-e9df-3b3b-bd31-c46ea0dfa695,Butam,Elementary flows/emission/ground/human-dominated/agricultural,1.3471708472842135e-14,kg,,,,no_factor_in_ipcc_ar6_100
f151286b-8286-30da-a312-b75217440245,"1,4-Butanediol",Elementary flows/emission/water/fresh water body/river,4.196608390217415e-16,kg,,,,no_factor_in_ipcc_ar6_100
b7f150b2-5381-3656-aed1-1e84c739cfaf,"Hydrocarbons, C9",Elementary flows/emission/air,3.9064221423125206e-17,kg,,,,no_factor_in_ipcc_ar6_100
84726b95-b352-3807-87c6-e6dd2165932c,Ammonium carbonate,Elementary flows/emission/air/troposphere/urban,2.387455309844471e-14,kg,,,,no_factor_in_ipcc_ar6_100
e7525f68-1c9a-3c4f-b416-7e47f86d931c,Thallium,Elementary flows/emission/water/fresh water body/river,4.141388410589221e-12,kg,,,,no_factor_in_ipcc_ar6_100
8247ce61-e8c3-378e-97c9-1bc905a8757e,Beryllium,Elementary flows/emission/ground/human-dominated/industrial,2.811246627718156e-17,kg,,,,no_factor_in_ipcc_ar6_100
829eea7a-ce85-32fe-85bb-d1a1ed0c66e4,Sulfuric acid,Elementary flows/emission/ground/human-dominated/agricultural,6.581646636724592e-17,kg,,,,no_factor_in_ipcc_ar6_100
43eb64cf-427f-3f05-a3a8-94ed3cd4dab9,Titanium,Elementary flows/emission/water/saline water body/ocean,1.7400737044665205e-13,kg,,,,no_factor_in_ipcc_ar6_100
87981912-bd56-3f4f-a02f-a691189d2d94,Cobalt-58,Elementary flows/emission/water/fresh water body/river,9.478925282548287e-05,kBq,,,,no_factor_in_ipcc_ar6_100
7b32f8e8-8b5f-3c58-b6d8-e85fc6a6202c,Fatty acids,Elementary flows/emission/water,2.7056823911120222e-17,kg,,,,no_factor_in_ipcc_ar6_100
90335842-d779-3053-b87c-f361b107ecee,Silicon,Elementary flows/emission/water/fresh water body/river,9.048322816336433e-10,kg,,,,no_factor_in_ipcc_ar6_100
602bf4f8-06e9-35ff-8850-415a09567a9e,Nitrite,Elementary flows/emission/water/fresh water body/river,2.447444552387312e-08,kg,,,,no_factor_in_ipcc_ar6_100
aeb4d82e-3cd4-3b2b-bfc8-1e681d93d211,Linuron,Elementary flows/emission/ground/human-dominated/agricultural,7.094361739858381e-13,kg,,,,no_factor_in_ipcc_ar6_100
21bb20b3-34dd-365e-8fbd-fc87f0cc0d7f,Plutonium-238,Elementary flows/emission/air/troposphere/rural,1.658178025726013e-11,kBq,,,,no_factor_in_ipcc_ar6_100
df190419-a7fe-369b-b491-af39376ee87f,Protactinium-234,Elementary flows/emission/air/troposphere/rural,8.974685821794108e-10,kBq,,,,no_factor_in_ipcc_ar6_100
b87444b4-112d-38c7-8759-e8d2dbb14a56,Volatile organic compounds,Elementary flows/emission/water/saline water body/ocean,1.3086595800119431e-09,kg,,,,no_factor_in_ipcc_ar6_100
561cda29-b34c-389e-940f-78d1cb4cc0f5,Ethylene,Elementary flows/emission/water/fresh water body/river,3.031918550602255e-11,kg,,,,no_factor_in_ipcc_ar6_100
6f9e4b15-50b2-3a3e-8464-fe2bc00448a2,Phosphorus compounds,Elementary flows/emission/water,6.795702348302297e-09,kg,,,,no_factor_in_ipcc_ar6_100
b3f99ce4-f109-3123-a1ce-74c92647a665,Bentazon,Elementary flows/emission/ground/human-dominated/agricultural,4.69768654433857e-14,kg,,,,no_factor_in_ipcc_ar6_100
b94c31ee-5cae-34f5-b879-451a00583bd8,Scandium,Elementary flows/emission/air/troposphere/rural,1.1890385875071421e-14,kg,,,,no_factor_in_ipcc_ar6_100
6efd0c96-80fd-3387-9e04-88d2289d150d,Methyl tert-butyl ether,Elementary flows/emission/water/fresh water body/river,2.5100907506930423e-15,kg,,,,no_factor_in_ipcc_ar6_100
c3b52197-30a7-3307-a440-919f11f5289d,Cobalt-60,Elementary flows/emission/water/fresh water body/river,0.0002568310158454002,kBq,,,,no_factor_in_ipcc_ar6_100
e4880292-290b-3cb1-8f3e-ddeaf523aeb5,Chloroform,Elementary flows/emission/water/fresh water body/river,7.150045242281052e-15,kg,,,,no_factor_in_ipcc_ar6_100
3eca9988-2e2e-3c65-8628-f129ba160c26,Barium,Elementary flows/emission/ground/human-dominated/agricultural,1.46894499715189e-13,kg,,,,no_factor_in_ipcc_ar6_100
ce912add-75e8-3da1-b8ed-45b0000e3c9d,Bromine,Elementary flows/emission/water/subterranean,1.8851378509273815e-11,kg,,,,no_factor_in_ipcc_ar6_100
d3c3b117-baa6-3457-953a-00a731a84f32,Propylene,Elementary flows/emission/air/troposphere/rural,2.1961398514814127e-07,kg,,,,no_factor_in_ipcc_ar6_100
a8c9ce85-0c32-3703-b656-e25d81fa79ef,Uranium,Elementary flows/emission/water/fresh water body/river,1.7580080630256145e-05,kg,,,,no_factor_in_ipcc_ar6_100
a37ab01d-fc59-3b10-8400-59d4a94d7bd5,Radium-226,Elementary flows/emission/air/troposphere/rural,1.7405428950598813e-05,kBq,,,,no_factor_in_ipcc_ar6_100
20d29f58-853a-32d2-83b2-1aec8c85205d,Copper,Elementary flows/emission/air/troposphere/urban,2.5168545628326502e-11,kg,,,,no_factor_in_ipcc_ar6_100
83ad8bbb-6e80-3645-af9d-cf82127eb98d,Iodine-135,Elementary flows/emission/air/troposphere/rural,2.2210490713311458e-12,kBq,,,,no_factor_in_ipcc_ar6_100
696bd7f7-551c-3a92-b203-9ac11066e830,Glutaraldehyde,Elementary flows/emission/water/saline water body/ocean,5.005528999849135e-12,kg,,,,no_factor_in_ipcc_ar6_100
f256c858-3a28-3152-abf4-dda9834be365,Niobium-95,Elementary flows/emission/water/fresh water body/river,1.9558263630231643e-11,kBq,,,,no_factor_in_ipcc_ar6_100
9f2b8e30-145b-30c5-a476-dcda99b6376e,Phosphorus,Elementary flows/emission/ground/human-dominated/agricultural,6.110509273463598e-12,kg,,,,no_factor_in_ipcc_ar6_100
80849dcd-77d8-320a-b90f-362b600e1fb1,Hydrogen,Elementary flows/emission/air/troposphere/urban,6.74752933166871e-08,MJ,,,,no_factor_in_ipcc_ar6_100
ba35c59f-b010-32fb-a436-72cfe62f0cde,Magnesium,Elementary flows/emission/water/fresh water body/river,1.832917977567332e-05,kg,,,,no_factor_in_ipcc_ar6_100
ee364994-1097-31c1-8300-561fcd740fbf,Xenon-138,Elementary flows/emission/air/troposphere/rural,0.17645020671441913,kBq,,,,no_factor_in_ipcc_ar6_100
104d992d-2ada-35c1-8987-0ece6de7d336,Total Organic Carbon,Elementary flows/emission/water/fresh water body/river,6.114048432709938e-07,kg,,,,no_factor_in_ipcc_ar6_100
7b680a77-1b47-3ad7-8add-9eb584e4d38a,Acenaphthene,Elementary flows/emission/water/fresh water body/river,5.09090606404078e-14,kg,,,,no_factor_in_ipcc_ar6_100
350e4f9b-bf82-3569-b54c-5b66cc90871b,Ethylene oxide,Elementary flows/emission/air/troposphere/rural,2.810461576478061e-16,kg,,,,no_factor_in_ipcc_ar6_100
06ecdda2-5e92-395d-a6ed-abf54fd7eb2a,Protactinium-234,Elementary flows/emission/water/fresh water body/river,3.7180317855568376e-06,kBq,,,,no_factor_in_ipcc_ar6_100
a80a8429-fa84-39fc-a74f-deee2989a496,Platinum,Elementary flows/emission/air/troposphere/rural,7.179275745149332e-18,kg,,,,no_factor_in_ipcc_ar6_100
98b4a1e7-bda4-31ef-a1ae-45edc475eb5a,Cobalt compounds,Elementary flows/emission/ground,3.243942625533146e-09,kg,,,,no_factor_in_ipcc_ar6_100
85021539-a132-31c3-baab-dd917b42529e,Tin,Elementary flows/emission/water/fresh water body/river,1.1898019058777707e-13,kg,,,,no_factor_in_ipcc_ar6_100
0046966e-c72b-3196-bd08-b3786824ff1a,Glyphosate,Elementary flows/emission/ground/human-dominated/industrial,9.044112282303806e-13,kg,,,,no_factor_in_ipcc_ar6_100
4058f173-6364-3924-b794-e821cc1ab514,Acrylic acid,Elementary flows/emission/air/troposphere/urban,5.0761731173406597e-14,kg,,,,no_factor_in_ipcc_ar6_100
3e031fbc-e13a-3bbc-b5f7-1e31a9159bd0,Titanium,Elementary flows/emission/air/troposphere/urban,4.5067946668828285e-12,kg,,,,no_factor_in_ipcc_ar6_100
bb5bb72b-7c4d-39a9-a8b5-7ca605798f21,Formaldehyde,Elementary flows/emission/water/fresh water body/river,2.9198368304224567e-13,kg,,,,no_factor_in_ipcc_ar6_100
e51c28da-6aed-3890-8b5d-cd5117fd3783,Styrene,Elementary flows/emission/air/troposphere/urban,4.02260186677199e-13,kg,,,,no_factor_in_ipcc_ar6_100
5711af0f-4081-3d2a-b588-edf0bb0ce524,Copper,Elementary flows/emission/air/troposphere/rural,3.261460334865488e-11,kg,,,,no_factor_in_ipcc_ar6_100
6d05227d-4a8f-3055-94e4-7a66b8aa7509,Radium-228,Elementary flows/emission/air/troposphere/urban,1.983259161838517e-10,kBq,,,,no_factor_in_ipcc_ar6_100
308771e9-b818-3664-b62c-1169270e6c40,Silver,Elementary flows/emission/air/troposphere/rural,1.3005767129141074e-10,kg,,,,no_factor_in_ipcc_ar6_100
b8cbdc2b-b86f-3f80-b7ba-f126b5f29152,Barite,Elementary flows/emission/water/saline water body/ocean,4.0544763470557425e-08,kg,,,,no_factor_in_ipcc_ar6_100
f4fc596c-8411-3074-9c90-86fb8a037607,Thallium,Elementary flows/emission/air/troposphere/urban,4.97312001162558e-15,kg,,,,no_factor_in_ipcc_ar6_100
6c33727d-6bfe-3bf3-8c4b-68b1edec0dc3,Iodine-131,Elementary flows/emission/air/troposphere/rural,0.0014803759174530774,kBq,,,,no_factor_in_ipcc_ar6_100
35bc092a-c8e0-36d2-b0f5-4bbfd7eae698,Radium-224,Elementary flows/emission/water/fresh water body/river,4.0923723555574865e-07,kBq,,,,no_factor_in_ipcc_ar6_100
efe07500-80f4-343b-b94c-d4672842e6f3,Carbon monoxide,Elementary flows/emission/air/stratosphere,3.459007195278353e-14,kg,,,,no_factor_in_ipcc_ar6_100
8bdfe0ee-9010-3dca-8f0b-9e02dafa9c37,Chromium,Elementary flows/emission/air/troposphere/urban,4.023051161562057e-12,kg,,,,no_factor_in_ipcc_ar6_100
d6ad5f7f-7c9d-34eb-abbb-034d9e02344b,Tributyltin Compounds,Elementary flows/emission/water/saline water body/ocean,1.1766114846281022e-11,kg,,,,no_factor_in_ipcc_ar6_100
3b6e631a-863f-39f6-8c06-4c2da3430d8a,Formic acid,Elementary flows/emission/air/troposphere/urban,1.140421573771177e-13,kg,,,,no_factor_in_ipcc_ar6_100
4fb1cdd9-5b90-32a1-a7a7-845c3f570499,"Energy, heat",Elementary flows/emission/ground/human-dominated/industrial,6.288832806675234e-08,MJ,,,,no_factor_in_ipcc_ar6_100
888f083d-d124-3db9-8075-47a78d5728f9,Xenon-133m,Elementary flows/emission/air/troposphere/rural,0.02214596729229705,kBq,,,,no_factor_in_ipcc_ar6_100
4216c293-256c-370b-b2fd-a4224eccc03d,Volatile organic compounds,Elementary flows/emission/air/stratosphere,6.272525759244703e-15,kg,,,,no_factor_in_ipcc_ar6_100
5bde5e60-ad3c-3fd3-a4a2-90444cafd80d,Ruthenium-103,Elementary flows/emission/air/troposphere/rural,6.473343913629063e-16,kBq,,,,no_factor_in_ipcc_ar6_100
5adde311-c59c-3352-bb21-3fea9a01aa19,Magnesium,Elementary flows/emission/water/subterranean,1.2497256875623717e-08,kg,,,,no_factor_in_ipcc_ar6_100
ca4200c4-ad5c-375d-9fb9-6bd82bcf6a40,Lead,Elementary flows/emission/water/fresh water body/river,2.7260059945075618e-11,kg,,,,no_factor_in_ipcc_ar6_100
f8751203-0077-3056-83ee-aa69b7e6c754,Chlorobenzene,Elementary flows/emission/water/fresh water body/river,2.913388594385396e-12,kg,,,,no_factor_in_ipcc_ar6_100
cdcf8dd2-75fa-37e7-a679-ae1de7851aae,Formaldehyde,Elementary flows/emission/air/troposphere/urban,4.984480394734099e-11,kg,,,,no_factor_in_ipcc_ar6_100
c9f4e225-8b82-37db-8ba6-625eb87333ed,Arsenic,Elementary flows/emission/ground/human-dominated/industrial,9.836709268210915e-10,kg,,,,no_factor_in_ipcc_ar6_100
5f90bdca-cd2a-354f-a8bc-cf9f4fb6ba34,Bromate,Elementary flows/emission/water/fresh water body/river,2.097522463635187e-11,kg,,,,no_factor_in_ipcc_ar6_100
52fd87c5-d8a7-3715-a212-9a05e7f4cf1d,Cesium-136,Elementary flows/emission/water/fresh water body/river,5.759644274405329e-13,kBq,,,,no_factor_in_ipcc_ar6_100
5e4b1988-9223-3c28-8c1c-6c42a9b0eb03,Propylene oxide,Elementary flows/emission/air/troposphere/urban,2.1601938749324117e-11,kg,,,,no_factor_in_ipcc_ar6_100
b3590800-2aa5-33cc-a7bf-cc493ca4076e,Nickel,Elementary flows/emission/air/troposphere/urban,8.299189365202488e-11,kg,,,,no_factor_in_ipcc_ar6_100
a1605b68-bd20-3e9c-891e-6f5aae55d731,Benomyl,Elementary flows/emission/ground/human-dominated/agricultural,3.549231722354263e-16,kg,,,,no_factor_in_ipcc_ar6_100
51b0c1cb-31f8-3729-972a-1da393ebd2f6,Acetaldehyde,Elementary flows/emission/air/troposphere/urban,8.529924816924696e-07,kg,,,,no_factor_in_ipcc_ar6_100
013a8443-33d4-355a-9fdf-83bd7cf71121,Cerium-144,Elementary flows/emission/water/fresh water body/river,9.879490364473277e-13,kBq,,,,no_factor_in_ipcc_ar6_100
a4b19d0f-8e4f-3419-a9b5-a0aa92225aec,Beta Cypermethrin,Elementary flows/emission/ground/human-dominated/agricultural,2.7845834802696053e-14,kg,,,,no_factor_in_ipcc_ar6_100
df982968-ae07-391d-9960-2888fb4d585a,Cerium-141,Elementary flows/emission/water/fresh water body/river,3.2451718297596314e-12,kBq,,,,no_factor_in_ipcc_ar6_100
5f1d610b-b494-3eae-9646-0fec609166b8,Manganese-54,Elementary flows/emission/water/fresh water body/river,3.3959042417226176e-05,kBq,,,,no_factor_in_ipcc_ar6_100
cc61426c-8d18-3085-a056-d6828bc4cfdf,Pentane,Elementary flows/emission/air/troposphere/urban,1.414844840946863e-08,kg,,,,no_factor_in_ipcc_ar6_100
15c00b8d-352f-381b-80dd-33a83fc83956,Polycyclic aromatic hydrocarbons,Elementary flows/emission/water/fresh water body/river,1.4260568037758942e-10,kg,,,,no_factor_in_ipcc_ar6_100
21088c80-53d2-3cd4-9533-cf94aed3d7b9,1-Butene,Elementary flows/emission/air/troposphere/urban,2.6809382617187748e-09,kg,,,,no_factor_in_ipcc_ar6_100
c13e3fa3-bbee-34d1-a859-402b6fce6cb0,Chloride,Elementary flows/emission/water/subterranean,1.0130094446645138e-07,kg,,,,no_factor_in_ipcc_ar6_100
efbbe51b-77b4-3d1b-b8bb-d46d4cfb77f1,Thorium-228,Elementary flows/emission/air/troposphere/rural,1.264390564346647e-10,kBq,,,,no_factor_in_ipcc_ar6_100
33abe65e-f53b-360f-98c5-8ecd838f8119,Sulfuric acid,Elementary flows/emission/air/troposphere/urban,8.904389311581915e-09,kg,,,,no_factor_in_ipcc_ar6_100
6c0c25ac-f2ad-32a8-954d-38b0d74e2769,Phenol,Elementary flows/emission/air/troposphere/urban,2.0644975791631873e-12,kg,,,,no_factor_in_ipcc_ar6_100
a0144424-e240-3024-8e8f-664be2271ef3,Dissolved Organic Carbon,Elementary flows/emission/water/saline water body/ocean,1.2804482888270062e-07,kg,,,,no_factor_in_ipcc_ar6_100
df0c9e35-c0a4-3d3f-af0b-e0906d527f97,Chlorothalonil,Elementary flows/emission/ground/human-dominated/agricultural,1.8532319658937443e-13,kg,,,,no_factor_in_ipcc_ar6_100
919666cc-3aa4-3706-b883-2d25484d4532,Benzoic acid,Elementary flows/emission/water,2.2828627324837425e-10,kg,,,,no_factor_in_ipcc_ar6_100
c6cde609-8b8a-3d35-943f-fcfc590ea123,Selenium,Elementary flows/emission/water/subterranean,5.320357704078716e-12,kg,,,,no_factor_in_ipcc_ar6_100
d84f63cc-444b-3ee8-85c3-7b08bd9baf4c,Sulfur,Elementary flows/emission/water/fresh water body/river,1.997707268505854e-09,kg,,,,no_factor_in_ipcc_ar6_100
eb3d0d34-4acb-314c-9ef0-aa220f81bfed,Sulfate,Elementary flows/emission/water/fresh water body/river,4.0691316197184014e-08,kg,,,,no_factor_in_ipcc_ar6_100
b0b936bb-4002-3d21-9895-8be42ae4a458,Glyphosate,Elementary flows/emission/ground/human-dominated/agricultural,5.07384907502398e-09,kg,,,,no_factor_in_ipcc_ar6_100
d956f51e-b89d-3fff-9dc0-bcd7d33f36f8,Barium,Elementary flows/emission/water/subterranean,3.96334204342982e-10,kg,,,,no_factor_in_ipcc_ar6_100
0325ab48-75aa-3cb8-bc77-f71192ba9e1d,Water,Elementary flows/emission/air/troposphere/urban,3.336592336776715e-13,kg,,,,no_factor_in_ipcc_ar6_100
5e3fad45-b64b-3754-b56e-43b98f0d08c9,Barium,Elementary flows/emission/ground/human-dominated/industrial,2.6753954475527534e-09,kg,,,,no_factor_in_ipcc_ar6_100
583cfbf3-e4c8-38da-827b-2aced8123a8f,Hexanoic acid,Elementary flows/emission/water,4.722694239511459e-11,kg,,,,no_factor_in_ipcc_ar6_100
aa0db38e-5e6f-3022-97f5-c42d16536203,Bromine,Elementary flows/emission/air/troposphere/urban,5.019665097644042e-13,kg,,,,no_factor_in_ipcc_ar6_100
11c56de9-9e60-3c6f-ba93-f15b9a3a5f3d,Zinc compounds,Elementary flows/emission/ground,4.8928227526095025e-08,kg,,,,no_factor_in_ipcc_ar6_100
04f00b74-6e02-3050-8798-9a2230198793,Cadmium,Elementary flows/emission/air/troposphere/urban,7.101666132078737e-12,kg,,,,no_factor_in_ipcc_ar6_100
936cc363-3891-3b53-a847-0c17dfb90a60,Chlorine,Elementary flows/emission/air/troposphere/urban,1.0762638467155512e-10,kg,,,,no_factor_in_ipcc_ar6_100
f1d18e99-27b0-3c0d-bf13-363071400545,Thorium-234,Elementary flows/emission/air/troposphere/rural,9.352938754971072e-10,kBq,,,,no_factor_in_ipcc_ar6_100
50751b5f-5846-3381-897e-a4e2c4bc6b5e,Furan,Elementary flows/emission/air/troposphere/rural,3.1520398661755524e-13,kg,,,,no_factor_in_ipcc_ar6_100
2fd5c003-8899-3ca9-8a6b-36460dfea0d1,Formic acid,Elementary flows/emission/air/troposphere/rural,1.1100570194756861e-12,kg,,,,no_factor_in_ipcc_ar6_100
0daf51aa-16a5-3c03-a62d-e36f706d0077,Platinum,Elementary flows/emission/air/troposphere/urban,1.5793344449390714e-18,kg,,,,no_factor_in_ipcc_ar6_100
59691a23-7a93-38f0-8e35-9244a0150a42,Cumene,Elementary flows/emission/air/troposphere/urban,3.2654879635008905e-11,kg,,,,no_factor_in_ipcc_ar6_100
c8054762-bd3a-3112-a0e1-e0890fb460aa,Particulate matter,Elementary flows/emission/air/indoor,5.72020672557552e-18,kg,,,,no_factor_in_ipcc_ar6_100
93d28cfb-bea6-3f4d-bc37-38ee6134b74d,Pentane,Elementary flows/emission/air/troposphere/rural,6.276497146250871e-06,kg,,,,no_factor_in_ipcc_ar6_100
13335c79-b858-3678-93c9-26c7d3ee6f71,Methyl formate,Elementary flows/emission/air/troposphere/urban,2.2337601914752054e-16,kg,,,,no_factor_in_ipcc_ar6_100
ca82f881-6699-3db1-9bed-eb6eb54bd49f,Metribuzin,Elementary flows/emission/air/troposphere/rural,9.79119303760369e-12,kg,,,,no_factor_in_ipcc_ar6_100
45918aba-0a43-359b-8ae0-033ecf560d56,Hypochlorite,Elementary flows/emission/water/fresh water body/river,5.943183264330035e-12,kg,,,,no_factor_in_ipcc_ar6_100
2fcb094f-eac0-30cc-89bd-61f9bfb5611e,Xenon-137,Elementary flows/emission/air/troposphere/rural,0.1606840618114681,kBq,,,,no_factor_in_ipcc_ar6_100
a657175f-4b1d-38ce-9106-8510b3a0fc38,Trifluralin,Elementary flows/emission/air/troposphere/rural,1.0851038963037175e-10,kg,,,,no_factor_in_ipcc_ar6_100
06a6f808-a80d-3dcf-9c7c-7e4ce07d04ce,Glyphosate,Elementary flows/emission/air/troposphere/rural,2.3628595876358465e-09,kg,,,,no_factor_in_ipcc_ar6_100
c6914545-975c-3479-9e13-8af7d6f531d4,Mercury,Elementary flows/emission/air/troposphere/urban,6.962228278464428e-13,kg,,,,no_factor_in_ipcc_ar6_100
0605a5f1-5a42-37a3-a923-97ca63d2fd9a,Thorium-230,Elementary flows/emission/water/fresh water body/river,0.0005272205911381725,kBq,,,,no_factor_in_ipcc_ar6_100
753416eb-b6d7-3096-94c1-3c2513ce91af,Sodium hydroxide,Elementary flows/emission/air/troposphere/urban,5.091310785934248e-13,kg,,,,no_factor_in_ipcc_ar6_100
e62f512f-3a7b-3868-8c81-d69469c3fc83,Cobalt,Elementary flows/emission/air/troposphere/rural,1.4961476571914427e-12,kg,,,,no_factor_in_ipcc_ar6_100
39957353-ec06-3aca-8f9b-b2d10a8fc0e4,Acetic acid,Elementary flows/emission/water/fresh water body/river,1.8180401178759413e-10,kg,,,,no_factor_in_ipcc_ar6_100
00f7dc42-e301-35cd-a703-9b6a759629ee,Radium-226,Elementary flows/emission/air/troposphere/urban,3.671051942767079e-11,kBq,,,,no_factor_in_ipcc_ar6_100
517beca8-b5b6-3f4c-9637-da07520e9c78,Benzene,Elementary flows/emission/water/fresh water body/river,1.236567420488984e-06,kg,,,,no_factor_in_ipcc_ar6_100
3f7a2b08-4893-3c84-8476-699f1c16d67b,Sodium dichromate,Elementary flows/emission/air/troposphere/urban,1.1142452314020768e-13,kg,,,,no_factor_in_ipcc_ar6_100
9bb3f481-f731-31ce-b2a2-5672a0f50d13,Hydrogen sulfide,Elementary flows/emission/water/fresh water body/river,6.138633558355855e-12,kg,,,,no_factor_in_ipcc_ar6_100
59ec2b97-2b13-3c72-bb32-c2d7750d53e0,Lanthanum-140,Elementary flows/emission/water/fresh water body/river,8.645003720287351e-12,kBq,,,,no_factor_in_ipcc_ar6_100
5e11929c-7e22-36f2-9448-577208796bb7,Thallium,Elementary flows/emission/air/troposphere/rural,2.536575965401155e-15,kg,,,,no_factor_in_ipcc_ar6_100
df9103a2-2633-3976-8a08-4f8a44695732,Methanol,Elementary flows/emission/water/saline water body/ocean,1.876866155550666e-12,kg,,,,no_factor_in_ipcc_ar6_100
f2e25d90-f04c-3ffa-b5a2-e6a1b0efd19b,Biological Oxygen Demand,Elementary flows/emission/water/fresh water body/river,2.040176824277064e-06,kg,,,,no_factor_in_ipcc_ar6_100
6df1680b-9013-3438-acc1-33da85b2959d,Potassium-40,Elementary flows/emission/water/fresh water body/river,1.6012074703355624e-09,kBq,,,,no_factor_in_ipcc_ar6_100
a7cb7505-ab01-3ba3-a978-01a86178a4e3,Selenium,Elementary flows/emission/water/saline water body/ocean,1.1456766112157598e-12,kg,,,,no_factor_in_ipcc_ar6_100
9d11dd17-1d91-320b-b731-f67c2a88bbe7,Zinc-65,Elementary flows/emission/air/troposphere/rural,1.2393187026781463e-13,kBq,,,,no_factor_in_ipcc_ar6_100
5ce24ff7-4835-3233-9ff9-5faf1106f11e,Thorium-230,Elementary flows/emission/air/troposphere/rural,5.020543468931001e-06,kBq,,,,no_factor_in_ipcc_ar6_100
719ffe0c-fb7d-35c5-a334-0c86f0a7b35c,Propylene oxide,Elementary flows/emission/water/fresh water body/river,5.197621849410388e-11,kg,,,,no_factor_in_ipcc_ar6_100
169584c1-f939-3fc7-b67d-c93f601bb528,Krypton-89,Elementary flows/emission/air/troposphere/rural,5.794024597007785e-09,kBq,,,,no_factor_in_ipcc_ar6_100
852db8dc-c17c-3dc2-9529-2a053d395237,Argon-41,Elementary flows/emission/air/troposphere/rural,0.029830058544309996,kBq,,,,no_factor_in_ipcc_ar6_100
874e75b4-fa53-3ec5-90b5-2ab2951e9816,Iodine-129,Elementary flows/emission/air/troposphere/rural,1.3779073636147423e-06,kBq,,,,no_factor_in_ipcc_ar6_100
f794cbf8-c30a-3cd4-a4f0-cb5100bff16c,Bromine,Elementary flows/emission/water/fresh water body/river,5.792008116379205e-09,kg,,,,no_factor_in_ipcc_ar6_100
d479b9e4-cbf4-3e79-b814-754c6bf6a127,Toluene,Elementary flows/emission/water/fresh water body/river,7.403378439129555e-07,kg,,,,no_factor_in_ipcc_ar6_100
47806aa0-c618-371b-babd-5c71835834c6,Barium-140,Elementary flows/emission/air/troposphere/rural,3.1198819125013645e-12,kBq,,,,no_factor_in_ipcc_ar6_100
c4c85414-ca31-3dc5-977a-4e06efd6e4cf,Terpenes,Elementary flows/emission/air/troposphere/rural,1.3830673615115618e-13,kg,,,,no_factor_in_ipcc_ar6_100
022be312-8136-3a9e-8bd0-304ae4a7a01c,Hypochlorite,Elementary flows/emission/water/saline water body/ocean,6.033662035203816e-12,kg,,,,no_factor_in_ipcc_ar6_100
dd5f2d33-a0dc-3ae3-8838-c003e83feb66,Tin,Elementary flows/emission/air/troposphere/urban,2.167613586148885e-14,kg,,,,no_factor_in_ipcc_ar6_100
d53f3aac-465f-341c-ac4e-2644e632466b,Acetone,Elementary flows/emission/air/troposphere/urban,3.245569919206954e-11,kg,,,,no_factor_in_ipcc_ar6_100
2d6ad8a3-2e52-39c0-ba55-d9ad379705cb,Propylene glycol,Elementary flows/emission/water,4.0554530217378234e-07,kg,,,,no_factor_in_ipcc_ar6_100
632b59d5-bca6-3d75-975f-58d1e47e8b81,Ethanol,Elementary flows/emission/air/troposphere/urban,1.711985736407734e-11,kg,,,,no_factor_in_ipcc_ar6_100
360d70c9-e61c-3a37-b388-9f8e6e653ddd,Sulfate,Elementary flows/emission/air/troposphere/rural,2.2373655325889044e-16,kg,,,,no_factor_in_ipcc_ar6_100
ef1d971c-5a07-35f6-a820-a19a349b7f1f,Cesium,Elementary flows/emission/water/fresh water body/river,8.184716184356767e-12,kg,,,,no_factor_in_ipcc_ar6_100
3d0931ce-f5d6-3659-8ba0-60c97027c7f6,Ethylene oxide,Elementary flows/emission/water/fresh water body/river,5.729629100296585e-14,kg,,,,no_factor_in_ipcc_ar6_100
dbb9b81a-5484-37ec-82b1-284b3f7819e1,Ozone,Elementary flows/emission/air/troposphere/urban,1.0924905916169356e-13,kg,,,,no_factor_in_ipcc_ar6_100
2f2ad6e9-8c20-364d-85cc-7e4411fc5971,Beryllium,Elementary flows/emission/water/saline water body/ocean,3.55715552261251e-17,kg,,,,no_factor_in_ipcc_ar6_100
769cfe1e-7731-300e-b553-a77611bafe6b,Iodide,Elementary flows/emission/water/fresh water body/river,8.19053002118201e-10,kg,,,,no_factor_in_ipcc_ar6_100
158f69c2-3be2-3354-bed0-69806b3a9c5d,Vanadium,Elementary flows/emission/air/troposphere/urban,2.041498036226394e-10,kg,,,,no_factor_in_ipcc_ar6_100
26f3b390-5149-3629-b81b-d2e990a42e6e,1-Butene,Elementary flows/emission/water/fresh water body/river,8.103841695812049e-14,kg,,,,no_factor_in_ipcc_ar6_100
3080323a-08ec-39b6-9c46-de8ea3f02a66,Sodium formate,Elementary flows/emission/water/fresh water body/river,7.021661635144183e-15,kg,,,,no_factor_in_ipcc_ar6_100
fc47d1b0-dd2c-3200-aab5-cd0fb47792de,Thorium-232,Elementary flows/emission/air/troposphere/urban,3.388458827498756e-11,kBq,,,,no_factor_in_ipcc_ar6_100
9a074231-cad8-3752-bcef-9cedb24aa4bb,Silicon,Elementary flows/emission/ground/human-dominated/agricultural,6.019797511148684e-11,kg,,,,no_factor_in_ipcc_ar6_100
c8443f2f-9335-330a-9dfc-37dbbde00342,Krypton-85m,Elementary flows/emission/air/troposphere/rural,0.24155420751429962,kBq,,,,no_factor_in_ipcc_ar6_100
f4a3d424-4de2-3635-ad05-e4b3338ba2c4,Ethanol,Elementary flows/emission/air/troposphere/rural,1.7014003466389213e-06,kg,,,,no_factor_in_ipcc_ar6_100
587f31ed-de6a-3b24-8944-610a9d138a10,Iron-59,Elementary flows/emission/water/fresh water body/river,1.4008824704707843e-12,kBq,,,,no_factor_in_ipcc_ar6_100
b89e297f-45b4-3d85-8f5e-86f794b4934a,Iodine-133,Elementary flows/emission/water/fresh water body/river,5.095499782343612e-12,kBq,,,,no_factor_in_ipcc_ar6_100
216251bf-ae8c-3bfe-a390-8545d3c096a2,Xenon-135,Elementary flows/emission/air/troposphere/rural,0.8843091639301449,kBq,,,,no_factor_in_ipcc_ar6_100
4a8860b7-b3c2-3d6b-9b0b-af321725c77d,Barium,Elementary flows/emission/air/troposphere/rural,6.947751010871426e-07,kg,,,,no_factor_in_ipcc_ar6_100
f6c4c10c-4fda-34d0-a6bb-3923a034c26a,Antimony-122,Elementary flows/emission/water/fresh water body/river,1.8529734430978744e-12,kBq,,,,no_factor_in_ipcc_ar6_100
7f780ae0-df04-38f7-9589-a578bbe7043b,Hydrogen peroxide,Elementary flows/emission/air/troposphere/urban,1.3652058254240336e-13,kg,,,,no_factor_in_ipcc_ar6_100
8620cab3-d5b5-33ac-b25f-6e5cc9d247ec,Molybdenum-99,Elementary flows/emission/water/fresh water body/river,2.9805722148771755e-12,kBq,,,,no_factor_in_ipcc_ar6_100
773523ec-6816-35c1-82d0-1218f8752aed,Xenon-135m,Elementary flows/emission/air/troposphere/rural,0.047955442414406024,kBq,,,,no_factor_in_ipcc_ar6_100
6276ed41-6804-39fe-93ae-339e0a5d6eea,Phenol,Elementary flows/emission/water/fresh water body/river,6.669314676445219e-10,kg,,,,no_factor_in_ipcc_ar6_100
a0155a16-4963-397a-938f-3bf53ff42e2c,Styrene,Elementary flows/emission/air/troposphere/rural,2.130390483928783e-12,kg,,,,no_factor_in_ipcc_ar6_100
ee416bf3-f3cf-360a-a270-7ee63e51348e,Thorium-228,Elementary flows/emission/air/troposphere/urban,1.6825779660651854e-11,kBq,,,,no_factor_in_ipcc_ar6_100
15bc7779-105a-334a-b964-3daead05cc90,Mercury,Elementary flows/emission/water/fresh water body/river,1.330269019132631e-13,kg,,,,no_factor_in_ipcc_ar6_100
95c6c2dd-6801-3470-b539-d932657c5a49,Tritium,Elementary flows/emission/water/subterranean,5.4901767292275864e-18,kBq,,,,no_factor_in_ipcc_ar6_100
46b3e3a9-426c-3669-adf1-8118bc9e2350,Polonium-210,Elementary flows/emission/air/troposphere/rural,5.025162237365532e-06,kBq,,,,no_factor_in_ipcc_ar6_100
9fa3fc5e-725e-3083-bc3e-792b1eed6957,Water,Elementary flows/emission/water/fresh water body/river,1228.164248110819,kg,,,,no_factor_in_ipcc_ar6_100
e0f912d4-3d52-3374-baf7-3551f37880d1,Chlorate,Elementary flows/emission/water/fresh water body/river,1.7021357161735402e-10,kg,,,,no_factor_in_ipcc_ar6_100
93f2d00e-e123-3fa7-826d-23c4450d949f,Metolachlor,Elementary flows/emission/air/troposphere/rural,2.4669000341433618e-11,kg,,,,no_factor_in_ipcc_ar6_100
6fdd75af-f0f6-3afb-aad4-ad3d4db59d58,Nitrate,Elementary flows/emission/air/troposphere/urban,1.0599722749944574e-13,kg,,,,no_factor_in_ipcc_ar6_100
58663fe3-fbc2-3120-bc9f-ca705f5d1c1d,Isopropanol,Elementary flows/emission/air/troposphere/urban,1.961974997883546e-11,kg,,,,no_factor_in_ipcc_ar6_100
378f29e0-5eee-34dc-bda0-36fa2372aca8,Antimony,Elementary flows/emission/ground/human-dominated/agricultural,9.861142021046535e-17,kg,,,,no_factor_in_ipcc_ar6_100
016408d1-04fa-36a1-babb-0424a77dd8b5,Triethylene glycol,Elementary flows/emission/water/saline water body/ocean,1.5647205970173929e-12,kg,,,,no_factor_in_ipcc_ar6_100
7a94b643-c0f9-39be-9075-17994775e385,Carbon-14,Elementary flows/emission/air/troposphere/rural,0.04033720763216583,kBq,,,,no_factor_in_ipcc_ar6_100
30d318c7-a745-3287-b076-d41085339692,Acetonitrile,Elementary flows/emission/air/troposphere/rural,1.659680833813874e-13,kg,,,,no_factor_in_ipcc_ar6_100
146cb9b8-f052-3282-8ffd-69f0abac2fd4,Sodium,Elementary flows/emission/air/troposphere/rural,2.4740180130647015e-12,kg,,,,no_factor_in_ipcc_ar6_100
ed48350f-9de4-3995-b6cb-1fa4a612c0e5,Methanol,Elementary flows/emission/air/troposphere/urban,2.5717363493391272e-11,kg,,,,no_factor_in_ipcc_ar6_100
7e1448f4-4b82-3671-824c-a599cebf9849,Lead-210,Elementary flows/emission/water/fresh water body/river,1.2755448423848088e-09,kBq,,,,no_factor_in_ipcc_ar6_100
f74d6545-bda1-3d05-811e-3dc8a534162c,Bromine,Elementary flows/emission/water/saline water body/ocean,2.617333280717287e-09,kg,,,,no_factor_in_ipcc_ar6_100
89b60c0c-c797-3b03-a1a4-c5a2b5e4531e,Uranium-234,Elementary flows/emission/water/fresh water body/river,0.0002132313538849916,kBq,,,,no_factor_in_ipcc_ar6_100
1b65da49-ad9e-3838-947b-7a6dea89854c,Sodium chlorate,Elementary flows/emission/air/troposphere/urban,1.7913188585559864e-13,kg,,,,no_factor_in_ipcc_ar6_100
be30a83d-8a35-3325-9d73-b5028bea5db5,Ammonia,Elementary flows/emission/air/troposphere/urban,2.1732647161750604e-10,kg,,,,no_factor_in_ipcc_ar6_100
2bb65786-7531-3dd0-aea9-7ff293715ea3,Polonium-210,Elementary flows/emission/water/fresh water body/river,1.2755448423848088e-09,kBq,,,,no_factor_in_ipcc_ar6_100
a5947091-71e1-3a4c-8062-d4e823205a07,Cresol,Elementary flows/emission/water/saline water body/ocean,1.996096065426719e-18,kg,,,,no_factor_in_ipcc_ar6_100
cffe45a0-1b6a-3d0d-8589-6582510993c9,Cobalt-58,Elementary flows/emission/air/troposphere/rural,6.166731787973799e-07,kBq,,,,no_factor_in_ipcc_ar6_100
7b5601ee-a0d5-3a58-9708-a61627b6e412,Acetylene,Elementary flows/emission/air/troposphere/rural,4.118687836625805e-12,kg,,,,no_factor_in_ipcc_ar6_100
c83b0072-8b77-3ca5-8235-797c1d287204,Isoprene,Elementary flows/emission/air/troposphere/rural,1.4626792603795563e-14,kg,,,,no_factor_in_ipcc_ar6_100
c76b4fb2-1433-3a58-9a1e-5328392ea5bd,Magnesium,Elementary flows/emission/ground/human-dominated/agricultural,2.2699391908872295e-11,kg,,,,no_factor_in_ipcc_ar6_100
c27652e2-e181-395a-a293-7b4b05b65ee2,Potassium,Elementary flows/emission/air/troposphere/rural,5.063652983140695e-12,kg,,,,no_factor_in_ipcc_ar6_100
6d18c85a-c0a8-337f-902f-6f439b361cf3,Silver-110,Elementary flows/emission/air/troposphere/rural,6.41553529249015e-15,kBq,,,,no_factor_in_ipcc_ar6_100
8009ecaf-66da-3133-abc8-ca6929d1de45,"Suspended solids, inorganic",Elementary flows/emission/water/fresh water body/river,1.4759226308215895e-08,kg,,,,no_factor_in_ipcc_ar6_100
3ff2eb79-f080-3e5b-af73-35b6e09cf405,Cobalt,Elementary flows/emission/air/troposphere/urban,7.75915628303303e-12,kg,,,,no_factor_in_ipcc_ar6_100
b4c094ec-a1fe-3f0e-9d52-1944a346f777,Aluminum,Elementary flows/emission/water/fresh water body/river,3.2412751602320933e-10,kg,,,,no_factor_in_ipcc_ar6_100
00445e42-66fe-3cab-b7a7-3634eaead3a4,Uranium,Elementary flows/emission/air/troposphere/rural,5.008607999823113e-06,kg,,,,no_factor_in_ipcc_ar6_100
b8114e64-a02c-3136-a06b-4709b6afa037,Sulfuric acid,Elementary flows/emission/air/troposphere/rural,1.751664029068045e-17,kg,,,,no_factor_in_ipcc_ar6_100
f92e59c6-9471-3283-bc87-fd3f02fb0e48,Potassium,Elementary flows/emission/air/troposphere/urban,1.1692173760830008e-10,kg,,,,no_factor_in_ipcc_ar6_100
7c0566f7-d0b7-35ed-aa91-1fc1ec509fb5,Napropamide,Elementary flows/emission/ground/human-dominated/agricultural,5.685363151246523e-15,kg,,,,no_factor_in_ipcc_ar6_100
f4ba9143-0d68-3293-95e4-29c45e17afaf,Hydrofluoric acid,Elementary flows/emission/air/troposphere/urban,3.878640969637742e-11,kg,,,,no_factor_in_ipcc_ar6_100
2c983794-c51c-3889-8be9-e7b7acbbdf32,Propionic acid,Elementary flows/emission/air/troposphere/urban,1.8298902830491138e-10,kg,,,,no_factor_in_ipcc_ar6_100
10c08caa-028c-3178-95ec-f1230b84d1ba,Fluosilicic acid,Elementary flows/emission/air/troposphere/urban,3.173037408581114e-12,kg,,,,no_factor_in_ipcc_ar6_100
786dd610-dc5d-3f73-8bec-90b253dd57b1,Molybdenum,Elementary flows/emission/air/troposphere/rural,1.6061486432767986e-13,kg,,,,no_factor_in_ipcc_ar6_100
a113cbbb-4b4b-3833-8c21-25131e21ab70,Isocyanic acid,Elementary flows/emission/air/troposphere/urban,3.4973817485645043e-13,kg,,,,no_factor_in_ipcc_ar6_100
7725cd97-15e1-359f-880e-5c0328089590,Sodium,Elementary flows/emission/air/troposphere/urban,1.7944809667618246e-10,kg,,,,no_factor_in_ipcc_ar6_100
80e4b266-b196-35a4-aa89-7f45a3ad5472,Nickel compounds,Elementary flows/emission/ground,1.0272757844720086e-08,kg,,,,no_factor_in_ipcc_ar6_100
c7ccbb66-278b-31a7-a9ba-508a1e0f62a8,Boron,Elementary flows/emission/water/fresh water body/river,5.960212420943771e-07,kg,,,,no_factor_in_ipcc_ar6_100
7ad1a70b-cd66-3314-8cb8-a1d830497028,Nitrite,Elementary flows/emission/water/subterranean,1.748736338636009e-12,kg,,,,no_factor_in_ipcc_ar6_100
40b12949-6017-36ca-84c2-902ac98821af,Chloride,Elementary flows/emission/water/fresh water body/river,4.178561787466626e-06,kg,,,,no_factor_in_ipcc_ar6_100
5eee9097-4afe-369a-ac20-b1f13d26676a,.gamma.-Butyrolactone,Elementary flows/emission/air/troposphere/urban,3.0360198988692333e-16,kg,,,,no_factor_in_ipcc_ar6_100
c6b074e3-e4e4-3f85-a96f-769bd5ea9b9e,.gamma.-Butyrolactone,Elementary flows/emission/water/fresh water body/river,7.286648641978963e-16,kg,,,,no_factor_in_ipcc_ar6_100
15f14f5a-0a4a-3b95-b768-abbe90654194,Toluene,Elementary flows/emission/air/troposphere/urban,1.6087307333036498e-09,kg,,,,no_factor_in_ipcc_ar6_100
8bab6c00-b3a5-3e4f-9487-11ddc867efcf,Bentazon,Elementary flows/emission/air/troposphere/rural,3.2706106342148743e-12,kg,,,,no_factor_in_ipcc_ar6_100
b209b866-9503-383d-ad97-9e68a8e0469b,Strontium-89,Elementary flows/emission/water/fresh water body/river,5.7338076844774796e-11,kBq,,,,no_factor_in_ipcc_ar6_100
48e02d7a-f3a0-3ced-8263-de0dfe985318,"Energy, heat",Elementary flows/emission/water/subterranean,7.057363740229036e-07,MJ,,,,no_factor_in_ipcc_ar6_100
a570f62d-ac93-36c4-8a5e-132f83f988b4,Volatile organic compounds,Elementary flows/emission/water/fresh water body/river,2.8692856038425298e-09,kg,,,,no_factor_in_ipcc_ar6_100
73cd9398-29ee-358a-b861-d2ee61250ca9,Acetylene,Elementary flows/emission/air/troposphere/urban,1.576183034228234e-12,kg,,,,no_factor_in_ipcc_ar6_100
cddc11b0-91ef-361f-b00e-bbd12ee872e2,Pendimethalin,Elementary flows/emission/air/troposphere/rural,6.636816738778457e-11,kg,,,,no_factor_in_ipcc_ar6_100
ece4f5f2-b0f0-3b2b-9ce9-beea59c2013e,Antimony-125,Elementary flows/emission/air/troposphere/rural,4.7963000469947344e-14,kBq,,,,no_factor_in_ipcc_ar6_100
ca76c78a-c30b-350f-8a95-81654439d5d9,Aclonifen,Elementary flows/emission/ground/human-dominated/agricultural,9.204787230895077e-14,kg,,,,no_factor_in_ipcc_ar6_100
2428a8cd-3ee9-3e0a-bda1-5c09147e34af,Manganese-54,Elementary flows/emission/air/troposphere/rural,2.482058892157602e-14,kBq,,,,no_factor_in_ipcc_ar6_100
d8cc74fd-dec4-3720-95d3-086d9616a67b,Adsorbable organic halides,Elementary flows/emission/water/fresh water body/river,1.0450723760604944e-11,kg,,,,no_factor_in_ipcc_ar6_100
ea45ead3-c476-3814-bfe5-aaef2678e674,Ethylene,Elementary flows/emission/air/troposphere/rural,5.678449223435834e-10,kg,,,,no_factor_in_ipcc_ar6_100
35b5c1c9-2910-3597-9c29-835fe31bc726,Kerosene,Elementary flows/emission/air,3.066487254966954e-13,kg,,,,no_factor_in_ipcc_ar6_100
cf19e82e-ffca-3128-b7ac-a593f26ef2a1,Rubidium,Elementary flows/emission/water/saline water body/ocean,3.739035379301809e-11,kg,,,,no_factor_in_ipcc_ar6_100
ba0e76dd-5d09-3944-a6f9-dc28bc1c3565,Hexane,Elementary flows/emission/air/troposphere/urban,5.561578514168247e-09,kg,,,,no_factor_in_ipcc_ar6_100
831d121f-22fe-3f63-a4e7-fcec8c841053,Chromium(III),Elementary flows/emission/water/fresh water body/river,1.4398269862906712e-11,kg,,,,no_factor_in_ipcc_ar6_100
f2154142-13c7-30c3-a098-98517ddfcf39,Chemical Oxygen Demand,Elementary flows/emission/water/saline water body/ocean,3.98543780085658e-06,kg,,,,no_factor_in_ipcc_ar6_100
d4f19cbf-24bf-3a8d-84aa-6c776ff39d07,Biological Oxygen Demand,Elementary flows/emission/water/saline water body/ocean,5.414940600739958e-07,kg,,,,no_factor_in_ipcc_ar6_100
8ad32ac6-f979-31ff-a95e-e338f98d733b,Beryllium,Elementary flows/emission/water/fresh water body/river,4.687820621301304e-11,kg,,,,no_factor_in_ipcc_ar6_100
29ebed09-24fe-306a-9f7e-23dd4a4f9a64,Strontium,Elementary flows/emission/water/fresh water body/river,1.8738894797331625e-06,kg,,,,no_factor_in_ipcc_ar6_100
6ef6ea0e-740c-38f4-9dbe-9a865ef81c83,Phenol,Elementary flows/emission/air/troposphere/rural,2.6472957518339844e-12,kg,,,,no_factor_in_ipcc_ar6_100
15c0dce2-44be-3ca4-ab43-b27d2f1ca79f,Uranium-235,Elementary flows/emission/air/troposphere/rural,2.45146624455114e-07,kBq,,,,no_factor_in_ipcc_ar6_100
a2521e3d-15d4-3de2-aead-6f0de4a4b8f5,Boron,Elementary flows/emission/water/saline water body/ocean,3.057436774183174e-11,kg,,,,no_factor_in_ipcc_ar6_100
2d6c2c2d-d3b1-31f2-834b-8d6b36ec85d7,Cerium-141,Elementary flows/emission/air/troposphere/rural,7.5633800006762e-13,kBq,,,,no_factor_in_ipcc_ar6_100
796a409c-131b-3cfc-8444-5fa0a57c818e,Boron,Elementary flows/emission/water/subterranean,4.190836720817562e-10,kg,,,,no_factor_in_ipcc_ar6_100
e3979adf-7176-3e52-940c-c957096d02ee,Ethylenediamine,Elementary flows/emission/water/fresh water body/river,1.2101171800392274e-15,kg,,,,no_factor_in_ipcc_ar6_100
42bf4137-1cce-3de2-999b-aed41ebf6f09,Arsine,Elementary flows/emission/air/troposphere/urban,8.164436948874037e-12,kg,,,,no_factor_in_ipcc_ar6_100
276737c9-2113-3472-a96b-fe330b5aad8b,Iodine-133,Elementary flows/emission/air/troposphere/rural,4.7545391660075115e-12,kBq,,,,no_factor_in_ipcc_ar6_100
c1e76b96-20db-3838-9291-b97c97dc8466,Barium,Elementary flows/emission/water/fresh water body/river,3.065628244524092e-06,kg,,,,no_factor_in_ipcc_ar6_100
222dc3fc-4490-304e-a736-da42f31e276a,Molybdenum,Elementary flows/emission/water/fresh water body/river,4.7164494475803814e-08,kg,,,,no_factor_in_ipcc_ar6_100
aee47a59-0158-3539-aa77-9c6b7fcd8838,Polychlorinated biphenyls,Elementary flows/emission/air/troposphere/urban,1.8494061137813743e-18,kg,,,,no_factor_in_ipcc_ar6_100
a26e26a2-34c2-334f-aec9-4de0378569ad,Potassium-40,Elementary flows/emission/air/troposphere/urban,4.128965704556804e-11,kBq,,,,no_factor_in_ipcc_ar6_100
52b06e76-28c4-3ba4-9449-ff8466432eee,Orbencarb,Elementary flows/emission/ground/human-dominated/agricultural,4.5767271156902146e-14,kg,,,,no_factor_in_ipcc_ar6_100
4302967b-a9c0-34e9-a82b-05ef742ef3f2,Selenium,Elementary flows/emission/water/fresh water body/river,7.443379805370756e-09,kg,,,,no_factor_in_ipcc_ar6_100
a1b60013-465b-33d4-898b-d5d5f42b5951,Uranium-234,Elementary flows/emission/air/troposphere/rural,1.635598687750905e-05,kBq,,,,no_factor_in_ipcc_ar6_100
318f764f-7918-3b9a-a3d1-757939105f42,Hydrogen peroxide,Elementary flows/emission/water/fresh water body/river,4.2869264496025296e-08,kg,,,,no_factor_in_ipcc_ar6_100
97c11ca9-a83b-39ac-9a8a-363030d8f05e,Iodine-131,Elementary flows/emission/water/fresh water body/river,4.377930876002787e-06,kBq,,,,no_factor_in_ipcc_ar6_100
7e63bc64-a8eb-3fd0-a9f2-d705ebe8ae27,Ozone,Elementary flows/emission/air/troposphere/rural,1.6793320608151684e-14,kg,,,,no_factor_in_ipcc_ar6_100
fe5d373f-58f8-3628-a85b-cdcc92dbd7f2,Benzaldehyde,Elementary flows/emission/air/troposphere/urban,1.7762875230627223e-14,kg,,,,no_factor_in_ipcc_ar6_100
b376f3e6-45d4-304d-8ad4-c1838ad21fea,Fluoride,Elementary flows/emission/water/fresh water body/river,9.21556745326887e-10,kg,,,,no_factor_in_ipcc_ar6_100
255001a2-a225-385e-a998-960d1d20e76e,Water,Elementary flows/resource/air,-2.1554066879139343e-16,kg,,,,no_factor_in_ipcc_ar6_100
5d0d9a58-22de-3582-a07a-b4c3748f9472,Water,Elementary flows/emission/air/troposphere/rural,0.0103970183974486,kg,,,,no_factor_in_ipcc_ar6_100
eda80ec2-392d-31ab-8116-70aad9d8d157,Copper compounds,Elementary flows/emission/ground,2.457900860506332e-08,kg,,,,no_factor_in_ipcc_ar6_100
dd865fcb-514f-3c05-ab21-910f8715902b,Phosphorus,Elementary flows/emission/air/troposphere/rural,2.4909057205239175e-13,kg,,,,no_factor_in_ipcc_ar6_100
f535f064-44e4-3a1f-a082-6a35bd5143a7,Chromium,Elementary flows/emission/air/troposphere/rural,2.692051646155119e-11,kg,,,,no_factor_in_ipcc_ar6_100
51f60184-a8ef-3807-b184-85cb97b65112,Sulfur dioxide,Elementary flows/emission/air/troposphere/urban,1.8230098309150436e-07,kg,,,,no_factor_in_ipcc_ar6_100
5e45ec9a-59f7-3cf8-8110-e1d2eb767a20,Barium-140,Elementary flows/emission/water/fresh water body/river,8.116739308952314e-12,kBq,,,,no_factor_in_ipcc_ar6_100
b94783e6-e6d4-3c93-ae8b-b3b4dae488ca,Xylene,Elementary flows/emission/air/troposphere/urban,1.0338525580322328e-09,kg,,,,no_factor_in_ipcc_ar6_100
e9bfa543-e75f-36b0-bc60-4ef1b5bec94b,Strontium,Elementary flows/emission/air/troposphere/rural,3.0752746487931636e-12,kg,,,,no_factor_in_ipcc_ar6_100
78e61206-42c0-3e53-9ccc-03e0b6c2c275,Boron,Elementary flows/emission/air/troposphere/urban,1.718079843738147e-12,kg,,,,no_factor_in_ipcc_ar6_100
b877ae88-538c-38f8-8b68-7980e5bac22b,Chemical Oxygen Demand,Elementary flows/emission/water/subterranean,6.21935739173216e-08,kg,,,,no_factor_in_ipcc_ar6_100
a1786d5d-c7f9-3cb2-9879-cf0325b72658,"7,12-Dimethylbenz[a]anthracene",Elementary flows/emission/water,4.055453021737823e-09,kg,,,,no_factor_in_ipcc_ar6_100
a09f4a1f-6def-3b88-bc34-fa5de97014e5,Ammonium,Elementary flows/emission/water/fresh water body/river,3.1161237959723177e-06,kg,,,,no_factor_in_ipcc_ar6_100
7896aafb-d824-39f4-b84e-f655180a7d9c,Boron,Elementary flows/emission/air/troposphere/rural,1.8176351954763412e-10,kg,,,,no_factor_in_ipcc_ar6_100
3282f269-b5da-3248-8888-c53bdbbea586,Isopropanol,Elementary flows/emission/water,6.300000000000002e-10,kg,,,,no_factor_in_ipcc_ar6_100
1b903dc5-d279-3144-a3e5-72dfeb19f876,"2,4-D",Elementary flows/emission/ground/human-dominated/agricultural,1.8890116265530903e-09,kg,,,,no_factor_in_ipcc_ar6_100
51292556-d521-3c0f-a49a-5ce9ce111e3d,Alachlor,Elementary flows/emission/air/troposphere/rural,7.565659478643644e-12,kg,,,,no_factor_in_ipcc_ar6_100
07d1814d-5eb1-3d2d-9a27-028233e931f1,Benzo[a]pyrene,Elementary flows/emission/air/troposphere/urban,4.418049817315541e-15,kg,,,,no_factor_in_ipcc_ar6_100
0a9c91a2-3a9b-318c-a87a-4138ba2ae034,Potassium-40,Elementary flows/emission/air/troposphere/rural,6.243954390378014e-10,kBq,,,,no_factor_in_ipcc_ar6_100
ca9e37a1-7990-37e5-b1c0-81b1b2a10fbf,Strontium-90,Elementary flows/emission/water/fresh water body/river,3.255086538905923e-05,kBq,,,,no_factor_in_ipcc_ar6_100
c25b57e5-5d37-3475-bedb-db941f145fa3,Ethyl acetate,Elementary flows/emission/air/troposphere/urban,9.106034375537364e-11,kg,,,,no_factor_in_ipcc_ar6_100
b0bd9c17-6aab-392b-8087-4773882589da,Chlorine,Elementary flows/emission/air/troposphere/rural,1.5644672090191618e-15,kg,,,,no_factor_in_ipcc_ar6_100
77234e62-8cff-318d-a705-061ce47ad363,Metribuzin,Elementary flows/emission/ground/human-dominated/agricultural,8.475164584311373e-15,kg,,,,no_factor_in_ipcc_ar6_100
9f990067-2c45-3927-82de-a5c5e155f181,"1,3-Butadiyne",Elementary flows/emission/air,5.163450000000069e-09,kg,,,,no_factor_in_ipcc_ar6_100
59228ff7-3499-3b1b-b6a8-1637dc52e811,Cesium,Elementary flows/emission/water/saline water body/ocean,3.739035379301809e-12,kg,,,,no_factor_in_ipcc_ar6_100
3e9e5cb3-0f07-3618-ac5c-5d89626970b1,Chromium compounds,Elementary flows/emission/ground,2.310588769658765e-08,kg,,,,no_factor_in_ipcc_ar6_100
8d5f7f4f-fce5-31e8-9826-ebe986a1b9b9,Calcium,Elementary flows/emission/ground/human-dominated/agricultural,2.0929477810698262e-10,kg,,,,no_factor_in_ipcc_ar6_100
42e83ec5-b529-3afa-92be-9f5b1cf0122c,Chromium(VI),Elementary flows/emission/air/troposphere/urban,4.8442229703694026e-14,kg,,,,no_factor_in_ipcc_ar6_100
537c1103-3b1b-3496-8739-1a80f8764bbb,Zirconium,Elementary flows/emission/air/troposphere/rural,1.202585715658305e-13,kg,,,,no_factor_in_ipcc_ar6_100
c9a44cef-09e7-3ccb-ad01-1e384c3ee8af,"Energy, heat",Elementary flows/emission/ground,2.239401551122613e-06,MJ,,,,no_factor_in_ipcc_ar6_100
788682e3-96a1-302d-8a6f-1e84f64c187c,Xenon-133,Elementary flows/emission/air/troposphere/rural,0.4188920555383856,kBq,,,,no_factor_in_ipcc_ar6_100
24d6d40b-0edb-3dd3-a2fa-b919ae581efb,Aldrin,Elementary flows/emission/ground/human-dominated/agricultural,1.3054292217879944e-15,kg,,,,no_factor_in_ipcc_ar6_100
9000c624-3a9d-3476-abfe-bac5217bcc3a,Radon-222,Elementary flows/emission/air/troposphere/rural,0.013493489478386623,kBq,,,,no_factor_in_ipcc_ar6_100
d05e65ee-bfe0-37d9-92cc-c6d2746f9c51,Diethylamine,Elementary flows/emission/air/troposphere/urban,2.0183433426272562e-13,kg,,,,no_factor_in_ipcc_ar6_100
14b0ec9f-b965-3236-8beb-34b0f4cb6a8d,Hydrogen sulfide,Elementary flows/emission/air/troposphere/urban,6.29767514209365e-13,kg,,,,no_factor_in_ipcc_ar6_100
754c2cec-4857-36dc-abed-229d8aa91de7,Zinc-65,Elementary flows/emission/water/fresh water body/river,3.057549035459744e-10,kBq,,,,no_factor_in_ipcc_ar6_100
9dceb7c7-6427-3a9a-8996-4fff1dc10f79,Hydroxide,Elementary flows/emission/water/fresh water body/river,2.944127846453715e-11,kg,,,,no_factor_in_ipcc_ar6_100
1501faf0-47ca-39ad-81b7-72470e6ea56a,Nitrogen,Elementary flows/emission/water/subterranean,5.2589439558076246e-11,kg,,,,no_factor_in_ipcc_ar6_100
6c4a3f12-9102-3b70-8770-44ac0f129251,n-Butyl acetate,Elementary flows/emission/water/fresh water body/river,4.295580116322861e-13,kg,,,,no_factor_in_ipcc_ar6_100
34b8b1ec-4e89-34eb-970d-dd9d10093ff6,Phosphine,Elementary flows/emission/air/troposphere/urban,3.663987829591276e-13,kg,,,,no_factor_in_ipcc_ar6_100
0a3972c0-899a-3d61-b9d7-3558682317eb,Thorium-234,Elementary flows/emission/water/fresh water body/river,3.718032304048069e-06,kBq,,,,no_factor_in_ipcc_ar6_100
0419f9d9-4a91-3223-abfe-bce431215656,Thorium-232,Elementary flows/emission/water/fresh water body/river,2.985301791367277e-10,kBq,,,,no_factor_in_ipcc_ar6_100
86ee747d-f4c0-3f77-b988-38b81c6a5b00,Acenaphthylene,Elementary flows/emission/water/fresh water body/river,3.1941638453808114e-10,kg,,,,no_factor_in_ipcc_ar6_100
14d3c32c-e8b6-3aa1-904c-7de1b6c99a27,Oil shale,Elementary flows/resource/ground,-2.165191228658884e-16,kg,,,,no_factor_in_ipcc_ar6_100
57f219c7-296f-3c02-9983-c7c5f73bdcd4,Technetium-99m,Elementary flows/emission/water/fresh water body/river,6.856853245800936e-11,kBq,,,,no_factor_in_ipcc_ar6_100
e938bd59-d414-3da4-b524-a13c18a50706,3-Methylcholanthrene,Elementary flows/emission/water,4.055453021737823e-10,kg,,,,no_factor_in_ipcc_ar6_100
b46fe97d-c88f-3653-9a0c-e42f24d79d46,Polonium-210,Elementary flows/emission/air/troposphere/urban,2.600395508981463e-10,kBq,,,,no_factor_in_ipcc_ar6_100
80e8cf76-41ab-330b-a50a-6e18a63b4413,1-Propanol,Elementary flows/emission/air/troposphere/urban,6.1700340580673e-16,kg,,,,no_factor_in_ipcc_ar6_100
7458813b-3bd3-3f38-8227-74d8e8826d14,Krypton-88,Elementary flows/emission/air/troposphere/rural,1.529535252257752e-08,kBq,,,,no_factor_in_ipcc_ar6_100
1fa3bc7e-2a0f-32c1-b315-7ff396b1fc04,Ethylene,Elementary flows/emission/air/troposphere/urban,5.459998524831514e-10,kg,,,,no_factor_in_ipcc_ar6_100
f5a30284-67a4-3a99-83ee-b7a486a2d196,1-Hexene,Elementary flows/emission/air,6.300001793488256e-09,kg,,,,no_factor_in_ipcc_ar6_100
837fe205-9c25-3550-84bc-3f5285f9a25d,1-Octene,Elementary flows/emission/air,1.7934014846430026e-16,kg,,,,no_factor_in_ipcc_ar6_100
51ebde71-b96d-32e0-a8e3-d57f5e7f97fb,Phenyl ether,Elementary flows/emission/air/troposphere/urban/ground-level,1.79339280769085e-15,kg,,,,no_factor_in_ipcc_ar6_100
feb8a91d-fa3f-3660-bfc2-75471003288d,Isobutene,Elementary flows/emission/air/troposphere/urban/low,1.7934014846430026e-16,kg,,,,no_factor_in_ipcc_ar6_100
69520c36-9831-3d76-8526-860932816ccd,"1-(1,1,2,3,3,6-hexamethyl-2H-inden-5-yl)ethanone",Elementary flows/emission/ground,4.2980343636261214e-14,kg,,,,no_factor_in_ipcc_ar6_100
6c9ae5d6-82f1-38ac-9b53-f552f2420dbf,Butyl benzyl phthalate,Elementary flows/emission/ground,6.200443016378668e-14,kg,,,,no_factor_in_ipcc_ar6_100
146922d3-b36f-33ee-8ec3-7f60be57d5f6,"4,6,6,7,8,8-hexamethyl-1,3,4,7-tetrahydrocyclopenta[g]isochromene",Elementary flows/emission/ground,6.026781722431577e-12,kg,,,,no_factor_in_ipcc_ar6_100
c3d744a4-4710-3d92-8dcb-1b57766e412d,2-[4-[2-hydroxy-3-(propan-2-ylamino)propoxy]phenyl]acetamide,Elementary flows/emission/ground,1.6834799738685256e-12,kg,,,,no_factor_in_ipcc_ar6_100
dd046011-1eed-3fe8-8b02-de94acac5b66,"(8S,9S,10R,13S,14S,17S)-17-acetyl-10,13-dimethyl-1,2,6,7,8,9,11,12,14,15,16,17-dodecahydrocyclopenta[a]phenanthren-3-one",Elementary flows/emission/ground,4.557854063886308e-14,kg,,,,no_factor_in_ipcc_ar6_100
5f1eb3e5-1f79-3fb1-9b0a-331111881b9b,Trimethoprim,Elementary flows/emission/ground,4.6679471572168744e-14,kg,,,,no_factor_in_ipcc_ar6_100
a7cfafd1-9f72-3032-a73e-2f27aabe2dfd,(2S)-2-(6-methoxynaphthalen-2-yl)propanoic acid,Elementary flows/emission/ground,2.0777202829438766e-12,kg,,,,no_factor_in_ipcc_ar6_100
9d839146-33f5-3f5e-940c-80fc5f114232,"2,6-Di-tert-butyl-p-cresol",Elementary flows/emission/ground,1.003070405900905e-12,kg,,,,no_factor_in_ipcc_ar6_100
cda864bc-6be5-3d8e-9612-1e67ca303b3e,"N,N-Diethyl-m-toluamide",Elementary flows/emission/ground,1.9425314689885823e-12,kg,,,,no_factor_in_ipcc_ar6_100
cab5343e-3176-3366-ab38-c077159879c1,"(4R,4aR,7aR,12bS)-9-methoxy-3-methyl-1,2,4,4a,5,6,7a,13-octahydro-4,12-methanobenzofuro[3,2-e]isoquinolin-7-one",Elementary flows/emission/ground,2.6911645036365744e-13,kg,,,,no_factor_in_ipcc_ar6_100
d8b20c41-3455-3ca7-9a73-2f4b51cd0e34,Benzophenone,Elementary flows/emission/ground,1.0627653276179344e-12,kg,,,,no_factor_in_ipcc_ar6_100
058caf49-82b9-3b14-abe6-a6f11be0b09b,Phenytoin,Elementary flows/emission/ground,4.1590724147110693e-13,kg,,,,no_factor_in_ipcc_ar6_100
a5915eb2-88bc-3102-af95-ca0159420339,Cadmium(II),Elementary flows/emission/ground,5.6183359791981196e-11,kg,,,,no_factor_in_ipcc_ar6_100
0153272f-87a9-3542-b444-2d9555452d6e,Nonylphenol,Elementary flows/emission/ground,2.549661716985071e-12,kg,,,,no_factor_in_ipcc_ar6_100
d7993089-40ad-33c7-a741-d39d43bf9a24,Butylated hydroxyanisole,Elementary flows/emission/ground,3.914421096198654e-13,kg,,,,no_factor_in_ipcc_ar6_100
c005a078-5b32-383d-8b91-5221c6243464,Estradiol,Elementary flows/emission/ground,2.3251661311420007e-14,kg,,,,no_factor_in_ipcc_ar6_100
03693fb0-a5af-31a1-97a0-0ea691142d41,Sulfamethoxazole,Elementary flows/emission/ground,2.0639396858003682e-14,kg,,,,no_factor_in_ipcc_ar6_100
f4db08a5-1386-3b3c-8823-ca68a4ae78d6,"1-(6-tert-butyl-1,1-dimethyl-2,3-dihydroinden-4-yl)ethanone",Elementary flows/emission/ground,1.950604962499492e-13,kg,,,,no_factor_in_ipcc_ar6_100
6543ad83-d4c7-3798-a80f-0a6023299f77,Testosterone,Elementary flows/emission/ground,2.0697501546150379e-13,kg,,,,no_factor_in_ipcc_ar6_100
2fcab589-5082-352f-a334-dca1b13f4c23,"Benzeneacetic acid, .alpha.-methyl-4-(2-methylpropyl)-",Elementary flows/emission/ground,1.691181220988653e-11,kg,,,,no_factor_in_ipcc_ar6_100
53f94d64-97d8-3b6b-be56-1f2c77b3727d,Diclofenac,Elementary flows/emission/ground,3.0488579424729263e-12,kg,,,,no_factor_in_ipcc_ar6_100
1b4d33d4-6637-3f0d-bff5-1047a690f0c7,"1-(3,5,5,6,8,8-hexamethyl-6,7-dihydronaphthalen-2-yl)ethanone",Elementary flows/emission/ground,2.30217282162293e-12,kg,,,,no_factor_in_ipcc_ar6_100
a68efb7c-5c88-3f1c-a486-1dd155d5844b,(2-hydroxy-4-methoxyphenyl)-phenylmethanone,Elementary flows/emission/ground,1.5207525958731772e-12,kg,,,,no_factor_in_ipcc_ar6_100
2c6649db-827a-3e60-877f-51ecbc4848ec,"1-(4-tert-butyl-2,6-dimethyl-3,5-dinitrophenyl)ethanone",Elementary flows/emission/ground,1.4556753451488745e-13,kg,,,,no_factor_in_ipcc_ar6_100
fc58ffbc-611b-32e7-8f39-05c03adca463,Estrone,Elementary flows/emission/ground,8.066606086990962e-14,kg,,,,no_factor_in_ipcc_ar6_100
e27c743e-5c58-368b-8e34-3ed14e22204d,2-(4-chlorophenoxy)-2-methylpropanoic acid,Elementary flows/emission/ground,7.422916724721507e-13,kg,,,,no_factor_in_ipcc_ar6_100
5f14eca3-d275-3e16-ad4b-196b497db71b,"(3R,5R)-7-[2-(4-fluorophenyl)-4-[(2-hydroxyphenyl)carbamoyl]-3-phenyl-5-propan-2-ylpyrrol-1-yl]-3,5-dihydroxyheptanoic acid",Elementary flows/emission/ground,2.9358158221489907e-13,kg,,,,no_factor_in_ipcc_ar6_100
4a53bf56-8b19-3e0b-b1d6-62baeffa84b1,Tris(2-chloroethyl) phosphate,Elementary flows/emission/ground,2.9358158221489907e-12,kg,,,,no_factor_in_ipcc_ar6_100
f0d5bb01-d2e1-3430-89c7-f50fc9c131a3,Acetamide,Elementary flows/emission/ground,2.0485566836834338e-11,kg,,,,no_factor_in_ipcc_ar6_100
c1339a34-352c-3152-9043-ee513a5f7c3a,Octylphenol,Elementary flows/emission/ground,1.616655912730044e-12,kg,,,,no_factor_in_ipcc_ar6_100
c07513e0-da07-3572-8fba-b1f722e87a94,3-[bis(2-carboxyethyl)phosphanyl]propanoic acid,Elementary flows/emission/ground,5.969492171702948e-13,kg,,,,no_factor_in_ipcc_ar6_100
cd9db1cd-b05c-3f2c-9f2d-53d06e5f1253,Triclosan,Elementary flows/emission/ground,2.624960633590522e-12,kg,,,,no_factor_in_ipcc_ar6_100
03258b56-e70b-3c2d-a883-62e657fe8035,Gemfibrozil,Elementary flows/emission/ground,1.116588617690666e-11,kg,,,,no_factor_in_ipcc_ar6_100
0e63906d-fa11-39b4-9347-7056a43bfe6a,"(3R,5R)-7-[2-(4-fluorophenyl)-4-[(4-hydroxyphenyl)carbamoyl]-3-phenyl-5-propan-2-ylpyrrol-1-yl]-3,5-dihydroxyheptanoic acid",Elementary flows/emission/ground,2.9358158221489907e-13,kg,,,,no_factor_in_ipcc_ar6_100
544faeec-c21f-3342-b68f-062e0660e506,4-Androstenedione,Elementary flows/emission/ground,4.789234901788511e-13,kg,,,,no_factor_in_ipcc_ar6_100
81aaf3cf-9e7d-3a57-a9cc-c99dfeed0af4,Triclocarban,Elementary flows/emission/ground,1.2183635661918312e-12,kg,,,,no_factor_in_ipcc_ar6_100
5b817c0c-b187-3a20-8c63-d51522daaa77,"(3R,5R)-7-[2-(4-fluorophenyl)-3-phenyl-4-(phenylcarbamoyl)-5-propan-2-ylpyrrol-1-yl]-3,5-dihydroxyheptanoic acid",Elementary flows/emission/ground,9.688192213091668e-13,kg,,,,no_factor_in_ipcc_ar6_100
afc5f223-7b3a-39ff-a6ac-6dea5adcaa1d,Hydrocarbons,Elementary flows/emission/air/troposphere/rural,2.399841445985366e-06,kg,,,,no_factor_in_ipcc_ar6_100
1de6d0d4-b213-330d-911e-d5b4210886a7,Acetochlor,Elementary flows/emission/ground/human-dominated/agricultural,6.533441008193734e-09,kg,,,,no_factor_in_ipcc_ar6_100
33cdbdee-33d3-32ec-9295-fe9301b0e6c4,Cyfluthrin,Elementary flows/emission/ground/human-dominated/agricultural,8.548427487356287e-12,kg,,,,no_factor_in_ipcc_ar6_100
f9a00a61-bda0-3ce4-9c92-2f73e56569a2,S-Metolachlor,Elementary flows/emission/ground/human-dominated/agricultural,5.296972032343985e-09,kg,,,,no_factor_in_ipcc_ar6_100
968bac9f-9938-3e38-9b50-b53ef5b9ab7e,Tefluthrin,Elementary flows/emission/ground/human-dominated/agricultural,1.4104905354137873e-10,kg,,,,no_factor_in_ipcc_ar6_100
4c4788b4-a179-3632-9dd0-45ff03a180b0,Atrazine,Elementary flows/emission/water/subterranean,1.0227582886658416e-09,kg,,,,no_factor_in_ipcc_ar6_100
d04fb88b-72c3-3465-a7b3-e45c6bcc99fe,Mesotrione,Elementary flows/emission/ground/human-dominated/agricultural,4.060503056494236e-10,kg,,,,no_factor_in_ipcc_ar6_100
dcbfdc9f-cd18-3142-81ea-0055886bc5b5,Nicosulfuron,Elementary flows/emission/ground/human-dominated/agricultural,3.6636117802955517e-10,kg,,,,no_factor_in_ipcc_ar6_100
1b203d5a-c061-3cc9-94e2-3a0a28a80c11,Phostebupirim,Elementary flows/emission/ground,1.1723557696945765e-10,kg,,,,no_factor_in_ipcc_ar6_100
cd724953-9c93-369f-a9cf-64ba0bae32cb,Ethyl ether,Elementary flows/emission/air,6.145569084790049e-17,kg,,,,no_factor_in_ipcc_ar6_100
7890051d-8889-3c60-8065-9bbc3791dbab,Nitrogen,Elementary flows/resource/air/subterranean,-0.0012878180903703805,kg,,,,no_factor_in_ipcc_ar6_100
aa96c717-3352-36ec-be40-d35c1efa0a9e,Magnesium,Elementary flows/resource/water,-0.12152430435980174,kg,,,,no_factor_in_ipcc_ar6_100
3039078d-dda5-3b34-9031-d3c491421611,Tin,Elementary flows/resource/ground/subterranean,-1.1849293250746202e-08,kg,,,,no_factor_in_ipcc_ar6_100
7a868452-3943-3803-9dc9-0696f628c3e3,Barite,Elementary flows/resource/ground/subterranean,-9.44684317175905e-07,kg,,,,no_factor_in_ipcc_ar6_100
eab00f35-ca8a-3d73-9e31-d5d422cf4fe0,Ethylbenzene,Elementary flows/emission/water/fresh water body/river,6.736919689849234e-08,kg,,,,no_factor_in_ipcc_ar6_100
8e466d2b-64db-35d2-b151-e22e8aed823d,"Hydrocarbons, halogenated",Elementary flows/emission/air/troposphere/urban,2.5313312014775647e-14,kg,,,,no_factor_in_ipcc_ar6_100
0b733b8f-c65f-3662-9b57-49429edce1de,Titanium,Elementary flows/resource/ground/subterranean,-1.730779493376005e-06,kg,,,,no_factor_in_ipcc_ar6_100
d80b9c34-6bb0-368e-97d5-cc4dd918f27c,Iron(II),Elementary flows/emission/water/saline water body/ocean,2.2118222012759646e-10,kg,,,,no_factor_in_ipcc_ar6_100
3a39da3d-742e-3941-9bfa-545bb4f1d47e,Vanadium(III),Elementary flows/emission/water/saline water body/ocean,1.0015519932835782e-08,kg,,,,no_factor_in_ipcc_ar6_100
20014fc5-8a22-3e4b-9299-e399e020a01a,Potassium(I),Elementary flows/emission/water/saline water body/ocean,1.5758849441317844e-08,kg,,,,no_factor_in_ipcc_ar6_100
1f7bf7c4-d8aa-393c-82e7-26832e7b0b62,Antimony,Elementary flows/resource/ground/subterranean,-1.3071626879987506e-11,kg,,,,no_factor_in_ipcc_ar6_100
5897de1b-55d8-3fb9-8284-97f0c0bb4b2a,Furans,Elementary flows/emission/air,1.963524732417437e-14,kg,,,,no_factor_in_ipcc_ar6_100
4482afae-0ab0-3d3d-89ee-2f8672971226,Unused primary energy from solar energy,Elementary flows/emission/non-FEDEFL/air,0.018840819039567445,MJ,,,,no_factor_in_ipcc_ar6_100
21fe23ee-7294-3874-9cc7-39f31bab1747,Nitratine,Elementary flows/resource/ground/subterranean,-3.849121497257759e-16,kg,,,,no_factor_in_ipcc_ar6_100
7a899348-7413-31a9-aad9-2eb57437bf1d,Hydrocarbons,Elementary flows/emission/water/fresh water body/river,1.1943124122542888e-09,kg,,,,no_factor_in_ipcc_ar6_100
b9705d58-35ee-37b9-84a3-2d3fe37c019c,"2,3,7,8-Tetrachlorodibenzo-p-dioxin",Elementary flows/emission/air/troposphere/urban,1.2925357367891988e-13,kg,,,,no_factor_in_ipcc_ar6_100
9f867445-2f7d-30a3-b8e5-6e9d6ab20e61,Silver(I),Elementary flows/emission/water/saline water body/ocean,2.2434206568700707e-12,kg,,,,no_factor_in_ipcc_ar6_100
90962be9-076a-3590-91f8-7c070b1a8514,Vinyl chloride,Elementary flows/emission/air/troposphere/urban,1.429575225296132e-10,kg,,,,no_factor_in_ipcc_ar6_100
24cde459-005b-34d1-99ee-ff4f736e78ec,Nickel(II),Elementary flows/emission/water/saline water body/ocean,3.727215977533187e-08,kg,,,,no_factor_in_ipcc_ar6_100
efaf3116-957a-3145-9b89-9147ffb3c8b1,Water,Elementary flows/emission/water/subterranean,0.0009293142633252553,kg,,,,no_factor_in_ipcc_ar6_100
7feb7eb1-5536-3c58-8cbc-997cb5cdec6e,"Oils, unspecified",Elementary flows/emission/non-FEDEFL/water/saline water body/ocean,1.2390778429621153e-06,kg,,,,no_factor_in_ipcc_ar6_100
5f85e79a-3a90-3599-bdf6-9ce9e00d742a,Olivine group,Elementary flows/resource/ground/subterranean,-1.3839961334587162e-12,kg,,,,no_factor_in_ipcc_ar6_100
8a8008db-3abe-32e8-8a4a-8482b849bd77,Oil sand,Elementary flows/resource/ground/subterranean,-0.030486233934478343,MJ,,,,no_factor_in_ipcc_ar6_100
4b2daef7-dbdc-3c5b-a371-800bdb9cb965,Sulfur,Elementary flows/emission/air/troposphere/rural,4.571580965018483e-10,kg,,,,no_factor_in_ipcc_ar6_100
107adb1a-fcd2-3cea-80b2-3377cbb62bec,"Oils, unspecified",Elementary flows/emission/non-FEDEFL/ground,3.8084254370501815e-09,kg,,,,no_factor_in_ipcc_ar6_100
d61872cd-da4e-3c5d-9a50-8af5faeedfc1,"1,2-Dichloroethane",Elementary flows/emission/water/fresh water body/river,1.4244279160636505e-13,kg,,,,no_factor_in_ipcc_ar6_100
0ed0590b-2e71-385e-86bb-3d2ea0505734,Crude oil,Elementary flows/resource/water/subterranean,-3.5856535451105875,MJ,,,,no_factor_in_ipcc_ar6_100
06218e89-4839-365a-9488-588fcfb86b2f,Potassium(I),Elementary flows/emission/water/fresh water body/river,1.2409814292782744e-06,kg,,,,no_factor_in_ipcc_ar6_100
7fcfbc16-52fa-395d-9bbe-ddf765ab5e35,Calcium(II),Elementary flows/emission/water/subterranean,0.00016826637345837946,kg,,,,no_factor_in_ipcc_ar6_100
f59819de-9e26-37bb-95b2-3d6eab81316c,Radionuclides,Elementary flows/emission/air/troposphere/rural,0.0066887297300074295,kBq,,,,no_factor_in_ipcc_ar6_100
fb6cc68b-8977-37f8-95ae-5d452fd28e93,Zinc(II),Elementary flows/emission/water/saline water body/ocean,3.0377639666073267e-09,kg,,,,no_factor_in_ipcc_ar6_100
fa58b05c-b8af-3b4c-9ac2-973af3fe28c2,"Coal, anthracite",Elementary flows/resource/ground/subterranean,-9.8607374845482,MJ,,,,no_factor_in_ipcc_ar6_100
d66eadf2-3187-344d-a195-ee8f67a7b328,"Salts, unspecified",Elementary flows/emission/non-FEDEFL/water,1.9472861608143728e-11,kg,,,,no_factor_in_ipcc_ar6_100
ac432702-d661-3bdf-9322-5d03838fc508,Aromatics,Elementary flows/emission/water/saline water body/ocean,7.71500934764325e-10,kg,,,,no_factor_in_ipcc_ar6_100
d429b380-0dfd-3303-b50c-2384b8681651,Iron,Elementary flows/resource/ground/subterranean,-0.23540833043292045,kg,,,,no_factor_in_ipcc_ar6_100
fa1d1ae4-e1ce-3389-91ab-54617aba8319,Calcium(II),Elementary flows/emission/water/saline water body/ocean,1.1833658343904226e-07,kg,,,,no_factor_in_ipcc_ar6_100
48a27d76-099e-3f02-8806-2d25732c15bc,"Energy, hydro",Elementary flows/resource/water/saline water body/ocean,-3.34317397522927e-14,MJ,,,,no_factor_in_ipcc_ar6_100
a36c7dc9-b216-341e-8285-ffbae2069cb0,"Quartz, sand",Elementary flows/resource/ground/subterranean,-0.02113680683869677,kg,,,,no_factor_in_ipcc_ar6_100
6fd19f74-c6b1-3a9b-9126-c1aacb88a266,non used primary energy from wind power,Elementary flows/emission/non-FEDEFL/air,0.06387484646576017,MJ,,,,no_factor_in_ipcc_ar6_100
fbe7ff3f-c159-3b49-b31c-a14111a5350d,Exhaust,Elementary flows/emission/non-FEDEFL/air,3.335659277034606,kg,,,,no_factor_in_ipcc_ar6_100
c4e332ae-9f54-3e23-b107-b76aa41a5951,Unused primary energy from geothermal,Elementary flows/emission/non-FEDEFL/water,9.649666136989344e-10,MJ,,,,no_factor_in_ipcc_ar6_100
7552df87-8715-3d7c-933a-e956c7140a74,Granite,Elementary flows/resource/ground/subterranean,-1.5839432604647012e-16,kg,,,,no_factor_in_ipcc_ar6_100
b4f878cf-cc4f-3b93-9a30-6ef64b712794,Cadmium(II),Elementary flows/emission/water/saline water body/ocean,2.8650053043257925e-08,kg,,,,no_factor_in_ipcc_ar6_100
ee6b5c73-dd3f-34dc-87fd-b52ed3675251,Clay,Elementary flows/resource/ground/subterranean,-0.019970864256775096,kg,,,,no_factor_in_ipcc_ar6_100
65e779fb-a1fd-3148-94c6-686e8e213790,"Suspended solids, inorganic",Elementary flows/emission/water/saline water body/ocean,6.154730426901887e-05,kg,,,,no_factor_in_ipcc_ar6_100
01d1096d-0a5e-3142-850b-d41c83a95ea2,Steatite,Elementary flows/resource/ground/subterranean,4.2335075140221416e-10,kg,,,,no_factor_in_ipcc_ar6_100
63d60630-4f95-3b07-85f6-5c332912910c,Silver(I),Elementary flows/emission/water/fresh water body/river,3.165972348559258e-10,kg,,,,no_factor_in_ipcc_ar6_100
3e37e953-98bb-3428-a634-2464ce13bd84,Sodium(I),Elementary flows/emission/water/saline water body/ocean,2.685275335344013e-06,kg,,,,no_factor_in_ipcc_ar6_100
dd72517b-37d8-3fb8-b6d5-9f5c89d92499,Methane,Elementary flows/resource/air/subterranean,-0.0037107525438242507,kg,,,,no_factor_in_ipcc_ar6_100
e3875383-53e0-3763-bd26-833bf70fd3d6,Vinyl chloride,Elementary flows/emission/water/fresh water body/river,4.843681716398459e-14,kg,,,,no_factor_in_ipcc_ar6_100
b412a5e3-5821-369c-97bf-c4641015019e,Clean gas,Elementary flows/emission/non-FEDEFL/air,0.0018260246477058383,kg,,,,no_factor_in_ipcc_ar6_100
073be456-9caf-3831-acdf-4ad7d566855b,Peat,Elementary flows/resource/ground/subterranean,-0.00014973142126415773,MJ,,,,no_factor_in_ipcc_ar6_100
e87202b2-6a92-3ed9-9660-524e5f20b1c4,Copper(I),Elementary flows/emission/water/saline water body/ocean,9.957401126102207e-08,kg,,,,no_factor_in_ipcc_ar6_100
4db9ccbd-9ec9-3ba8-bd0c-1b141646e2a2,Radionuclides,Elementary flows/emission/water/fresh water body/river,3.4305515001221663e-09,kBq,,,,no_factor_in_ipcc_ar6_100
871b91f4-f7a4-3cd3-a201-6cda66497b4e,Shale gas,Elementary flows/resource/air/subterranean,-0.2832696825284813,MJ,,,,no_factor_in_ipcc_ar6_100
0d28eab7-1aa7-396d-b52c-4a9baebed329,Cobalt,Elementary flows/resource/ground/subterranean,-1.4379737189315894e-07,kg,,,,no_factor_in_ipcc_ar6_100
9687c708-0d7f-3ac3-b2db-5569cf8a6f54,Hydrogen ion,Elementary flows/emission/water/fresh water body/river,2.90517700547213e-09,kg,,,,no_factor_in_ipcc_ar6_100
315b1018-b914-3b81-b00a-5c7f4bf93665,non used primary energy from water power,Elementary flows/emission/non-FEDEFL/water,0.11646818915968396,MJ,,,,no_factor_in_ipcc_ar6_100
511bb293-8a70-3dd4-baf7-fb67ae224969,Dimethylamine,Elementary flows/emission/air/troposphere/urban,5.04773865875464e-15,kg,,,,no_factor_in_ipcc_ar6_100
a14e3147-67e1-3352-8661-63422edd170f,Calcium carbonate,Elementary flows/resource/ground/subterranean,-0.06761645812827372,kg,,,,no_factor_in_ipcc_ar6_100
fb7664b5-d581-3217-b174-777562d17c6c,Ethylbenzene,Elementary flows/emission/air/troposphere/urban,2.227212686320598e-06,kg,,,,no_factor_in_ipcc_ar6_100
5b74d142-51e8-33d7-8116-ab57289d2993,Sodium chloride,Elementary flows/resource/ground/subterranean,-0.055280455758088244,kg,,,,no_factor_in_ipcc_ar6_100
0fa42ece-8cd6-374e-bac6-4626a42f979b,Cyclohexane,Elementary flows/emission/air/troposphere/urban,3.160477339219676e-11,kg,,,,no_factor_in_ipcc_ar6_100
2da3e17c-4c2d-31e8-9b7d-964051d8a4d3,Coal,Elementary flows/resource/ground/subterranean,-4.475216162077333e-05,MJ,,,,no_factor_in_ipcc_ar6_100
94f485ec-4c91-3a41-9164-7af3d249d316,Uranium,Elementary flows/resource/ground/subterranean,-1.2545981900348468e-08,kg,,,,no_factor_in_ipcc_ar6_100
e1529a04-8d05-3502-a65d-4c810ceeaa53,"Coal, bituminous",Elementary flows/resource/ground/subterranean,-0.0001382724363563935,MJ,,,,no_factor_in_ipcc_ar6_100
d5d3b92b-1a3f-335f-8c40-8a1605dc70b1,Unspecified minerals,Elementary flows/resource/non-FEDEFL,-7.290970475948807e-18,kg,,,,no_factor_in_ipcc_ar6_100
1bff4d7d-2e11-385a-8e0a-82d5438cbba6,Renewable fuels,Elementary flows/resource/non-FEDEFL,-1.083575170182447e-16,kg,,,,no_factor_in_ipcc_ar6_100
a8ce616c-2900-37dd-8602-28126de33004,Land Transformation,Elementary flows/resource/non-FEDEFL,-6.243648750121906e-12,kg,,,,no_factor_in_ipcc_ar6_100
d61f9744-cc9c-3726-8c83-7826424cd4a7,Precious metal ore (R.O.M),Elementary flows/resource/non-FEDEFL,-9.587021951800087e-15,kg,,,,no_factor_in_ipcc_ar6_100
4be63b28-0c82-3cba-a55f-f827ac71c4dc,Calcium fluoride,Elementary flows/emission/ground,4.63238455654206e-14,kg,,,,no_factor_in_ipcc_ar6_100
fe529d52-77e1-3901-b82f-4a97ad19eab5,Unspecified resources,Elementary flows/resource/non-FEDEFL,-2.473290537145065e-17,kg,,,,no_factor_in_ipcc_ar6_100
8c2daef6-fd94-410b-a258-7df1f02c1bce,Wages,Elementary flows/emission/non-FEDEFL/economic,0.00035594036186908506,USD,,,,no_factor_in_ipcc_ar6_100
c9f2c667-eeab-448e-9c0c-6da04000fda6,Taxes,Elementary flows/emission/non-FEDEFL/economic,0.00013206501027865708,USD,,,,no_factor_in_ipcc_ar6_100
f45fbcf0-24f0-4ce1-b1d9-78f2ed0d5a34,Jobs,Elementary flows/emission/non-FEDEFL/economic,5.444278999619841e-09,Item(s),,,,no_factor_in_ipcc_ar6_100
6b9b06bc-c983-3af8-b4b7-600219378bfc,Trona,Elementary flows/resource/ground/subterranean,-0.0006043862580407155,kg,,,,no_factor_in_ipcc_ar6_100
3a1aa0d4-0faf-318d-8e92-0b0817460c94,Nitrate,Elementary flows/emission/water/subterranean,9.609496860314845e-10,kg,,,,no_factor_in_ipcc_ar6_100
5d8b132e-d2d8-35bc-910a-594b7060c8c7,"Silane, tetrafluoro-",Elementary flows/emission/air/troposphere/rural,1.6032998290412404e-14,kg,,,,no_factor_in_ipcc_ar6_100
10e2e8ee-20c2-3c82-aa52-d913af304fab,Rhenium,Elementary flows/resource/ground/subterranean,-7.551833124571472e-15,kg,,,,no_factor_in_ipcc_ar6_100
e1c1391b-82c9-30b2-9465-eaba58441ad3,"Particulate matter, ≤ 2.5μm",Elementary flows/emission/air/stratosphere,3.5524883250992813e-16,kg,,,,no_factor_in_ipcc_ar6_100
8fdfe007-b212-34a7-870d-1ee2cb0d53e2,Iron(II),Elementary flows/emission/water/fresh water body/river,1.010337324519729e-09,kg,,,,no_factor_in_ipcc_ar6_100
bfb7ef20-031c-33bb-ba49-f4583175b44d,Land use,Elementary flows/resource/water,-3.110849874838249e-07,m2*a,,,,no_factor_in_ipcc_ar6_100
6b2e7976-975a-3ad3-82f5-af0eb49fbb60,Potassium(I),Elementary flows/emission/water/subterranean,4.8786709724569e-09,kg,,,,no_factor_in_ipcc_ar6_100
6ecf11fc-fa9c-39d0-a608-415add0f05e4,Hydrochloric acid,Elementary flows/emission/air/stratosphere,8.03990633401919e-18,kg,,,,no_factor_in_ipcc_ar6_100
dd1df36d-18bf-3d4b-8765-e0f0b713853d,Copper(I),Elementary flows/emission/water/fresh water body/lake,9.055285459249803e-17,kg,,,,no_factor_in_ipcc_ar6_100
10911077-bfb2-35cd-afb0-409c9056be48,Beryllium,Elementary flows/emission/water/subterranean,2.9442836413804304e-12,kg,,,,no_factor_in_ipcc_ar6_100
de40a11d-a62b-3d3b-be52-346a779934ba,Sulfate,Elementary flows/emission/water/subterranean,1.2259210315682086e-07,kg,,,,no_factor_in_ipcc_ar6_100
8cde4557-26ef-3e1b-b0bb-da4e7375f278,Hexachlorobenzene,Elementary flows/emission/air/troposphere/urban,3.366244081321933e-16,kg,,,,no_factor_in_ipcc_ar6_100
ce5cb6c3-6172-30c3-a7a9-30854538eda7,"Volume occupied, underground deposit",Elementary flows/resource/non-FEDEFL/ground/human-dominated,-9.008623699219184e-12,m3,,,,no_factor_in_ipcc_ar6_100
7bd52401-0f17-383a-9b24-9cd751bdb93c,Silver(I),Elementary flows/emission/water/subterranean,3.8482046636774425e-14,kg,,,,no_factor_in_ipcc_ar6_100
4971b86e-3384-3ee3-a440-aeeff96a4bbb,Carbon monoxide,Elementary flows/emission/air/troposphere/urban,1.7508204025040632e-08,kg,,,,no_factor_in_ipcc_ar6_100
46173a49-3677-3508-83c9-8a43bb47c4f2,Zinc(II),Elementary flows/emission/water/fresh water body/lake,5.8248174790031334e-18,kg,,,,no_factor_in_ipcc_ar6_100
eae1d56b-3cf1-30c2-b250-a9deef8bb3ba,Chromium(III),Elementary flows/emission/water/saline water body/ocean,1.7695866121937152e-11,kg,,,,no_factor_in_ipcc_ar6_100
23c6be5a-ea98-31f4-990b-da9bb479c299,Tritium,Elementary flows/emission/water/fresh water body/river,2.9306955723320413e-05,kBq,,,,no_factor_in_ipcc_ar6_100
bac0f994-00ee-37bd-9a93-3bb71e962f3f,Potassium-40,Elementary flows/emission/water/subterranean,6.190591862111662e-13,kBq,,,,no_factor_in_ipcc_ar6_100
7defcc4b-a2bf-3f58-9d22-44af257d871c,Ammonium,Elementary flows/emission/water/subterranean,3.9093698306913424e-11,kg,,,,no_factor_in_ipcc_ar6_100
f1290a57-b4d9-361b-bc68-0c97b29edb38,Aromatic hydrocarbons,Elementary flows/emission/air/troposphere/rural,3.00677943734851e-11,kg,,,,no_factor_in_ipcc_ar6_100
584410cc-1115-3c8f-a190-5231f0fdd5a2,Methylene chloride,Elementary flows/emission/water/fresh water body/river,1.354631494248225e-10,kg,,,,no_factor_in_ipcc_ar6_100
89b2f741-307e-3a5e-986a-58ae16012f0b,o-Dichlorobenzene,Elementary flows/emission/water/fresh water body/river,1.4108919025938738e-13,kg,,,,no_factor_in_ipcc_ar6_100
8cc6fec1-424d-3339-b06b-e6c7aa9be7fa,"Hydrocarbons, chlorinated",Elementary flows/emission/air/troposphere/urban,3.05474664835249e-13,kg,,,,no_factor_in_ipcc_ar6_100
73a317cc-eb23-35dc-aa06-4607d8a27792,Pentachlorobenzene,Elementary flows/emission/air/troposphere/urban,8.449577602600226e-16,kg,,,,no_factor_in_ipcc_ar6_100
bb507e83-fc92-36b4-998b-617306b45b33,"Paraffin, C7",Elementary flows/emission/air/troposphere/urban/low,5.712272058073332e-17,kg,,,,no_factor_in_ipcc_ar6_100
21f6316b-3a22-33f1-83a1-89cbafa7d969,Stibnite,Elementary flows/resource/ground/subterranean,-9.843325699704546e-15,kg,,,,no_factor_in_ipcc_ar6_100
7cde5ade-4ac2-3c91-91c7-598042fb6685,Carbon,Elementary flows/resource/ground/subterranean,-2.4578026788246516e-10,kg,,,,no_factor_in_ipcc_ar6_100
e525de1a-f57a-30da-920f-a8677de1e014,Fluoride,Elementary flows/emission/water/subterranean,8.616359628423299e-09,kg,,,,no_factor_in_ipcc_ar6_100
ba25ef36-64c9-319d-bca5-cfce4a4acd4a,Radium-226,Elementary flows/emission/water/subterranean,5.745222910077041e-12,kBq,,,,no_factor_in_ipcc_ar6_100
f6812794-ed9c-33ee-9b47-8a2372dc8461,Hydrocarbons,Elementary flows/emission/air/troposphere/urban,3.4617210723817106e-10,kg,,,,no_factor_in_ipcc_ar6_100
e2335993-8b8a-326a-b7fe-4b440c1dfa7a,Polonium-210,Elementary flows/emission/water/subterranean,7.793849685655863e-12,kBq,,,,no_factor_in_ipcc_ar6_100
aff1d420-de39-3561-91cb-743dfc05a8f8,Diatomite,Elementary flows/resource/ground/subterranean,-9.471895123088874e-14,kg,,,,no_factor_in_ipcc_ar6_100
7e600c15-9a77-30e9-b1e1-3efabd927cee,Iron(II),Elementary flows/emission/water/subterranean,2.7071554393478693e-08,kg,,,,no_factor_in_ipcc_ar6_100
f30f7c5b-ef89-36e0-9a91-01a90badadf2,Strontium,Elementary flows/emission/water/subterranean,3.868246991095996e-10,kg,,,,no_factor_in_ipcc_ar6_100
869175ea-a966-3acd-a0f2-77f1dcc41ff5,Silicon,Elementary flows/emission/water/subterranean,4.10148416438839e-07,kg,,,,no_factor_in_ipcc_ar6_100
8713826f-f7a3-3e93-a205-85b73329d4f8,Polycyclic aromatic hydrocarbons,Elementary flows/emission/air/troposphere/urban,1.3246059079110183e-12,kg,,,,no_factor_in_ipcc_ar6_100
23ce091f-5068-380b-a5a1-b46847733c5f,Trimethylchlorosilane,Elementary flows/emission/air/troposphere/urban,9.119299269339341e-16,kg,,,,no_factor_in_ipcc_ar6_100
34d7f066-c723-3623-a11b-e9b6d4cd5b75,Nitrogen oxides,Elementary flows/emission/air/stratosphere,1.3088037822445639e-13,kg,,,,no_factor_in_ipcc_ar6_100
3033c5d7-7f5e-3b5a-b85a-162b4e3c6ab0,Cobalt,Elementary flows/emission/water/subterranean,1.3417536162746488e-10,kg,,,,no_factor_in_ipcc_ar6_100
4d76596b-6ca5-3a68-a511-96b6fcd5b9b8,Nickel(II),Elementary flows/emission/water/subterranean,8.97190062521138e-10,kg,,,,no_factor_in_ipcc_ar6_100
c7f08a9a-bb9f-3ac5-8577-111e196c508f,"Energy, heat",Elementary flows/emission/air/troposphere/rural,0.0006825217401199448,MJ,,,,no_factor_in_ipcc_ar6_100
c0ac1dbd-f4aa-3367-ab2b-c10880ac446d,Cadmium(II),Elementary flows/emission/water/fresh water body/river,1.7496939783885515e-12,kg,,,,no_factor_in_ipcc_ar6_100
adb4b590-7fb2-47b6-84e7-d4746a94c7b5,"Volume occupied, final repository for radioactive waste",Elementary flows/resource/non-FEDEFL/ground/human-dominated,-2.076742859058245e-13,m3,,,,no_factor_in_ipcc_ar6_100
f7ba41fb-f153-39ed-b53a-4e6a44eebf5c,Iodide,Elementary flows/emission/water/subterranean,6.432482767930814e-13,kg,,,,no_factor_in_ipcc_ar6_100
17a422a9-785d-3e0f-aa17-0c791546fb6e,Zinc(II),Elementary flows/emission/water/fresh water body/river,6.447203800109695e-10,kg,,,,no_factor_in_ipcc_ar6_100
cd4aaf47-6ed4-3f43-8975-1d0867bdd29d,"Particulate matter, > 10μm",Elementary flows/emission/air/troposphere/urban,4.068400267639347e-09,kg,,,,no_factor_in_ipcc_ar6_100
f0e4f26b-b184-3825-bde9-aa829c3c281d,Tungsten,Elementary flows/emission/water/subterranean,4.175798125291014e-12,kg,,,,no_factor_in_ipcc_ar6_100
4377e096-cf59-381a-ae6f-8f12185295c3,Antimony,Elementary flows/emission/water/subterranean,1.7188867902765485e-11,kg,,,,no_factor_in_ipcc_ar6_100
5e3bb292-7878-3df8-805a-f0b16e3cd597,Scandium,Elementary flows/emission/water/subterranean,5.773891697464879e-12,kg,,,,no_factor_in_ipcc_ar6_100
b59e2b5b-59bf-3d68-93fd-804078b5302e,Phosphorus,Elementary flows/emission/water/subterranean,2.6753912961230035e-14,kg,,,,no_factor_in_ipcc_ar6_100
0ca94761-2a8f-39c2-84d3-d0e4b182419d,Carboxylic acids,Elementary flows/emission/water/fresh water body/river,3.011985908165786e-08,kg,,,,no_factor_in_ipcc_ar6_100
6153bae0-d116-38b2-932d-fbc5dd518238,Molybdenum,Elementary flows/emission/water/subterranean,1.4515287920759476e-11,kg,,,,no_factor_in_ipcc_ar6_100
c5d5a21d-dd57-3775-aabd-6b0e74fc5e9f,Sodium(I),Elementary flows/emission/water/subterranean,1.8677556624592114e-08,kg,,,,no_factor_in_ipcc_ar6_100
630916b3-a6d6-3e28-af41-729fd6660a86,Cadmium(II),Elementary flows/emission/water/subterranean,3.0848434741584435e-12,kg,,,,no_factor_in_ipcc_ar6_100
e07ab66b-36e9-351c-a10f-f04e849814fc,Arsenic(V),Elementary flows/emission/water/fresh water body/lake,2.3487909257604103e-18,kg,,,,no_factor_in_ipcc_ar6_100
79361594-33fa-3e5e-9c77-f50b80a551af,Thallium,Elementary flows/emission/water/subterranean,4.404320456252386e-13,kg,,,,no_factor_in_ipcc_ar6_100
e5277c84-8db3-3ab5-b081-3138f330a6ef,Nickel(II),Elementary flows/emission/water/fresh water body/river,1.1863302301536834e-11,kg,,,,no_factor_in_ipcc_ar6_100
295a03e4-b2cb-31db-9aa2-37f72de6b066,Fluorine,Elementary flows/resource/ground/subterranean,-7.721906464371345e-10,kg,,,,no_factor_in_ipcc_ar6_100
54a96e48-78b9-34df-875d-64caa3b6145a,Copper(I),Elementary flows/emission/water/fresh water body/river,1.1267948906882466e-11,kg,,,,no_factor_in_ipcc_ar6_100
498f15f2-62c0-32b5-9d00-5b4b19faee14,Dissolved Organic Carbon,Elementary flows/emission/water/subterranean,2.6808291894154804e-08,kg,,,,no_factor_in_ipcc_ar6_100
2f07aa48-036a-3b4c-9449-83c03d200a2e,"Energy, heat",Elementary flows/emission/air/troposphere/urban,0.0006764447784760728,MJ,,,,no_factor_in_ipcc_ar6_100
8a4ae5c9-fcd0-328c-89a3-df7a74928bbb,Sodium(I),Elementary flows/emission/water/fresh water body/river,2.5091023734715283e-06,kg,,,,no_factor_in_ipcc_ar6_100
606f9bb2-11c4-310f-85bb-e7806368efd4,Gallium,Elementary flows/resource/ground/subterranean,-1.3589584170264697e-16,kg,,,,no_factor_in_ipcc_ar6_100
dbb31483-8913-344f-a840-c87616e90ef2,Aromatic hydrocarbons,Elementary flows/emission/air/troposphere/urban,5.907590131060932e-11,kg,,,,no_factor_in_ipcc_ar6_100
11164b7d-8438-3558-a033-5ff6f7e3843b,Cinnabar,Elementary flows/resource/ground/subterranean,-3.680114432632629e-13,kg,,,,no_factor_in_ipcc_ar6_100
9a9d71c7-79f7-42d0-af47-282d22a7cf07,"Volume occupied, reservoir",Elementary flows/resource/non-FEDEFL/ground/human-dominated,-7.012066481344187e-07,m3*a,,,,no_factor_in_ipcc_ar6_100
e8f13601-bd2d-3b9b-929f-58a94be6ec9a,Gypsum,Elementary flows/resource/ground/subterranean,-1.9614035377005604e-11,kg,,,,no_factor_in_ipcc_ar6_100
e17c23a6-a53b-3774-b099-786f76deb85c,"Particulate matter, ≤ 2.5μm",Elementary flows/emission/air/troposphere/urban,9.0301898491424e-09,kg,,,,no_factor_in_ipcc_ar6_100
f0dcfb5e-67e7-35c0-8e15-b01af6febad1,"Particulate matter, > 2.5μm and ≤ 10μm",Elementary flows/emission/air/troposphere/rural,2.477051761679154e-08,kg,,,,no_factor_in_ipcc_ar6_100
ef199c1d-eaee-348d-9cdd-a3002a16a7c6,Shale,Elementary flows/resource/ground/subterranean,-8.852865319330644e-12,kg,,,,no_factor_in_ipcc_ar6_100
f06bf041-664d-3e87-8523-8b3a17690829,Lead,Elementary flows/emission/water/subterranean,5.4663544427918036e-11,kg,,,,no_factor_in_ipcc_ar6_100
7b561227-ede3-3172-a299-d2e2309bd033,Mercury,Elementary flows/emission/water/subterranean,1.584930687812162e-12,kg,,,,no_factor_in_ipcc_ar6_100
bd9eb873-4aa8-3f68-9fc2-c2916a5e5893,Radionuclides,Elementary flows/emission/air/troposphere/urban,1.5192600230421862e-07,kBq,,,,no_factor_in_ipcc_ar6_100
f6df5030-8e06-4276-bfeb-219db8dab104,"Volume occupied, final repository for low-active radioactive waste",Elementary flows/resource/non-FEDEFL/ground/human-dominated,-8.56025887805105e-13,m3,,,,no_factor_in_ipcc_ar6_100
1a8b13e4-9252-37ac-8cd2-779e8f14faf7,"Hydrocarbons, chlorinated",Elementary flows/emission/air/troposphere/rural,9.49611995710315e-16,kg,,,,no_factor_in_ipcc_ar6_100
cc39b220-d9ed-30a0-a6b8-90fd40b502e7,Land use,Elementary flows/resource/ground/human-dominated/commercial,-2.3001946307337037e-08,m2*a,,,,no_factor_in_ipcc_ar6_100
7bf6562e-fe4b-33b1-b4e3-29547b3850e0,Pentachlorophenol,Elementary flows/emission/air/troposphere/urban,1.3154613326004891e-16,kg,,,,no_factor_in_ipcc_ar6_100
698207e8-3ab7-38ef-9e17-a9fff2cbcf79,Ulexite,Elementary flows/resource/ground/subterranean,-7.034923462330925e-12,kg,,,,no_factor_in_ipcc_ar6_100
80e6ef5e-0473-343e-867b-0eeb5cc63a02,Orthophosphate,Elementary flows/emission/water/subterranean,4.621639347981517e-09,kg,,,,no_factor_in_ipcc_ar6_100
4d2c3c85-841e-3479-b59c-38449bfa25c0,Volatile organic compounds,Elementary flows/emission/air/troposphere/urban,1.2944963818963656e-08,kg,,,,no_factor_in_ipcc_ar6_100
37a91845-a4d0-3d1d-a6c6-8cc4553611f9,Iodine,Elementary flows/emission/air/troposphere/urban,3.508751402835365e-14,kg,,,,no_factor_in_ipcc_ar6_100
ca633652-35d8-359d-88d3-de412ca2df6d,Chrysotile,Elementary flows/resource/ground/subterranean,-4.083144054466976e-12,kg,,,,no_factor_in_ipcc_ar6_100
d9276517-ee4d-339f-88e6-348bc58612ee,Indium,Elementary flows/resource/ground/subterranean,-7.880235523625401e-12,kg,,,,no_factor_in_ipcc_ar6_100
56fb0ba5-83de-3789-a8d0-5104408c2399,Radionuclides,Elementary flows/emission/water/saline water body/ocean,6.770913464846304e-07,kBq,,,,no_factor_in_ipcc_ar6_100
5b3c4ccf-4bd8-39a3-9737-a88e786aaf6d,Sylvite,Elementary flows/resource/ground/subterranean,-5.329017896815565e-10,kg,,,,no_factor_in_ipcc_ar6_100
b403a7a0-2942-3eb4-ae51-7e07331bce02,Chromium(VI),Elementary flows/emission/water/subterranean,8.319986881567511e-10,kg,,,,no_factor_in_ipcc_ar6_100
3308807a-b709-33c9-93b1-23ebecfcdd81,Zinc(II),Elementary flows/emission/water/subterranean,6.255710392668319e-09,kg,,,,no_factor_in_ipcc_ar6_100
b5c96655-c17e-3083-9081-4f6f8660b7f1,"1,4-Butanediol",Elementary flows/emission/air/troposphere/urban,1.0491519727502454e-15,kg,,,,no_factor_in_ipcc_ar6_100
efb992d3-1b48-37c5-ae0c-8957e3dd29a1,"1H-Pyrrole-3-carbonitrile, 4-(2,3-dichlorophenyl)-",Elementary flows/emission/ground/human-dominated/agricultural,1.0468343247998334e-14,kg,,,,no_factor_in_ipcc_ar6_100
a8c1782b-9554-3346-ada3-a7130375c73a,Ethylene oxide,Elementary flows/emission/air/stratosphere,1.7079671154354346e-15,kg,,,,no_factor_in_ipcc_ar6_100
6071a457-00a0-3579-ba90-f2fffe497f8b,Paraffins,Elementary flows/emission/non-FEDEFL/water/fresh water body/river,1.6577595637115877e-16,kg,,,,no_factor_in_ipcc_ar6_100
442df537-26cb-3935-901f-d3f56a92f0d8,Rubidium,Elementary flows/emission/water/subterranean,7.27385729062239e-14,kg,,,,no_factor_in_ipcc_ar6_100
859309b4-d4ae-30f4-a64d-14bc7ed8c0a8,Chlorine,Elementary flows/emission/water/subterranean,2.9924172658259033e-12,kg,,,,no_factor_in_ipcc_ar6_100
272e60cf-1e1f-3997-a93d-17f7698571e6,"Water, saline",Elementary flows/resource/water/saline water body,-0.00015000908490603014,kg,,,,no_factor_in_ipcc_ar6_100
fe92ae46-75fd-3fd4-9b7d-994ba86f29ca,Calcium(II),Elementary flows/emission/water/fresh water body/lake,2.6723129849613448e-12,kg,,,,no_factor_in_ipcc_ar6_100
a44d8707-9d5e-34ff-a341-e10a4a86cd91,Benzene,Elementary flows/emission/air/stratosphere,1.864990224499696e-16,kg,,,,no_factor_in_ipcc_ar6_100
a83c46e2-e714-3163-8fde-1ef084c4401d,Kieserite,Elementary flows/resource/ground/subterranean,-2.4163456066954754e-11,kg,,,,no_factor_in_ipcc_ar6_100
94fa398f-ca31-364a-92c5-a222a18b9e50,"Particulate matter, > 10μm",Elementary flows/emission/air/troposphere/rural,5.0336001538495504e-08,kg,,,,no_factor_in_ipcc_ar6_100
b9c964d0-25aa-3679-a481-371ee38f8b3d,"Oils, biogenic",Elementary flows/emission/non-FEDEFL/ground/human-dominated/agricultural,8.359263644466104e-12,kg,,,,no_factor_in_ipcc_ar6_100
5130c067-ff3f-3a64-b85c-577707274633,Water,Elementary flows/emission/air/stratosphere,1.1592229204529112e-11,kg,,,,no_factor_in_ipcc_ar6_100
2f4cf059-0325-301e-8c88-91a8dc981722,Polycyclic aromatic hydrocarbons,Elementary flows/emission/air/troposphere/rural,4.225759919896358e-12,kg,,,,no_factor_in_ipcc_ar6_100
02e907be-62ba-33b1-8552-a6cdd525a9e2,Cadmium(II),Elementary flows/emission/water/fresh water body/lake,1.995047801330273e-18,kg,,,,no_factor_in_ipcc_ar6_100
3d6b952b-708a-330f-8292-db28fd1afcd0,Iodine,Elementary flows/emission/air/troposphere/rural,1.05419527111043e-11,kg,,,,no_factor_in_ipcc_ar6_100
151f9a2a-5b3a-386f-8a65-3fd71e51b736,Sulfur dioxide,Elementary flows/emission/air/stratosphere,9.348752692293859e-15,kg,,,,no_factor_in_ipcc_ar6_100
fef76fd6-a63f-36b1-a6db-5c72cc65e7c1,Nickel(II),Elementary flows/emission/water/fresh water body/lake,8.02930725597161e-18,kg,,,,no_factor_in_ipcc_ar6_100
2570f24f-2d5c-3282-80a4-cff9015de794,"Oils, unspecified",Elementary flows/emission/non-FEDEFL/water/fresh water body/river,6.423279351755065e-07,kg,,,,no_factor_in_ipcc_ar6_100
c03cb6a0-1fce-38fc-8e74-88afb8c6ef91,Helium,Elementary flows/resource/air/subterranean,-6.859515709673557e-16,kg,,,,no_factor_in_ipcc_ar6_100
3eaedc6b-b016-30dc-83ed-6dbcdd67fcb1,Tritium,Elementary flows/emission/air/troposphere/rural,3.8805296480385895e-06,kBq,,,,no_factor_in_ipcc_ar6_100
3a2d87cd-f82a-3f95-a045-66c6499d91a1,Carboxylic acids,Elementary flows/emission/water/saline water body/ocean,2.105410220113416e-08,kg,,,,no_factor_in_ipcc_ar6_100
688af4a2-9de5-38a8-87bd-08ac66b23b0e,Hydrogen sulfide,Elementary flows/emission/water/subterranean,5.166865196264772e-11,kg,,,,no_factor_in_ipcc_ar6_100
888246f3-e23e-3514-9b1d-7189fe7ef911,Thorium-228,Elementary flows/emission/water/subterranean,6.279539821450715e-14,kBq,,,,no_factor_in_ipcc_ar6_100
b0c2e64b-22b6-32bb-ac26-3a96ff69caa4,"Oils, biogenic",Elementary flows/emission/non-FEDEFL/ground,9.72893667248617e-12,kg,,,,no_factor_in_ipcc_ar6_100
85403ceb-612c-494a-bcab-901946278f58,"Oils, unspecified",Elementary flows/emission/non-FEDEFL/ground/human-dominated/agricultural,7.982083520870241e-07,kg,,,,no_factor_in_ipcc_ar6_100
8980726c-48d1-3abe-a2f3-b4cc26b508c5,Uranium,Elementary flows/emission/water/subterranean,2.1888133939372701e-16,kg,,,,no_factor_in_ipcc_ar6_100
a1dfaca4-3c1e-302c-b1b4-d97e43ac1984,Vermiculite,Elementary flows/resource/ground/subterranean,-3.1146854973293866e-12,kg,,,,no_factor_in_ipcc_ar6_100
fa63d01a-df48-346c-9663-3ffaa71b023b,Formaldehyde,Elementary flows/emission/air/stratosphere,1.472482872698817e-15,kg,,,,no_factor_in_ipcc_ar6_100
4f4b4c96-312d-3fdf-a91c-bf8c83aeb1e4,Tellurium,Elementary flows/resource/ground/subterranean,-4.2766546073824736e-13,kg,,,,no_factor_in_ipcc_ar6_100
b2d22702-cfc2-3f69-acc5-b06272130077,Hardwood,Elementary flows/resource/biotic,-1.2251456718530622e-07,kg,,,,no_factor_in_ipcc_ar6_100
ee3ee3df-41d5-34f6-b3de-c2f17fd02f50,Calcium(II),Elementary flows/emission/water/fresh water body/river,2.5614538458269616e-07,kg,,,,no_factor_in_ipcc_ar6_100
860b7eb3-18fa-3f9f-9ba7-7a7655999528,Vanadium(III),Elementary flows/emission/water/fresh water body/river,5.523358076126752e-12,kg,,,,no_factor_in_ipcc_ar6_100
0727fbdb-9d8e-3fed-bc91-c8d907e90249,"Oils, unspecified",Elementary flows/emission/non-FEDEFL/ground/human-dominated/industrial,2.1443741340575213e-11,kg,,,,no_factor_in_ipcc_ar6_100
c5dd29bb-9757-3e45-bb62-bf40f723d196,"Coal, lignite",Elementary flows/resource/ground/subterranean,-9.99233430919891e-05,MJ,,,,no_factor_in_ipcc_ar6_100
5d437b40-c676-3000-bc2b-9057eecc80bc,"Suspended solids, inorganic",Elementary flows/emission/water/subterranean,2.5256784985596648e-08,kg,,,,no_factor_in_ipcc_ar6_100
78eb12d7-d09b-3d36-8d35-b42a1e3cda24,"2,3,7,8-Tetrachlorodibenzo-p-dioxin",Elementary flows/emission/air/troposphere/rural,5.575104729959413e-18,kg,,,,no_factor_in_ipcc_ar6_100
22357d69-40ec-3e2e-8112-791fd80cf2ca,Total Organic Carbon,Elementary flows/emission/water/subterranean,2.6808291894154804e-08,kg,,,,no_factor_in_ipcc_ar6_100
28fab415-3723-3eb3-9831-4df3088e40ba,Pentachlorophenol,Elementary flows/emission/air/troposphere/rural,1.481799321095705e-13,kg,,,,no_factor_in_ipcc_ar6_100
838d9e24-cef2-30ca-a31c-38c1e8aaf3b7,Sand,Elementary flows/resource/ground/subterranean,-1.4786125882037153e-10,kg,,,,no_factor_in_ipcc_ar6_100
6941c86c-fedd-3dab-be75-5758429829cc,Ethylbenzene,Elementary flows/emission/air/troposphere/rural,4.400627235106245e-16,kg,,,,no_factor_in_ipcc_ar6_100
3ec2e4c2-e0cc-34c3-a5a9-8f8c1aef3dcc,Lead-210,Elementary flows/emission/water/subterranean,5.121650593357969e-12,kBq,,,,no_factor_in_ipcc_ar6_100
f4acc1d3-7983-39c9-825f-53c965585dde,Land use,Elementary flows/resource/ground/human-dominated/urban,-3.5259950516116e-11,m2*a,,,,no_factor_in_ipcc_ar6_100
76569d1d-e514-3989-b367-4965bdff13b5,Tribromoethene,Elementary flows/emission/air,1.0788000000000135e-09,kg,,,,no_factor_in_ipcc_ar6_100
5d34c905-e392-39a0-a9a6-ec4fe6c12a77,Water,Elementary flows/resource/water/fresh water body,3.186061451242611e-16,kg,,,,no_factor_in_ipcc_ar6_100
bf9a98d7-16de-3777-b21d-ee9edc177ca0,Limestone,Elementary flows/resource/ground/subterranean,-0.00015386068301144346,kg,,,,no_factor_in_ipcc_ar6_100
4ef93178-f74c-3bb3-af35-313d9712ce0a,Particulate matter,Elementary flows/emission/air/troposphere/rural,8.169703965638725e-09,kg,,,,no_factor_in_ipcc_ar6_100
4066c63c-8ae1-3458-9ba0-8138d4923e36,"Raw material, unspecified",Elementary flows/resource/non-FEDEFL/ground,-9.229862803012377e-15,kg,,,,no_factor_in_ipcc_ar6_100
20670726-1f47-3ae3-950f-4b334ccf5817,Orthophosphate,Elementary flows/resource/ground/subterranean,-2.068399792824374e-09,kg,,,,no_factor_in_ipcc_ar6_100
f22f49a3-881a-3647-ade6-c37cf5b402b1,Dimethyl ether,Elementary flows/emission/air/troposphere/rural,2.649907076963678e-10,kg,,,,no_factor_in_ipcc_ar6_100
049cde67-89d0-345d-ac14-d4f34f1171a0,Beryllium compounds,Elementary flows/emission/ground,1.4241966038197525e-10,kg,,,,no_factor_in_ipcc_ar6_100
d7a8a675-6b07-3c41-a0b8-4d6b77e465dc,Antimony compounds,Elementary flows/emission/ground,1.2367877478250672e-10,kg,,,,no_factor_in_ipcc_ar6_100
57323c54-c665-33da-bbb2-1e1f524095cf,Arsenic compounds,Elementary flows/emission/ground,4.816865899225724e-09,kg,,,,no_factor_in_ipcc_ar6_100
b9b2f179-18a6-36d1-8155-e3f43b903829,Beryllium compounds,Elementary flows/emission/water,8.264255584068899e-13,kg,,,,no_factor_in_ipcc_ar6_100
9daa2e85-d57f-39ad-afbd-93645948a896,Thallium compounds,Elementary flows/emission/water,2.016151143360271e-11,kg,,,,no_factor_in_ipcc_ar6_100
9bf19fc2-481a-3eda-b1f8-c5817718d975,Trisodium phosphate,Elementary flows/emission/air,4.5749831873002286e-11,kg,,,,no_factor_in_ipcc_ar6_100
f48bfb4d-b114-301c-bba7-05fa2f7ff246,Dioxins,Elementary flows/emission/ground,8.140369195598462e-16,kg,,,,no_factor_in_ipcc_ar6_100
9203d763-f596-3b81-a4c3-471382594ded,"Glycol ethers, subset",Elementary flows/emission/air,3.2104848913677498e-12,kg,,,,no_factor_in_ipcc_ar6_100
a5b42357-fee3-38d9-ab70-07cafad5397a,Quinoline,Elementary flows/emission/air/troposphere/rural/ground-level,3.203728799440262e-13,kg,,,,no_factor_in_ipcc_ar6_100
df2bc5a8-fc8a-36e6-9170-cd04bc1b103b,Acetamide,Elementary flows/emission/air/troposphere/rural,1.9179175640901047e-12,kg,,,,no_factor_in_ipcc_ar6_100
ef1107a3-b1ca-3cd7-9838-7da7c0a46ad5,Flufenacet,Elementary flows/emission/air/troposphere/rural,7.851428379210507e-13,kg,,,,no_factor_in_ipcc_ar6_100
6c209e8b-6ab5-3641-835f-4c4b6f5952a6,Cloransulam-methyl,Elementary flows/emission/air/troposphere/rural,9.29975712526523e-13,kg,,,,no_factor_in_ipcc_ar6_100
4a48eba1-1700-3b74-82d0-b9edae17b394,Diflubenzuron,Elementary flows/emission/air/troposphere/rural,9.814285474013127e-14,kg,,,,no_factor_in_ipcc_ar6_100
8c843563-46f9-3424-ba56-bdb37db692a5,Quizalofop-ethyl,Elementary flows/emission/air/troposphere/rural,3.6601511708966676e-13,kg,,,,no_factor_in_ipcc_ar6_100
bb522ea2-c106-3345-bc63-c0eef60cda1a,Sethoxydim,Elementary flows/emission/air/troposphere/rural,7.878850647446712e-13,kg,,,,no_factor_in_ipcc_ar6_100
a5e702ea-ead9-305c-9558-665f92e7f42b,Fomesafen,Elementary flows/emission/water,5.066367147874351e-13,kg,,,,no_factor_in_ipcc_ar6_100
6ba4c1da-c033-3657-bdb9-ce7fd745b760,Carbaryl,Elementary flows/emission/air/troposphere/rural,8.93099978135194e-13,kg,,,,no_factor_in_ipcc_ar6_100
b92371c6-7a65-35fc-b6a3-88f15f701d5d,Clethodim,Elementary flows/emission/air/troposphere/rural,5.282250500932443e-12,kg,,,,no_factor_in_ipcc_ar6_100
ae151cff-d7c6-394d-a8c9-a56b466f6b15,Dicamba,Elementary flows/emission/air/troposphere/rural,5.986714139148012e-13,kg,,,,no_factor_in_ipcc_ar6_100
5876d9a1-936e-314a-ac38-65078d819937,Thiodicarb,Elementary flows/emission/air/troposphere/rural,3.8275713348651153e-13,kg,,,,no_factor_in_ipcc_ar6_100
9b81b4ea-5a4c-312f-aded-326ecacd0bfd,Esfenvalerate,Elementary flows/emission/air/troposphere/rural,1.1150038592571826e-12,kg,,,,no_factor_in_ipcc_ar6_100
e4dfbcc1-85e8-3159-9628-c9363608c70d,Lactofen,Elementary flows/emission/air/troposphere/rural,1.5097401941310937e-12,kg,,,,no_factor_in_ipcc_ar6_100
a217b502-cb2b-36d0-9b13-ad2f8cf4cba6,Acifluorfen,Elementary flows/emission/water,4.582199167530829e-14,kg,,,,no_factor_in_ipcc_ar6_100
1e0a9f92-c0f8-3bf4-82b8-c9b9f8467754,Methyl parathion,Elementary flows/emission/air/troposphere/rural,1.2088890460343234e-12,kg,,,,no_factor_in_ipcc_ar6_100
92781bd2-3da5-358a-b642-b23de7896267,"2,4-D",Elementary flows/emission/air/troposphere/rural,7.327165125238749e-11,kg,,,,no_factor_in_ipcc_ar6_100
ea60ee48-3084-34a0-9067-f72fbaf952ae,Atrazine,Elementary flows/emission/air/troposphere/rural,5.984260567779507e-12,kg,,,,no_factor_in_ipcc_ar6_100
3bd91acc-0632-32a4-a9a0-15b630132f2f,Acifluorfen,Elementary flows/emission/air/troposphere/rural,1.069179805757195e-12,kg,,,,no_factor_in_ipcc_ar6_100
097eb6e3-470e-3227-9865-f9f85908ca84,Flumetsulam,Elementary flows/emission/air/troposphere/rural,1.8372919718262761e-13,kg,,,,no_factor_in_ipcc_ar6_100
ee83e5fb-5e9f-3d4d-b59a-9fbba2a8f36a,Pyraclostrobin,Elementary flows/emission/air/troposphere/rural,2.7283713617756454e-12,kg,,,,no_factor_in_ipcc_ar6_100
9ce50858-3323-35ee-abed-3ce76c9a0669,Carfentrazone-ethyl,Elementary flows/emission/air/troposphere/rural,9.814285474013127e-14,kg,,,,no_factor_in_ipcc_ar6_100
2164ae7e-a04a-3403-96fe-cc620946faeb,Imazaquin,Elementary flows/emission/air/troposphere/rural,1.4992042700192842e-12,kg,,,,no_factor_in_ipcc_ar6_100
90eab498-6460-3cc3-ae40-3fbc870fd3a1,Imazethapyr,Elementary flows/emission/air/troposphere/rural,3.1029739786550845e-12,kg,,,,no_factor_in_ipcc_ar6_100
0c7751fb-3126-38dc-a4a8-4f9881e172db,Cyfluthrin,Elementary flows/emission/air/troposphere/rural,1.8647142400624958e-13,kg,,,,no_factor_in_ipcc_ar6_100
57c6b5f6-a406-3342-8cbf-c82dfa282fd9,Permethrin,Elementary flows/emission/air/troposphere/rural,9.861191985469813e-13,kg,,,,no_factor_in_ipcc_ar6_100
fb1ed273-a738-3017-a9b5-ba651e78e24b,Fomesafen,Elementary flows/emission/air/troposphere/rural,1.1821523345040157e-11,kg,,,,no_factor_in_ipcc_ar6_100
9dbe8081-f6b5-32be-855b-0a5b8a608605,Flumiclorac-pentyl,Elementary flows/emission/air/troposphere/rural,3.1427362675975825e-13,kg,,,,no_factor_in_ipcc_ar6_100
df1b3850-7725-33bc-92c5-0829fa08721b,Fluazifop-P-butyl,Elementary flows/emission/air/troposphere/rural,2.0944118184726677e-12,kg,,,,no_factor_in_ipcc_ar6_100
cec43d22-929c-394d-9934-adf6050f220a,Imazamox,Elementary flows/emission/air/troposphere/rural,4.702197363872765e-13,kg,,,,no_factor_in_ipcc_ar6_100
a50c5f2c-9a5f-386e-8bb9-92bc8864fbd9,Fenoxaprop,Elementary flows/emission/air/troposphere/rural,1.4593698172129956e-12,kg,,,,no_factor_in_ipcc_ar6_100
38bae87e-e21c-381b-9393-efc594ea155a,Acephate,Elementary flows/emission/air/troposphere/rural,7.787635523629419e-12,kg,,,,no_factor_in_ipcc_ar6_100
e0c114b3-668e-3be1-9c96-5c5261fd4d7d,Azoxystrobin,Elementary flows/emission/air/troposphere/rural,3.5379468221477618e-12,kg,,,,no_factor_in_ipcc_ar6_100
aa549d04-b60d-3fed-9d71-6faa7f69c87f,Gamma-cyhalothrin,Elementary flows/emission/air/troposphere/rural,2.1400915442451002e-12,kg,,,,no_factor_in_ipcc_ar6_100
f9405c03-5dca-3e63-95e4-e9fab32ded73,Zeta-Cypermethrin,Elementary flows/emission/air/troposphere/rural,4.523952620337374e-13,kg,,,,no_factor_in_ipcc_ar6_100
f6c760c4-28f2-352d-be20-d140a4be8e13,Thifensulfuron,Elementary flows/emission/air/troposphere/rural,1.0737982930390839e-13,kg,,,,no_factor_in_ipcc_ar6_100
93f3b86c-45ff-3f5f-a244-b389786cdc18,Trifloxystrobin,Elementary flows/emission/air/troposphere/rural,6.869999831809183e-14,kg,,,,no_factor_in_ipcc_ar6_100
2c00bb6c-4fb3-34ef-8054-a5259f7ff54e,Sulfentrazone,Elementary flows/emission/air/troposphere/rural,7.534412525627126e-12,kg,,,,no_factor_in_ipcc_ar6_100
ad0a5f9f-2257-350c-8a19-328d50f1d82c,Chlorimuron-ethyl,Elementary flows/emission/air/troposphere/rural,1.7859113008152662e-12,kg,,,,no_factor_in_ipcc_ar6_100
a878d482-351c-347f-a931-535cfe42d488,Quizalofop-ethyl,Elementary flows/emission/water,1.568636216098576e-14,kg,,,,no_factor_in_ipcc_ar6_100
bbf7b495-85aa-370e-973f-d586f512028b,Propiconazole,Elementary flows/emission/air/troposphere/rural,1.1580856859335484e-12,kg,,,,no_factor_in_ipcc_ar6_100
5bbe3ff4-8b34-3c29-9567-1994851ecbcd,Paraquat,Elementary flows/emission/air/troposphere/rural,6.29940016090461e-12,kg,,,,no_factor_in_ipcc_ar6_100
ee42d862-7489-3d39-bfa1-e1b4f123a36b,Fenoxaprop,Elementary flows/emission/water,6.25444207376999e-14,kg,,,,no_factor_in_ipcc_ar6_100
d2726fe3-f04c-38bc-b5b5-4ec66f9d11fe,Flumioxazin,Elementary flows/emission/air/troposphere/rural,3.1800449851715915e-12,kg,,,,no_factor_in_ipcc_ar6_100
3a10ad4e-2c19-3be8-b199-249d7020bba1,"Water, fresh",Elementary flows/resource/water/fresh water body,-2.853463950788629e-16,kg,,,,no_factor_in_ipcc_ar6_100
47c8b76f-f52e-3f52-bccf-19eb92a9fd54,1-Methylfluorene,Elementary flows/emission/water,7.493668161921943e-15,kg,,,,no_factor_in_ipcc_ar6_100
d221cc8c-6727-32a7-a21a-19e92766ba4e,p-Cymene,Elementary flows/emission/water,6.580923421793059e-15,kg,,,,no_factor_in_ipcc_ar6_100
6187175f-c6b5-313b-9128-f3a0a1ccd2c5,"Benzenes, alkylated, unspecified",Elementary flows/emission/non-FEDEFL/water,4.320381209834883e-11,kg,,,,no_factor_in_ipcc_ar6_100
5a4e33ff-0765-324a-a5b9-4b7965dcd3dc,Thallium,Elementary flows/emission/ground/human-dominated/industrial,6.172228297303676e-18,kg,,,,no_factor_in_ipcc_ar6_100
ca8c794d-a66a-355d-b1ad-187b634a68a3,Silver,Elementary flows/emission/ground/human-dominated/industrial,2.2750246622326812e-18,kg,,,,no_factor_in_ipcc_ar6_100
76a96f3f-4995-3b35-9b20-990bf891c064,Vanadium,Elementary flows/emission/ground/human-dominated/industrial,1.4824280382642917e-16,kg,,,,no_factor_in_ipcc_ar6_100
e72ee520-de55-3389-9260-df621346d01f,Process effluent,Elementary flows/emission/non-FEDEFL/water,0.01004077273398689,kg,,,,no_factor_in_ipcc_ar6_100
