process_id,process_name,flow_id,flow_name,flow_type,signed_amount,unit,provider_id,provider_name,reason
00ffef59-551a-3b98-9ce8-580729c21ed6,Electricity - SOLAR - Arizona Public Service Company,e382de33-5d82-3ead-a045-f676eebd7667,OTH INORGANIC SOLIDS,WASTE_FLOW,0.0170942282497422,kg,,,기본 공급자가 없거나 그 공정의 기준 흐름을 읽지 못했다.
00ffef59-551a-3b98-9ce8-580729c21ed6,Electricity - SOLAR - Arizona Public Service Company,66e610e1-1733-390a-82e0-d801990b71ba,LAB PACKS/NO ACUTE,WASTE_FLOW,0.021431569745945442,kg,,,기본 공급자가 없거나 그 공정의 기준 흐름을 읽지 못했다.
00ffef59-551a-3b98-9ce8-580729c21ed6,Electricity - SOLAR - Arizona Public Service Company,1cfabc08-7e1a-3bbd-b5e4-8ce8954dfc54,"WASTEWATER TREATMENT SLUDGES FROM ELECTROPLATING OPERATIONS, EXCEPT FROM THE FOLLOWING PROCESSES: (1) SULFURIC ACID ANODIZING OF ALUMINUM; (2) TIN PLATING ON CARBON STEEL; (3) ZINC PLATING (SEGREGATED BASIS) ON CARBON STEEL; (4) ALUMINUM OR ZINC-ALUMINUM ",WASTE_FLOW,23.047357022148688,kg,,,기본 공급자가 없거나 그 공정의 기준 흐름을 읽지 못했다.
00ffef59-551a-3b98-9ce8-580729c21ed6,Electricity - SOLAR - Arizona Public Service Company,50a90a6b-bb89-32e4-bc27-7725250477bc,OTH ORGANIC LIQUID,WASTE_FLOW,0.2857542632792725,kg,,,기본 공급자가 없거나 그 공정의 기준 흐름을 읽지 못했다.
00ffef59-551a-3b98-9ce8-580729c21ed6,Electricity - SOLAR - Arizona Public Service Company,2c0313f3-cd99-363f-9f3c-f34d8a1d0208,LEAD,WASTE_FLOW,0.012586794930158433,kg,,,기본 공급자가 없거나 그 공정의 기준 흐름을 읽지 못했다.
00ffef59-551a-3b98-9ce8-580729c21ed6,Electricity - SOLAR - Arizona Public Service Company,cd7a2acd-6b88-37cb-b0f4-938ab7ddb780,"PAINT, INK, ETC.",WASTE_FLOW,0.6773906866129183,kg,,,기본 공급자가 없거나 그 공정의 기준 흐름을 읽지 못했다.
00ffef59-551a-3b98-9ce8-580729c21ed6,Electricity - SOLAR - Arizona Public Service Company,fec1ec90-e0a9-33cd-9cb7-01218fce4760,OTH INORGANIC LIQUID,WASTE_FLOW,0.008929820727477266,kg,,,기본 공급자가 없거나 그 공정의 기준 흐름을 읽지 못했다.
00ffef59-551a-3b98-9ce8-580729c21ed6,Electricity - SOLAR - Arizona Public Service Company,d5d165f8-aad3-3b82-a849-1d158c5d031d,CORROSIVE WASTE,WASTE_FLOW,959.20672885955,kg,,,기본 공급자가 없거나 그 공정의 기준 흐름을 읽지 못했다.
00ffef59-551a-3b98-9ce8-580729c21ed6,Electricity - SOLAR - Arizona Public Service Company,ae6699f4-beff-3f26-8ec1-0d58b5deae89,"THE FOLLOWING SPENT NONHALOGENATED SOLVENTS: TOLUENE, METHYL ETHYL KETONE, CARBON DISULFIDE, ISOBUTANOL, PYRIDINE, BENZENE, 2-ETHOXYETHANOL, AND 2-NITROPROPANE; ALL SPENT SOLVENT MIXTURES/BLENDS CONTAINING, BEFORE USE, A TOTAL OF TEN PERCENT OR MORE (BY V",WASTE_FLOW,0.27206187149714073,kg,,,기본 공급자가 없거나 그 공정의 기준 흐름을 읽지 못했다.
00ffef59-551a-3b98-9ce8-580729c21ed6,Electricity - SOLAR - Arizona Public Service Company,7fdc2f5e-70bd-3dd4-a6c0-288a85597858,OTHER AQUEOUS WST,WASTE_FLOW,0.7167669437255086,kg,,,기본 공급자가 없거나 그 공정의 기준 흐름을 읽지 못했다.
00ffef59-551a-3b98-9ce8-580729c21ed6,Electricity - SOLAR - Arizona Public Service Company,79d7ff97-744b-3343-9b2e-26cd2758424c,CONT. DEBRIS,WASTE_FLOW,0.36246567562388676,kg,,,기본 공급자가 없거나 그 공정의 기준 흐름을 읽지 못했다.
00ffef59-551a-3b98-9ce8-580729c21ed6,Electricity - SOLAR - Arizona Public Service Company,36693162-edff-38f9-8112-55fb1e802159,COMPRESSED GAS,WASTE_FLOW,0.0020411018805662324,kg,,,기본 공급자가 없거나 그 공정의 기준 흐름을 읽지 못했다.
00ffef59-551a-3b98-9ce8-580729c21ed6,Electricity - SOLAR - Arizona Public Service Company,f5bb2272-b96d-30c8-bbd2-97ac661eb879,"THE FOLLOWING SPENT NONHALOGENATED SOLVENTS: XYLENE, ACETONE, ETHYL ACETATE, ETHYL BENZENE, ETHYL ETHER, METHYL ISOBUTYL KETONE, N-BUTYL ALCOHOL, CYCLOHEXANONE, AND METHANOL; ALL SPENT SOLVENT MIXTURES/BLENDS CONTAINING, BEFORE USE, ONLY THE ABOVE SPENT N",WASTE_FLOW,457.20426986948536,kg,,,기본 공급자가 없거나 그 공정의 기준 흐름을 읽지 못했다.
00ffef59-551a-3b98-9ce8-580729c21ed6,Electricity - SOLAR - Arizona Public Service Company,751445c0-1204-3973-b58d-bdf0112cfbe5,ELECTRICAL DEVICES,WASTE_FLOW,0.03512396152807725,kg,,,기본 공급자가 없거나 그 공정의 기준 흐름을 읽지 못했다.
00ffef59-551a-3b98-9ce8-580729c21ed6,Electricity - SOLAR - Arizona Public Service Company,18c6b770-4063-37d6-930c-64bf5a274910,IGNITABLE WASTE,WASTE_FLOW,9.562562310452797,kg,,,기본 공급자가 없거나 그 공정의 기준 흐름을 읽지 못했다.
00ffef59-551a-3b98-9ce8-580729c21ed6,Electricity - SOLAR - Arizona Public Service Company,eb57fdb2-dc92-378b-8727-29e05ff89d35,NONHALOGEN. SOLVENT,WASTE_FLOW,0.7575039354251429,kg,,,기본 공급자가 없거나 그 공정의 기준 흐름을 읽지 못했다.
00ffef59-551a-3b98-9ce8-580729c21ed6,Electricity - SOLAR - Arizona Public Service Company,5a5bd8b3-54b4-34e2-bb86-45fd5862a9eb,"HYDROFLUORIC ACID (C,T) (OR) HYDROGEN FLUORIDE (C,T)",WASTE_FLOW,0.0020411018805662324,kg,,,기본 공급자가 없거나 그 공정의 기준 흐름을 읽지 못했다.
00ffef59-551a-3b98-9ce8-580729c21ed6,Electricity - SOLAR - Arizona Public Service Company,1b0ee7da-153d-34a5-86b3-723efa6e177b,CHROMIUM,WASTE_FLOW,6.991879537791319,kg,,,기본 공급자가 없거나 그 공정의 기준 흐름을 읽지 못했다.
00ffef59-551a-3b98-9ce8-580729c21ed6,Electricity - SOLAR - Arizona Public Service Company,3943bd3e-5354-3f3b-9d2a-ad12d1250b14,MERCURY,WASTE_FLOW,0.009355050285928566,kg,,,기본 공급자가 없거나 그 공정의 기준 흐름을 읽지 못했다.
00ffef59-551a-3b98-9ce8-580729c21ed6,Electricity - SOLAR - Arizona Public Service Company,86777ae4-78e9-36aa-b759-2f7b6993166a,"BENZENE, METHYL- (OR) TOLUENE",WASTE_FLOW,0.004847616966344802,kg,,,기본 공급자가 없거나 그 공정의 기준 흐름을 읽지 못했다.
00ffef59-551a-3b98-9ce8-580729c21ed6,Electricity - SOLAR - Arizona Public Service Company,1fde4048-7ae7-3ecd-8fb9-b690f6b4c230,ARSENIC,WASTE_FLOW,0.060637735035155155,kg,,,기본 공급자가 없거나 그 공정의 기준 흐름을 읽지 못했다.
00ffef59-551a-3b98-9ce8-580729c21ed6,Electricity - SOLAR - Arizona Public Service Company,1296b2d3-2fc0-3a8a-b913-45da9093c4df,REACTIVE WASTE,WASTE_FLOW,0.23710800179244398,kg,,,기본 공급자가 없거나 그 공정의 기준 흐름을 읽지 못했다.
00ffef59-551a-3b98-9ce8-580729c21ed6,Electricity - SOLAR - Arizona Public Service Company,a889649a-281a-3444-90ba-7fbe9296b0be,LAB PACK,WASTE_FLOW,0.3446910800806225,kg,,,기본 공급자가 없거나 그 공정의 기준 흐름을 읽지 못했다.
02b15fe4-1290-3b4a-863d-2928946b0592,Electricity - SOLAR - New York Independent System Operator,ac647bd3-bc3d-3033-a9d9-fab4f44889d0,OTH ORGANIC SOLIDS,WASTE_FLOW,0.5039651834962111,kg,,,기본 공급자가 없거나 그 공정의 기준 흐름을 읽지 못했다.
02b15fe4-1290-3b4a-863d-2928946b0592,Electricity - SOLAR - New York Independent System Operator,9e6a8a52-6512-39f4-868b-2770a065da09,SILVER,WASTE_FLOW,0.29915525003396914,kg,,,기본 공급자가 없거나 그 공정의 기준 흐름을 읽지 못했다.
02b15fe4-1290-3b4a-863d-2928946b0592,Electricity - SOLAR - New York Independent System Operator,a3835f5d-6425-3a65-b6d7-6ab3132e228a,BATTERIES,WASTE_FLOW,0.03555728011497257,kg,,,기본 공급자가 없거나 그 공정의 기준 흐름을 읽지 못했다.
02b15fe4-1290-3b4a-863d-2928946b0592,Electricity - SOLAR - New York Independent System Operator,66e610e1-1733-390a-82e0-d801990b71ba,LAB PACKS/NO ACUTE,WASTE_FLOW,0.07194423009929449,kg,,,기본 공급자가 없거나 그 공정의 기준 흐름을 읽지 못했다.
02b15fe4-1290-3b4a-863d-2928946b0592,Electricity - SOLAR - New York Independent System Operator,9108d69c-0266-3105-ba49-c0dc765ce931,PAINT THINNER,WASTE_FLOW,0.11852426704990855,kg,,,기본 공급자가 없거나 그 공정의 기준 흐름을 읽지 못했다.
02b15fe4-1290-3b4a-863d-2928946b0592,Electricity - SOLAR - New York Independent System Operator,f8398592-014f-3f3c-a4ac-a792b6f6dada,WASTE PHARMACEUTICAL,WASTE_FLOW,0.21595121456493338,kg,,,기본 공급자가 없거나 그 공정의 기준 흐름을 읽지 못했다.
02b15fe4-1290-3b4a-863d-2928946b0592,Electricity - SOLAR - New York Independent System Operator,f5bb2272-b96d-30c8-bbd2-97ac661eb879,"THE FOLLOWING SPENT NONHALOGENATED SOLVENTS: XYLENE, ACETONE, ETHYL ACETATE, ETHYL BENZENE, ETHYL ETHER, METHYL ISOBUTYL KETONE, N-BUTYL ALCOHOL, CYCLOHEXANONE, AND METHANOL; ALL SPENT SOLVENT MIXTURES/BLENDS CONTAINING, BEFORE USE, ONLY THE ABOVE SPENT N",WASTE_FLOW,0.009481941363992684,kg,,,기본 공급자가 없거나 그 공정의 기준 흐름을 읽지 못했다.
02b15fe4-1290-3b4a-863d-2928946b0592,Electricity - SOLAR - New York Independent System Operator,25d6a001-078d-3f10-8905-d280b3f0a9f8,ACIDIC AQUEOUS WST,WASTE_FLOW,0.006637358954794879,kg,,,기본 공급자가 없거나 그 공정의 기준 흐름을 읽지 못했다.
02b15fe4-1290-3b4a-863d-2928946b0592,Electricity - SOLAR - New York Independent System Operator,36693162-edff-38f9-8112-55fb1e802159,COMPRESSED GAS,WASTE_FLOW,0.029156969694277505,kg,,,기본 공급자가 없거나 그 공정의 기준 흐름을 읽지 못했다.
02b15fe4-1290-3b4a-863d-2928946b0592,Electricity - SOLAR - New York Independent System Operator,5a5bd8b3-54b4-34e2-bb86-45fd5862a9eb,"HYDROFLUORIC ACID (C,T) (OR) HYDROGEN FLUORIDE (C,T)",WASTE_FLOW,0.0020149125398484457,kg,,,기본 공급자가 없거나 그 공정의 기준 흐름을 읽지 못했다.
02b15fe4-1290-3b4a-863d-2928946b0592,Electricity - SOLAR - New York Independent System Operator,d5d165f8-aad3-3b82-a849-1d158c5d031d,CORROSIVE WASTE,WASTE_FLOW,1.6605249813692187,kg,,,기본 공급자가 없거나 그 공정의 기준 흐름을 읽지 못했다.
02b15fe4-1290-3b4a-863d-2928946b0592,Electricity - SOLAR - New York Independent System Operator,cd7a2acd-6b88-37cb-b0f4-938ab7ddb780,"PAINT, INK, ETC.",WASTE_FLOW,0.04622446414946434,kg,,,기본 공급자가 없거나 그 공정의 기준 흐름을 읽지 못했다.
02b15fe4-1290-3b4a-863d-2928946b0592,Electricity - SOLAR - New York Independent System Operator,2c0313f3-cd99-363f-9f3c-f34d8a1d0208,LEAD,WASTE_FLOW,0.0010667184034491768,kg,,,기본 공급자가 없거나 그 공정의 기준 흐름을 읽지 못했다.
02b15fe4-1290-3b4a-863d-2928946b0592,Electricity - SOLAR - New York Independent System Operator,208a0308-3ccf-3c0b-bc69-51889c1055d9,2-PROPANONE (I) (OR) ACETONE (I),WASTE_FLOW,0.038994483859419914,kg,,,기본 공급자가 없거나 그 공정의 기준 흐름을 읽지 못했다.
02b15fe4-1290-3b4a-863d-2928946b0592,Electricity - SOLAR - New York Independent System Operator,1b0ee7da-153d-34a5-86b3-723efa6e177b,CHROMIUM,WASTE_FLOW,2.062322246668409,kg,,,기본 공급자가 없거나 그 공정의 기준 흐름을 읽지 못했다.
02b15fe4-1290-3b4a-863d-2928946b0592,Electricity - SOLAR - New York Independent System Operator,10ce21c1-ec96-3705-99d2-98020a4daa25,"ETHENE, TETRACHLORO- (OR) TETRACHLOROETHYLENE",WASTE_FLOW,0.059973279127253726,kg,,,기본 공급자가 없거나 그 공정의 기준 흐름을 읽지 못했다.
02b15fe4-1290-3b4a-863d-2928946b0592,Electricity - SOLAR - New York Independent System Operator,8db806f7-3ac1-344d-a5b9-1e616a705c51,"ZINC PHOSPHIDE ZN3P2, WHEN PRESENT AT CONCENTRATIONS OF 10% OR LESS",WASTE_FLOW,0.14199207192579044,kg,,,기본 공급자가 없거나 그 공정의 기준 흐름을 읽지 못했다.
02b15fe4-1290-3b4a-863d-2928946b0592,Electricity - SOLAR - New York Independent System Operator,e382de33-5d82-3ead-a045-f676eebd7667,OTH INORGANIC SOLIDS,WASTE_FLOW,4.5679252521034766,kg,,,기본 공급자가 없거나 그 공정의 기준 흐름을 읽지 못했다.
02b15fe4-1290-3b4a-863d-2928946b0592,Electricity - SOLAR - New York Independent System Operator,fec1ec90-e0a9-33cd-9cb7-01218fce4760,OTH INORGANIC LIQUID,WASTE_FLOW,1.237630396535145,kg,,,기본 공급자가 없거나 그 공정의 기준 흐름을 읽지 못했다.
02b15fe4-1290-3b4a-863d-2928946b0592,Electricity - SOLAR - New York Independent System Operator,3943bd3e-5354-3f3b-9d2a-ad12d1250b14,MERCURY,WASTE_FLOW,0.010430135500391952,kg,,,기본 공급자가 없거나 그 공정의 기준 흐름을 읽지 못했다.
02b15fe4-1290-3b4a-863d-2928946b0592,Electricity - SOLAR - New York Independent System Operator,6a41027e-3557-329e-be45-1ae193bf2740,BARIUM,WASTE_FLOW,1.1345379890551348,kg,,,기본 공급자가 없거나 그 공정의 기준 흐름을 읽지 못했다.
02b15fe4-1290-3b4a-863d-2928946b0592,Electricity - SOLAR - New York Independent System Operator,50a90a6b-bb89-32e4-bc27-7725250477bc,OTH ORGANIC LIQUID,WASTE_FLOW,0.29346608521557355,kg,,,기본 공급자가 없거나 그 공정의 기준 흐름을 읽지 못했다.
02b15fe4-1290-3b4a-863d-2928946b0592,Electricity - SOLAR - New York Independent System Operator,18c6b770-4063-37d6-930c-64bf5a274910,IGNITABLE WASTE,WASTE_FLOW,1.02393114304416,kg,,,기본 공급자가 없거나 그 공정의 기준 흐름을 읽지 못했다.
02b15fe4-1290-3b4a-863d-2928946b0592,Electricity - SOLAR - New York Independent System Operator,7fdc2f5e-70bd-3dd4-a6c0-288a85597858,OTHER AQUEOUS WST,WASTE_FLOW,0.6269933726940162,kg,,,기본 공급자가 없거나 그 공정의 기준 흐름을 읽지 못했다.
02b15fe4-1290-3b4a-863d-2928946b0592,Electricity - SOLAR - New York Independent System Operator,751445c0-1204-3973-b58d-bdf0112cfbe5,ELECTRICAL DEVICES,WASTE_FLOW,0.05072838629736085,kg,,,기본 공급자가 없거나 그 공정의 기준 흐름을 읽지 못했다.
04287680-954c-33c9-bf82-891492a5935b,Electricity - MIXED - Florida Power & Light Co.,14d67c68-0a06-328b-9347-1aaa9bc5f53a,"Water, reclaimed",PRODUCT_FLOW,-76207.17463494348,kg,,,기본 공급자가 없거나 그 공정의 기준 흐름을 읽지 못했다.
05f50395-a535-4928-bc68-006d20fd21e7,"Sawn lumber, softwood; rough, kiln-dried; at kiln",857b6119-e3cf-4403-9541-c3c64f5620ef,"Green coproducts, softwood; fuel; at sawmill",PRODUCT_FLOW,-7.4,kg,8614ca58-dd7d-4102-9fd5-ea6852fb5a2c,"Sawn lumber, softwood; rough, green; at sawmill",차원이 다르다: kg(mass) -> m3(volume)
05f50395-a535-4928-bc68-006d20fd21e7,"Sawn lumber, softwood; rough, kiln-dried; at kiln",3d19e1b9-94ff-4a62-9a91-fb356ec5886c,"Dry coproducts, softwood; fuel; at planer",PRODUCT_FLOW,-0.52,kg,bc33e50d-116a-40b7-b628-fc061e1b3f44,"Sawn lumber, softwood; planed, kiln-dried, packaged; at planer",차원이 다르다: kg(mass) -> m3(volume)
06af2b42-5406-3917-87c7-ee55ee991450,"Electricity - NUCLEAR - PJM Interconnection, LLC",e755b899-f70a-3aef-ab6a-95c52be5747a,METAL SALTS/CHEM.,WASTE_FLOW,1.456028258208935e-05,kg,,,기본 공급자가 없거나 그 공정의 기준 흐름을 읽지 못했다.
06af2b42-5406-3917-87c7-ee55ee991450,"Electricity - NUCLEAR - PJM Interconnection, LLC",cc41b6e9-d395-3cf7-9091-58a459a9bd08,"THE FOLLOWING SPENT HALOGENATED SOLVENTS USED IN DEGREASING: TETRACHLOROETHYLENE, TRICHLORETHYLENE, METHYLENE CHLORIDE, 1,1,1-TRICHLOROETHANE, CARBON TETRACHLORIDE AND CHLORINATED FLUOROCARBONS; ALL SPENT SOLVENT MIXTURES/BLENDS USED IN DEGREASING CONTAIN",WASTE_FLOW,7.280141291044675e-06,kg,,,기본 공급자가 없거나 그 공정의 기준 흐름을 읽지 못했다.
06af2b42-5406-3917-87c7-ee55ee991450,"Electricity - NUCLEAR - PJM Interconnection, LLC",fec1ec90-e0a9-33cd-9cb7-01218fce4760,OTH INORGANIC LIQUID,WASTE_FLOW,5.460105968283505e-07,kg,,,기본 공급자가 없거나 그 공정의 기준 흐름을 읽지 못했다.
06af2b42-5406-3917-87c7-ee55ee991450,"Electricity - NUCLEAR - PJM Interconnection, LLC",2c0313f3-cd99-363f-9f3c-f34d8a1d0208,LEAD,WASTE_FLOW,0.0003331210651249766,kg,,,기본 공급자가 없거나 그 공정의 기준 흐름을 읽지 못했다.
06af2b42-5406-3917-87c7-ee55ee991450,"Electricity - NUCLEAR - PJM Interconnection, LLC",3943bd3e-5354-3f3b-9d2a-ad12d1250b14,MERCURY,WASTE_FLOW,1.0010194275186428e-06,kg,,,기본 공급자가 없거나 그 공정의 기준 흐름을 읽지 못했다.
06af2b42-5406-3917-87c7-ee55ee991450,"Electricity - NUCLEAR - PJM Interconnection, LLC",1b0ee7da-153d-34a5-86b3-723efa6e177b,CHROMIUM,WASTE_FLOW,0.00012558243727052063,kg,,,기본 공급자가 없거나 그 공정의 기준 흐름을 읽지 못했다.
06af2b42-5406-3917-87c7-ee55ee991450,"Electricity - NUCLEAR - PJM Interconnection, LLC",66e610e1-1733-390a-82e0-d801990b71ba,LAB PACKS/NO ACUTE,WASTE_FLOW,7.280141291044675e-07,kg,,,기본 공급자가 없거나 그 공정의 기준 흐름을 읽지 못했다.
06af2b42-5406-3917-87c7-ee55ee991450,"Electricity - NUCLEAR - PJM Interconnection, LLC",f5bb2272-b96d-30c8-bbd2-97ac661eb879,"THE FOLLOWING SPENT NONHALOGENATED SOLVENTS: XYLENE, ACETONE, ETHYL ACETATE, ETHYL BENZENE, ETHYL ETHER, METHYL ISOBUTYL KETONE, N-BUTYL ALCOHOL, CYCLOHEXANONE, AND METHANOL; ALL SPENT SOLVENT MIXTURES/BLENDS CONTAINING, BEFORE USE, ONLY THE ABOVE SPENT N",WASTE_FLOW,1.3413660328749813e-05,kg,,,기본 공급자가 없거나 그 공정의 기준 흐름을 읽지 못했다.
06af2b42-5406-3917-87c7-ee55ee991450,"Electricity - NUCLEAR - PJM Interconnection, LLC",d5d165f8-aad3-3b82-a849-1d158c5d031d,CORROSIVE WASTE,WASTE_FLOW,0.0001391052997186361,kg,,,기본 공급자가 없거나 그 공정의 기준 흐름을 읽지 못했다.
06af2b42-5406-3917-87c7-ee55ee991450,"Electricity - NUCLEAR - PJM Interconnection, LLC",7fdc2f5e-70bd-3dd4-a6c0-288a85597858,OTHER AQUEOUS WST,WASTE_FLOW,2.5480494518656362e-06,kg,,,기본 공급자가 없거나 그 공정의 기준 흐름을 읽지 못했다.
06af2b42-5406-3917-87c7-ee55ee991450,"Electricity - NUCLEAR - PJM Interconnection, LLC",18c6b770-4063-37d6-930c-64bf5a274910,IGNITABLE WASTE,WASTE_FLOW,8.051836267895409e-05,kg,,,기본 공급자가 없거나 그 공정의 기준 흐름을 읽지 못했다.
071c0c94-6cce-3b29-9fc2-3c1175019d8f,Electricity - GAS - Duke Energy Carolinas,e50e1a15-cc5a-3d3a-8bf2-6f695268acae,SPENT FILTERS,WASTE_FLOW,0.0001826185815318015,kg,,,기본 공급자가 없거나 그 공정의 기준 흐름을 읽지 못했다.
076898a5-e1ce-3c50-9df4-6445fc0bb6aa,Iron; sand casted,69ef8304-9821-462c-a765-652d22fdcbb9,"Disposal, grinding residue; to sanitary landfill",WASTE_FLOW,0.0557,kg,,,기본 공급자가 없거나 그 공정의 기준 흐름을 읽지 못했다.
076898a5-e1ce-3c50-9df4-6445fc0bb6aa,Iron; sand casted,29249dc2-6692-3d13-97a8-4369125e8156,Tea gas; at plant,PRODUCT_FLOW,-0.0025,kg,,,기본 공급자가 없거나 그 공정의 기준 흐름을 읽지 못했다.
076898a5-e1ce-3c50-9df4-6445fc0bb6aa,Iron; sand casted,cb4f150c-4cf5-416a-816c-91da62cb2992,"Disposal, biohazard waste; to sanitary landfill",WASTE_FLOW,7.2e-07,kg,,,기본 공급자가 없거나 그 공정의 기준 흐름을 읽지 못했다.
076898a5-e1ce-3c50-9df4-6445fc0bb6aa,Iron; sand casted,598fd038-1a5b-432b-b8d1-07d5dd1b3e63,"Disposal, resins; unspecified; to sanitary landfill",WASTE_FLOW,0.00016,kg,,,기본 공급자가 없거나 그 공정의 기준 흐름을 읽지 못했다.
076898a5-e1ce-3c50-9df4-6445fc0bb6aa,Iron; sand casted,41c0a913-a76b-4777-9e9a-7dd5845d833c,"Disposal, sludge; to sanitary landfill",WASTE_FLOW,0.197,kg,,,기본 공급자가 없거나 그 공정의 기준 흐름을 읽지 못했다.
076898a5-e1ce-3c50-9df4-6445fc0bb6aa,Iron; sand casted,73dd9f37-cb13-48d9-ada1-5a7edf1e9d3b,"Disposal, empty pails and drums; to sanitary landfill",WASTE_FLOW,1.2e-05,kg,,,기본 공급자가 없거나 그 공정의 기준 흐름을 읽지 못했다.
076898a5-e1ce-3c50-9df4-6445fc0bb6aa,Iron; sand casted,df346863-dba8-49d0-8df8-50897a05b88f,"Disposal, petroleum based wastes; unspecified; to sanitary landfill",WASTE_FLOW,0.00207,kg,,,기본 공급자가 없거나 그 공정의 기준 흐름을 읽지 못했다.
076898a5-e1ce-3c50-9df4-6445fc0bb6aa,Iron; sand casted,93ccefc4-7a92-358d-a7ef-5cda90b4657b,Adhesives and binders; at plant,PRODUCT_FLOW,-0.00105,kg,,,기본 공급자가 없거나 그 공정의 기준 흐름을 읽지 못했다.
076898a5-e1ce-3c50-9df4-6445fc0bb6aa,Iron; sand casted,8929cc75-0d98-480c-a17e-3ff563dc5a81,"Disposal, baghouse dust; to sanitary landfill",WASTE_FLOW,1.4e-05,kg,,,기본 공급자가 없거나 그 공정의 기준 흐름을 읽지 못했다.
076898a5-e1ce-3c50-9df4-6445fc0bb6aa,Iron; sand casted,adc79a99-03bc-3f30-8e32-3fded81f5b76,Recycled wood waste; unspecified,PRODUCT_FLOW,-0.0006,kg,,,기본 공급자가 없거나 그 공정의 기준 흐름을 읽지 못했다.
076898a5-e1ce-3c50-9df4-6445fc0bb6aa,Iron; sand casted,71013162-ee53-3d6a-9089-40391353e875,Recycled municipal solid wastes; unspecified,PRODUCT_FLOW,-0.00443,kg,,,기본 공급자가 없거나 그 공정의 기준 흐름을 읽지 못했다.
076898a5-e1ce-3c50-9df4-6445fc0bb6aa,Iron; sand casted,6238e764-0f42-36dd-accf-04d0eea40a0c,Recycled construction debris; unspecified,PRODUCT_FLOW,-2e-05,kg,,,기본 공급자가 없거나 그 공정의 기준 흐름을 읽지 못했다.
076898a5-e1ce-3c50-9df4-6445fc0bb6aa,Iron; sand casted,ee45a5e2-4278-3874-8c99-2fee9a994541,Recycled biohazard waste; unspecified,PRODUCT_FLOW,-2.4e-06,kg,,,기본 공급자가 없거나 그 공정의 기준 흐름을 읽지 못했다.
076898a5-e1ce-3c50-9df4-6445fc0bb6aa,Iron; sand casted,9c51f3b9-90f4-39f7-b33f-14cc1657d4e1,Recycled rubber,PRODUCT_FLOW,-0.0368,kg,,,기본 공급자가 없거나 그 공정의 기준 흐름을 읽지 못했다.
076898a5-e1ce-3c50-9df4-6445fc0bb6aa,Iron; sand casted,af1cb8e1-9ab5-302e-a5ec-ee74e4bfa796,Carbon dioxide; liquid; at plant,PRODUCT_FLOW,-0.00082,kg,,,기본 공급자가 없거나 그 공정의 기준 흐름을 읽지 못했다.
076898a5-e1ce-3c50-9df4-6445fc0bb6aa,Iron; sand casted,d8ee4bfd-61cc-44c1-8b6a-36a639b0af24,"Disposal, corrosive and toxic liquids; unspecified; to sanitary landfill",WASTE_FLOW,5.3e-05,kg,,,기본 공급자가 없거나 그 공정의 기준 흐름을 읽지 못했다.
076898a5-e1ce-3c50-9df4-6445fc0bb6aa,Iron; sand casted,6430f8c1-2c42-408e-9265-b066613cc17a,"Disposal, contaminated carbon; to sanitary landfill",WASTE_FLOW,8.5e-05,kg,,,기본 공급자가 없거나 그 공정의 기준 흐름을 읽지 못했다.
076898a5-e1ce-3c50-9df4-6445fc0bb6aa,Iron; sand casted,4bc506fa-2e8c-38fb-8c35-98baa9eb24f9,Recycled cardboard,PRODUCT_FLOW,-0.00014,kg,,,기본 공급자가 없거나 그 공정의 기준 흐름을 읽지 못했다.
076898a5-e1ce-3c50-9df4-6445fc0bb6aa,Iron; sand casted,e47a831a-40a8-381a-bc31-368f4f6e2d70,Release agent; unspecified; at plant,PRODUCT_FLOW,-0.00052,kg,,,기본 공급자가 없거나 그 공정의 기준 흐름을 읽지 못했다.
076898a5-e1ce-3c50-9df4-6445fc0bb6aa,Iron; sand casted,b62daf19-4352-394e-a1e2-28d3227b021c,Shot blast; unspecified,PRODUCT_FLOW,-0.0109,kg,,,기본 공급자가 없거나 그 공정의 기준 흐름을 읽지 못했다.
076898a5-e1ce-3c50-9df4-6445fc0bb6aa,Iron; sand casted,adf210b8-8591-425f-ab5a-c46b89e0eaa6,"Disposal, refractory material; to sanitary landfill",WASTE_FLOW,0.00015,kg,,,기본 공급자가 없거나 그 공정의 기준 흐름을 읽지 못했다.
076898a5-e1ce-3c50-9df4-6445fc0bb6aa,Iron; sand casted,3a201620-b6a0-3c82-bd97-e32d01683a45,Metallurgical coke; combusted in industrial boiler,PRODUCT_FLOW,-0.00022,kg,,,기본 공급자가 없거나 그 공정의 기준 흐름을 읽지 못했다.
076898a5-e1ce-3c50-9df4-6445fc0bb6aa,Iron; sand casted,6ce816f5-2917-3fb2-be40-5edf2d77acf3,Alloying metals and additives; at plant,PRODUCT_FLOW,-0.0666,kg,,,기본 공급자가 없거나 그 공정의 기준 흐름을 읽지 못했다.
076898a5-e1ce-3c50-9df4-6445fc0bb6aa,Iron; sand casted,6d0bea3a-d915-3d7f-8730-24e39c4a2696,Ceramic filters; at plant,PRODUCT_FLOW,-0.0003,kg,,,기본 공급자가 없거나 그 공정의 기준 흐름을 읽지 못했다.
076898a5-e1ce-3c50-9df4-6445fc0bb6aa,Iron; sand casted,ab672c54-c7bf-48e1-bfa8-abbbc506b188,"Disposal, rubber; to sanitary landfill",WASTE_FLOW,7.6e-05,kg,,,기본 공급자가 없거나 그 공정의 기준 흐름을 읽지 못했다.
076898a5-e1ce-3c50-9df4-6445fc0bb6aa,Iron; sand casted,7ecc6ee6-69d3-3ee4-ba6b-4c6bea27f3c4,Core additives and catalyst for iron casting,PRODUCT_FLOW,-0.00141,kg,,,기본 공급자가 없거나 그 공정의 기준 흐름을 읽지 못했다.
076898a5-e1ce-3c50-9df4-6445fc0bb6aa,Iron; sand casted,23aa5480-42a7-4c0c-ae0f-5d95e93e9637,"Disposal, lead containing waste; to sanitary landfill",WASTE_FLOW,1e-05,kg,,,기본 공급자가 없거나 그 공정의 기준 흐름을 읽지 못했다.
076898a5-e1ce-3c50-9df4-6445fc0bb6aa,Iron; sand casted,541d0030-9f63-3ae8-acc5-5d35be0a4b0f,Tea gas scrubber; at plant,PRODUCT_FLOW,-0.00085,kg,,,기본 공급자가 없거나 그 공정의 기준 흐름을 읽지 못했다.
076898a5-e1ce-3c50-9df4-6445fc0bb6aa,Iron; sand casted,dedb7007-3a85-3f32-a800-9b274c3fad99,Nitrogen; at plant,PRODUCT_FLOW,-0.0156,kg,,,기본 공급자가 없거나 그 공정의 기준 흐름을 읽지 못했다.
076898a5-e1ce-3c50-9df4-6445fc0bb6aa,Iron; sand casted,33eb6a88-a7af-3d11-bb41-81083c4f2ac1,Curing agent; at plant,PRODUCT_FLOW,-0.0183,kg,,,기본 공급자가 없거나 그 공정의 기준 흐름을 읽지 못했다.
076898a5-e1ce-3c50-9df4-6445fc0bb6aa,Iron; sand casted,547976a9-cb16-4c41-99b6-c575f5e266de,"Disposal, acid pickling waste; to sanitary landfill",WASTE_FLOW,0.00088,kg,,,기본 공급자가 없거나 그 공정의 기준 흐름을 읽지 못했다.
076898a5-e1ce-3c50-9df4-6445fc0bb6aa,Iron; sand casted,f33bee76-de28-3da6-a2a4-e0e66675c7da,Recycled baghouse dust; unspecified,PRODUCT_FLOW,-0.03,kg,,,기본 공급자가 없거나 그 공정의 기준 흐름을 읽지 못했다.
076898a5-e1ce-3c50-9df4-6445fc0bb6aa,Iron; sand casted,1ac3ba8d-df84-3d83-a350-4665fcd05b50,Recycled refractory material,PRODUCT_FLOW,-0.00298,kg,,,기본 공급자가 없거나 그 공정의 기준 흐름을 읽지 못했다.
076898a5-e1ce-3c50-9df4-6445fc0bb6aa,Iron; sand casted,c5dc8df5-9104-38d8-a36d-b8bcc70636d3,Recycled batteries,PRODUCT_FLOW,-0.00023,kg,,,기본 공급자가 없거나 그 공정의 기준 흐름을 읽지 못했다.
076898a5-e1ce-3c50-9df4-6445fc0bb6aa,Iron; sand casted,4f5fcf07-3aba-3e29-b66c-b570b3590c28,Recycled fluorescent tubes and other mercury-containing wastes,PRODUCT_FLOW,-1.9e-05,kg,,,기본 공급자가 없거나 그 공정의 기준 흐름을 읽지 못했다.
076898a5-e1ce-3c50-9df4-6445fc0bb6aa,Iron; sand casted,f59a7f62-ebbb-4e2e-8e2c-69eed0e624d2,Disposal; municipal solid wastes; to sanitary landfill,WASTE_FLOW,0.00437,kg,,,기본 공급자가 없거나 그 공정의 기준 흐름을 읽지 못했다.
076898a5-e1ce-3c50-9df4-6445fc0bb6aa,Iron; sand casted,ac9f972d-6835-35c6-bbc1-b5008f066e68,Recycled petroleum based wastes; unspecified,PRODUCT_FLOW,-0.00045,kg,,,기본 공급자가 없거나 그 공정의 기준 흐름을 읽지 못했다.
076898a5-e1ce-3c50-9df4-6445fc0bb6aa,Iron; sand casted,c3aac8fe-04dd-4ca7-b335-0406feab793a,"Disposal, sand; to sanitary landfill",WASTE_FLOW,1.28,kg,,,기본 공급자가 없거나 그 공정의 기준 흐름을 읽지 못했다.
076898a5-e1ce-3c50-9df4-6445fc0bb6aa,Iron; sand casted,05e0f085-1a54-3ee8-be53-8fac4dbfe421,Core wash and paste for aluminum casting,PRODUCT_FLOW,-0.00988,kg,,,기본 공급자가 없거나 그 공정의 기준 흐름을 읽지 못했다.
07ec8d17-979d-3abd-abe8-751806dae5d7,Electricity - NUCLEAR - Salt River Project Agricultural Improvement and Power District,14d67c68-0a06-328b-9347-1aaa9bc5f53a,"Water, reclaimed",PRODUCT_FLOW,-2788.8795135473742,kg,,,기본 공급자가 없거나 그 공정의 기준 흐름을 읽지 못했다.
0879167f-989b-3e3b-b9c5-3c07ea0a3f8e,"Ethanol; denatured, corn stover, biochemical",91f5f6a2-c435-36ba-9adf-64512fcff252,Chemicals inorganic; at plant,PRODUCT_FLOW,-1.9,kg,,,기본 공급자가 없거나 그 공정의 기준 흐름을 읽지 못했다.
0879167f-989b-3e3b-b9c5-3c07ea0a3f8e,"Ethanol; denatured, corn stover, biochemical",57ce615d-ee8c-3c8d-8693-356b330f8445,Sulphite; at plant,PRODUCT_FLOW,-0.333,kg,,,기본 공급자가 없거나 그 공정의 기준 흐름을 읽지 못했다.
0879167f-989b-3e3b-b9c5-3c07ea0a3f8e,"Ethanol; denatured, corn stover, biochemical",f670bb2d-c28a-3a08-9b9c-cc50bca5d126,Energy; output,PRODUCT_FLOW,-70560.0,MJ,,,기본 공급자가 없거나 그 공정의 기준 흐름을 읽지 못했다.
0879167f-989b-3e3b-b9c5-3c07ea0a3f8e,"Ethanol; denatured, corn stover, biochemical",ef92f640-ee9a-3199-8961-1decb41e875e,Ethanol fermentation plant,PRODUCT_FLOW,-2.97e-05,Item(s),,,기본 공급자가 없거나 그 공정의 기준 흐름을 읽지 못했다.
0879167f-989b-3e3b-b9c5-3c07ea0a3f8e,"Ethanol; denatured, corn stover, biochemical",400b2d60-d2b9-3e36-a89f-53a7f1349f86,Chemicals organic; at plant,PRODUCT_FLOW,-24.9,kg,,,기본 공급자가 없거나 그 공정의 기준 흐름을 읽지 못했다.
0898854c-e38f-3d23-880f-f8da7d65ca0c,"Ethanol; denatured; switchgrass, biochemical",400b2d60-d2b9-3e36-a89f-53a7f1349f86,Chemicals organic; at plant,PRODUCT_FLOW,-24.9,kg,,,기본 공급자가 없거나 그 공정의 기준 흐름을 읽지 못했다.
0898854c-e38f-3d23-880f-f8da7d65ca0c,"Ethanol; denatured; switchgrass, biochemical",57ce615d-ee8c-3c8d-8693-356b330f8445,Sulphite; at plant,PRODUCT_FLOW,-0.333,kg,,,기본 공급자가 없거나 그 공정의 기준 흐름을 읽지 못했다.
0898854c-e38f-3d23-880f-f8da7d65ca0c,"Ethanol; denatured; switchgrass, biochemical",ef92f640-ee9a-3199-8961-1decb41e875e,Ethanol fermentation plant,PRODUCT_FLOW,-2.97e-05,Item(s),,,기본 공급자가 없거나 그 공정의 기준 흐름을 읽지 못했다.
0898854c-e38f-3d23-880f-f8da7d65ca0c,"Ethanol; denatured; switchgrass, biochemical",f670bb2d-c28a-3a08-9b9c-cc50bca5d126,Energy; output,PRODUCT_FLOW,-70560.0,MJ,,,기본 공급자가 없거나 그 공정의 기준 흐름을 읽지 못했다.
0898854c-e38f-3d23-880f-f8da7d65ca0c,"Ethanol; denatured; switchgrass, biochemical",91f5f6a2-c435-36ba-9adf-64512fcff252,Chemicals inorganic; at plant,PRODUCT_FLOW,-1.9,kg,,,기본 공급자가 없거나 그 공정의 기준 흐름을 읽지 못했다.
095cdd29-7a72-3832-a422-cb4a02de96a2,"Electricity - COAL - Southern Company Services, Inc. - Trans",50a90a6b-bb89-32e4-bc27-7725250477bc,OTH ORGANIC LIQUID,WASTE_FLOW,7.15622083927029e-05,kg,,,기본 공급자가 없거나 그 공정의 기준 흐름을 읽지 못했다.
095cdd29-7a72-3832-a422-cb4a02de96a2,"Electricity - COAL - Southern Company Services, Inc. - Trans",7fdc2f5e-70bd-3dd4-a6c0-288a85597858,OTHER AQUEOUS WST,WASTE_FLOW,2.3472404352806555e-06,kg,,,기본 공급자가 없거나 그 공정의 기준 흐름을 읽지 못했다.
095cdd29-7a72-3832-a422-cb4a02de96a2,"Electricity - COAL - Southern Company Services, Inc. - Trans",e382de33-5d82-3ead-a045-f676eebd7667,OTH INORGANIC SOLIDS,WASTE_FLOW,2.0953414617383413e-05,kg,,,기본 공급자가 없거나 그 공정의 기준 흐름을 읽지 못했다.
095cdd29-7a72-3832-a422-cb4a02de96a2,"Electricity - COAL - Southern Company Services, Inc. - Trans",ae6699f4-beff-3f26-8ec1-0d58b5deae89,"THE FOLLOWING SPENT NONHALOGENATED SOLVENTS: TOLUENE, METHYL ETHYL KETONE, CARBON DISULFIDE, ISOBUTANOL, PYRIDINE, BENZENE, 2-ETHOXYETHANOL, AND 2-NITROPROPANE; ALL SPENT SOLVENT MIXTURES/BLENDS CONTAINING, BEFORE USE, A TOTAL OF TEN PERCENT OR MORE (BY V",WASTE_FLOW,8.730589423909755e-06,kg,,,기본 공급자가 없거나 그 공정의 기준 흐름을 읽지 못했다.
095cdd29-7a72-3832-a422-cb4a02de96a2,"Electricity - COAL - Southern Company Services, Inc. - Trans",d5d165f8-aad3-3b82-a849-1d158c5d031d,CORROSIVE WASTE,WASTE_FLOW,0.00013316295737714158,kg,,,기본 공급자가 없거나 그 공정의 기준 흐름을 읽지 못했다.
095cdd29-7a72-3832-a422-cb4a02de96a2,"Electricity - COAL - Southern Company Services, Inc. - Trans",f5bb2272-b96d-30c8-bbd2-97ac661eb879,"THE FOLLOWING SPENT NONHALOGENATED SOLVENTS: XYLENE, ACETONE, ETHYL ACETATE, ETHYL BENZENE, ETHYL ETHER, METHYL ISOBUTYL KETONE, N-BUTYL ALCOHOL, CYCLOHEXANONE, AND METHANOL; ALL SPENT SOLVENT MIXTURES/BLENDS CONTAINING, BEFORE USE, ONLY THE ABOVE SPENT N",WASTE_FLOW,7.170533280948831e-05,kg,,,기본 공급자가 없거나 그 공정의 기준 흐름을 읽지 못했다.
095cdd29-7a72-3832-a422-cb4a02de96a2,"Electricity - COAL - Southern Company Services, Inc. - Trans",3943bd3e-5354-3f3b-9d2a-ad12d1250b14,MERCURY,WASTE_FLOW,2.0037418349956814e-07,kg,,,기본 공급자가 없거나 그 공정의 기준 흐름을 읽지 못했다.
0a76df08-dbe9-3247-b597-2e318cfa8cbd,Electricity - GAS - Southwest Power Pool,50a90a6b-bb89-32e4-bc27-7725250477bc,OTH ORGANIC LIQUID,WASTE_FLOW,0.0007172309139735355,kg,,,기본 공급자가 없거나 그 공정의 기준 흐름을 읽지 못했다.
0a76df08-dbe9-3247-b597-2e318cfa8cbd,Electricity - GAS - Southwest Power Pool,1b0ee7da-153d-34a5-86b3-723efa6e177b,CHROMIUM,WASTE_FLOW,0.003924540436973141,kg,,,기본 공급자가 없거나 그 공정의 기준 흐름을 읽지 못했다.
0a76df08-dbe9-3247-b597-2e318cfa8cbd,Electricity - GAS - Southwest Power Pool,66e610e1-1733-390a-82e0-d801990b71ba,LAB PACKS/NO ACUTE,WASTE_FLOW,3.126391163474386e-05,kg,,,기본 공급자가 없거나 그 공정의 기준 흐름을 읽지 못했다.
0a76df08-dbe9-3247-b597-2e318cfa8cbd,Electricity - GAS - Southwest Power Pool,18c6b770-4063-37d6-930c-64bf5a274910,IGNITABLE WASTE,WASTE_FLOW,7.356214502292674e-06,kg,,,기본 공급자가 없거나 그 공정의 기준 흐름을 읽지 못했다.
0a76df08-dbe9-3247-b597-2e318cfa8cbd,Electricity - GAS - Southwest Power Pool,455e4bb6-174d-3f14-9cbe-e85d103b32aa,SELENIUM,WASTE_FLOW,0.354310232449301,kg,,,기본 공급자가 없거나 그 공정의 기준 흐름을 읽지 못했다.
0a76df08-dbe9-3247-b597-2e318cfa8cbd,Electricity - GAS - Southwest Power Pool,9108d69c-0266-3105-ba49-c0dc765ce931,PAINT THINNER,WASTE_FLOW,9.195268127865842e-07,kg,,,기본 공급자가 없거나 그 공정의 기준 흐름을 읽지 못했다.
0a76df08-dbe9-3247-b597-2e318cfa8cbd,Electricity - GAS - Southwest Power Pool,14d67c68-0a06-328b-9347-1aaa9bc5f53a,"Water, reclaimed",PRODUCT_FLOW,-8046.675417952468,kg,,,기본 공급자가 없거나 그 공정의 기준 흐름을 읽지 못했다.
0aaf1e13-5d80-37f9-b7bb-81a6b8965c71,Petroleum refining; at refinery,0e44e579-abb0-3c77-af64-c774d65be529,Gasoline; at refinery,PRODUCT_FLOW,0.000570086670859861,m3,,,기본 공급자가 없거나 그 공정의 기준 흐름을 읽지 못했다.
0aaf1e13-5d80-37f9-b7bb-81a6b8965c71,Petroleum refining; at refinery,f7c00d19-9601-373a-ba23-593e251b4dee,Residual fuel oil; at refinery,PRODUCT_FLOW,5.1826060987260104e-05,m3,,,기본 공급자가 없거나 그 공정의 기준 흐름을 읽지 못했다.
0aaf1e13-5d80-37f9-b7bb-81a6b8965c71,Petroleum refining; at refinery,ba7d79aa-afb7-42ea-b593-0517bea19996,Hydrogen fluoride; at plant,PRODUCT_FLOW,-4.2e-06,kg,,,기본 공급자가 없거나 그 공정의 기준 흐름을 읽지 못했다.
0aaf1e13-5d80-37f9-b7bb-81a6b8965c71,Petroleum refining; at refinery,813325ee-9eb4-3825-9280-bee7b1a2e9a8,Liquefied petroleum gas; at refinery,PRODUCT_FLOW,4.9083177536680904e-05,m3,,,기본 공급자가 없거나 그 공정의 기준 흐름을 읽지 못했다.
0aaf1e13-5d80-37f9-b7bb-81a6b8965c71,Petroleum refining; at refinery,5f96ad43-abab-3b62-bcf8-c71f9d6c7881,Petroleum refining coproduct; at refinery,PRODUCT_FLOW,0.0514536791611454,kg,,,기본 공급자가 없거나 그 공정의 기준 흐름을 읽지 못했다.
0aaf1e13-5d80-37f9-b7bb-81a6b8965c71,Petroleum refining; at refinery,c4069217-dfd4-324a-9243-2ee8058809d6,Refinery gas; at refinery,PRODUCT_FLOW,0.0611691306116913,m3,,,기본 공급자가 없거나 그 공정의 기준 흐름을 읽지 못했다.
0aaf1e13-5d80-37f9-b7bb-81a6b8965c71,Petroleum refining; at refinery,c5f94bb1-b39e-39fa-b616-376a30531c2d,Kerosene; at refinery,PRODUCT_FLOW,0.000112458221473748,m3,,,기본 공급자가 없거나 그 공정의 기준 흐름을 읽지 못했다.
0aaf1e13-5d80-37f9-b7bb-81a6b8965c71,Petroleum refining; at refinery,22266e09-69c3-4ed7-a1a1-12a6696afb7c,Methyl tert-butyl; at plant,PRODUCT_FLOW,-0.00014,kg,,,기본 공급자가 없거나 그 공정의 기준 흐름을 읽지 못했다.
0aaf1e13-5d80-37f9-b7bb-81a6b8965c71,Petroleum refining; at refinery,30a64e63-3583-3f83-8d8d-0b6ea003b888,Bitumen; at refinery,PRODUCT_FLOW,0.0371747954729888,kg,,,기본 공급자가 없거나 그 공정의 기준 흐름을 읽지 못했다.
0aaf1e13-5d80-37f9-b7bb-81a6b8965c71,Petroleum refining; at refinery,4f1bfabb-f0d3-3f1f-a905-2fd9b36bbfa0,Petroleum coke; at refinery,PRODUCT_FLOW,0.0595942417053244,kg,,,기본 공급자가 없거나 그 공정의 기준 흐름을 읽지 못했다.
0b5a14e7-bf8f-380e-87de-af92dd61e21b,Bark; hardwood; average; at forest road;  NE-NC,80e2a33d-c18f-36b9-8437-34696f075df9,"Bark; hardwood, average; high intensity management",PRODUCT_FLOW,-0.134898195085067,kg,,,기본 공급자가 없거나 그 공정의 기준 흐름을 읽지 못했다.
0b5a14e7-bf8f-380e-87de-af92dd61e21b,Bark; hardwood; average; at forest road;  NE-NC,39e5fecd-0772-3879-8636-7e25c6a5423b,"Bark; hardwood, average; low intensity management",PRODUCT_FLOW,-0.611535739114025,kg,,,기본 공급자가 없거나 그 공정의 기준 흐름을 읽지 못했다.
0b5a14e7-bf8f-380e-87de-af92dd61e21b,Bark; hardwood; average; at forest road;  NE-NC,201779e6-7154-34a9-91a2-e9cde5a5af76,"Bark; hardwood, average; med intensity management",PRODUCT_FLOW,-0.253566065800908,kg,,,기본 공급자가 없거나 그 공정의 기준 흐름을 읽지 못했다.
0c1ada14-5fdb-33e2-8538-7f5c44a918ac,"coal extraction and processing - Northern Appalachia, BIT, Processing",8fe56530-fbb6-3f64-a436-c460029321b4,"rubber, styrene-butadiene",PRODUCT_FLOW,-0.0002915047009355852,kg,,,기본 공급자가 없거나 그 공정의 기준 흐름을 읽지 못했다.
0c1ada14-5fdb-33e2-8538-7f5c44a918ac,"coal extraction and processing - Northern Appalachia, BIT, Processing",66b3cd21-7664-3778-86d6-52f45f1af823,copper,PRODUCT_FLOW,-5.2089248459976604e-06,kg,,,기본 공급자가 없거나 그 공정의 기준 흐름을 읽지 못했다.
0c1ada14-5fdb-33e2-8538-7f5c44a918ac,"coal extraction and processing - Northern Appalachia, BIT, Processing",2b325037-62f4-4658-ab68-2aaf30da8ae6,liquefied petroleum gas,PRODUCT_FLOW,-6.63860462796797e-08,kg,,,기본 공급자가 없거나 그 공정의 기준 흐름을 읽지 못했다.
0c1ada14-5fdb-33e2-8538-7f5c44a918ac,"coal extraction and processing - Northern Appalachia, BIT, Processing",7e540229-9844-4be6-b0e8-af5d8d70c11a,Ammonium nitrate,PRODUCT_FLOW,-1.7307666833701998,kg,,,기본 공급자가 없거나 그 공정의 기준 흐름을 읽지 못했다.
0c1ada14-5fdb-33e2-8538-7f5c44a918ac,"coal extraction and processing - Northern Appalachia, BIT, Processing",e6653400-5caf-43f6-b1f2-89b4c01ca58d,petroleum coke,PRODUCT_FLOW,-0.00019507801780788294,kg,,,기본 공급자가 없거나 그 공정의 기준 흐름을 읽지 못했다.
0c1ada14-5fdb-33e2-8538-7f5c44a918ac,"coal extraction and processing - Northern Appalachia, BIT, Processing",25804c89-c3cd-34f7-b5e6-4160fc17a7dc,polyvinyl chloride (PVC),PRODUCT_FLOW,-8.342308303214387e-05,kg,,,기본 공급자가 없거나 그 공정의 기준 흐름을 읽지 못했다.
0c1ada14-5fdb-33e2-8538-7f5c44a918ac,"coal extraction and processing - Northern Appalachia, BIT, Processing",14d67c68-0a06-328b-9347-1aaa9bc5f53a,"Water, reclaimed",PRODUCT_FLOW,-0.6635222935845818,kg,,,기본 공급자가 없거나 그 공정의 기준 흐름을 읽지 못했다.
0c1ada14-5fdb-33e2-8538-7f5c44a918ac,"coal extraction and processing - Northern Appalachia, BIT, Processing",2db44184-7fa2-300c-b4ab-7fa9227bc0ed,zinc,PRODUCT_FLOW,-4.156942471777618e-06,kg,,,기본 공급자가 없거나 그 공정의 기준 흐름을 읽지 못했다.
0c1ada14-5fdb-33e2-8538-7f5c44a918ac,"coal extraction and processing - Northern Appalachia, BIT, Processing",6aec53b7-c1e1-4f37-9997-bad469fa567b,residual oil,PRODUCT_FLOW,-3.177110527602117e-06,kg,,,기본 공급자가 없거나 그 공정의 기준 흐름을 읽지 못했다.
0c1ada14-5fdb-33e2-8538-7f5c44a918ac,"coal extraction and processing - Northern Appalachia, BIT, Processing",9f723736-35c3-4218-8dbe-a1331f56be46,Light fuel oil,PRODUCT_FLOW,-0.0014002604785923998,kg,,,기본 공급자가 없거나 그 공정의 기준 흐름을 읽지 못했다.
0c1ada14-5fdb-33e2-8538-7f5c44a918ac,"coal extraction and processing - Northern Appalachia, BIT, Processing",66c312ea-5071-3a57-9940-25a403d38dea,cast iron,PRODUCT_FLOW,-0.00021724213793631396,kg,,,기본 공급자가 없거나 그 공정의 기준 흐름을 읽지 못했다.
0c1ada14-5fdb-33e2-8538-7f5c44a918ac,"coal extraction and processing - Northern Appalachia, BIT, Processing",aab4c1d4-d871-40b1-8188-35999f9b751a,"Waste, solid",WASTE_FLOW,0.0016237369034789618,kg,,,기본 공급자가 없거나 그 공정의 기준 흐름을 읽지 못했다.
0c1ada14-5fdb-33e2-8538-7f5c44a918ac,"coal extraction and processing - Northern Appalachia, BIT, Processing",8a5b6ae2-63d7-4e5a-950e-7d1d8b0bea80,"natural gas, delivered",PRODUCT_FLOW,-0.00014926216784831643,kg,,,기본 공급자가 없거나 그 공정의 기준 흐름을 읽지 못했다.
0c1ada14-5fdb-33e2-8538-7f5c44a918ac,"coal extraction and processing - Northern Appalachia, BIT, Processing",2b69310a-e90f-3417-8b35-d23d5eeac99f,asphalt,PRODUCT_FLOW,-0.6920796953528963,kg,,,기본 공급자가 없거나 그 공정의 기준 흐름을 읽지 못했다.
0d4adbb3-81bb-45c5-bf26-734c76ff3108,"Hydrochloric acid, HCl; MDI coproduct; at plant; 100% HCl",28579c88-adc1-468a-aa24-b333dccb85c1,Hydrogen combustion; energy,PRODUCT_FLOW,-0.1702,MJ,,,기본 공급자가 없거나 그 공정의 기준 흐름을 읽지 못했다.
0d95cc8b-a9a0-3630-a760-1ab4d88257d8,"Natural soda ash, sodium carbonate; at plant",138ecd2f-9b62-4bc5-a9ec-a6b29f948d79,"Disposal, hard coal ash; 0% water; to residual material landfill",WASTE_FLOW,6.75,kg,,,기본 공급자가 없거나 그 공정의 기준 흐름을 읽지 못했다.
0d95cc8b-a9a0-3630-a760-1ab4d88257d8,"Natural soda ash, sodium carbonate; at plant",767ae502-93b3-3cd9-8992-486ce5e939d2,"Disposal, fly ash; unspecified treatment",WASTE_FLOW,6.75,kg,,,기본 공급자가 없거나 그 공정의 기준 흐름을 읽지 못했다.
0d95cc8b-a9a0-3630-a760-1ab4d88257d8,"Natural soda ash, sodium carbonate; at plant",7470c643-cdb4-34dc-8ee5-14dfc6b04de6,Silicone product; at plant,PRODUCT_FLOW,-0.0006441,kg,,,기본 공급자가 없거나 그 공정의 기준 흐름을 읽지 못했다.
0d95cc8b-a9a0-3630-a760-1ab4d88257d8,"Natural soda ash, sodium carbonate; at plant",00a48238-2097-3fa1-a352-47c9563953c5,Urea; at regional storehouse,PRODUCT_FLOW,-0.0557,kg,,,기본 공급자가 없거나 그 공정의 기준 흐름을 읽지 못했다.
0d95cc8b-a9a0-3630-a760-1ab4d88257d8,"Natural soda ash, sodium carbonate; at plant",889db3d1-a55e-3c24-984e-ee23c829f41a,Activated carbon; at plant,PRODUCT_FLOW,-0.205,kg,,,기본 공급자가 없거나 그 공정의 기준 흐름을 읽지 못했다.
0d95cc8b-a9a0-3630-a760-1ab4d88257d8,"Natural soda ash, sodium carbonate; at plant",19be7ab4-faf2-3c43-8cda-bd039890ddc9,Sodium perborate; monohydrate powder; at plant,PRODUCT_FLOW,-7.5e-05,kg,,,기본 공급자가 없거나 그 공정의 기준 흐름을 읽지 못했다.
0d95cc8b-a9a0-3630-a760-1ab4d88257d8,"Natural soda ash, sodium carbonate; at plant",96f75f3f-66af-3b40-8cd4-7a7fe91a4e17,Biocides; for paper production; at plant,PRODUCT_FLOW,-0.0013336,kg,,,기본 공급자가 없거나 그 공정의 기준 흐름을 읽지 못했다.
0d95cc8b-a9a0-3630-a760-1ab4d88257d8,"Natural soda ash, sodium carbonate; at plant",af239ef6-a854-4929-8f62-5548a5bfe756,"Disposal, hazardous waste; 25% water; to hazardous waste incineration",WASTE_FLOW,0.107,kg,,,기본 공급자가 없거나 그 공정의 기준 흐름을 읽지 못했다.
0d95cc8b-a9a0-3630-a760-1ab4d88257d8,"Natural soda ash, sodium carbonate; at plant",af1cb8e1-9ab5-302e-a5ec-ee74e4bfa796,Carbon dioxide; liquid; at plant,PRODUCT_FLOW,-0.10614,kg,,,기본 공급자가 없거나 그 공정의 기준 흐름을 읽지 못했다.
0d95cc8b-a9a0-3630-a760-1ab4d88257d8,"Natural soda ash, sodium carbonate; at plant",fefb6ecd-88b9-3c8b-93f5-cf9ff3169463,Diethanolamine; at plant,PRODUCT_FLOW,-0.044724,kg,,,기본 공급자가 없거나 그 공정의 기준 흐름을 읽지 못했다.
0d95cc8b-a9a0-3630-a760-1ab4d88257d8,"Natural soda ash, sodium carbonate; at plant",b20513f5-f6ff-4753-90e7-01e1b1e9eada,Disposal; hazardous waste,WASTE_FLOW,0.107,kg,,,기본 공급자가 없거나 그 공정의 기준 흐름을 읽지 못했다.
0d95cc8b-a9a0-3630-a760-1ab4d88257d8,"Natural soda ash, sodium carbonate; at plant",12ce83f5-6029-3b58-b03d-8721560be5cc,Guar; at plant,PRODUCT_FLOW,-0.0481,kg,,,기본 공급자가 없거나 그 공정의 기준 흐름을 읽지 못했다.
0d95cc8b-a9a0-3630-a760-1ab4d88257d8,"Natural soda ash, sodium carbonate; at plant",7eb5fa0a-92fc-34d5-a0ba-68eb39e736f5,Expanded perlite; at plant,PRODUCT_FLOW,-0.6,kg,,,기본 공급자가 없거나 그 공정의 기준 흐름을 읽지 못했다.
0d95cc8b-a9a0-3630-a760-1ab4d88257d8,"Natural soda ash, sodium carbonate; at plant",7353751b-4b85-367e-a076-18f2eef8a00c,Sodium silicate; spray powder 80%; at plant,PRODUCT_FLOW,-6.8946e-05,kg,,,기본 공급자가 없거나 그 공정의 기준 흐름을 읽지 못했다.
0d95cc8b-a9a0-3630-a760-1ab4d88257d8,"Natural soda ash, sodium carbonate; at plant",f0a90015-c2da-4b69-b485-d5e56e8aab63,"Disposal, non-sulfidic tailings; off-site",WASTE_FLOW,160.0,kg,,,기본 공급자가 없거나 그 공정의 기준 흐름을 읽지 못했다.
0d95cc8b-a9a0-3630-a760-1ab4d88257d8,"Natural soda ash, sodium carbonate; at plant",7a731d7b-bc9a-47ba-8383-518f49203aa3,Crushed gravel; at quarry,PRODUCT_FLOW,-0.0357,kg,,,기본 공급자가 없거나 그 공정의 기준 흐름을 읽지 못했다.
0d95cc8b-a9a0-3630-a760-1ab4d88257d8,"Natural soda ash, sodium carbonate; at plant",efd10a1b-966e-39f7-a12e-f47e7b9b28f7,"Disposal, tailings; unspecified",WASTE_FLOW,160.0,kg,,,기본 공급자가 없거나 그 공정의 기준 흐름을 읽지 못했다.
0d95cc8b-a9a0-3630-a760-1ab4d88257d8,"Natural soda ash, sodium carbonate; at plant",13d018fb-f51a-3875-8cf9-2d9a27eb9b9c,Process-specific burdens; residual material landfill,PRODUCT_FLOW,-57.9,kg,,,기본 공급자가 없거나 그 공정의 기준 흐름을 읽지 못했다.
0d95cc8b-a9a0-3630-a760-1ab4d88257d8,"Natural soda ash, sodium carbonate; at plant",94cf1faf-56a4-3c2c-b6a5-d4e6ef8e6f1e,Dipropylene glycol monomethyl ether; at plant,PRODUCT_FLOW,-0.00115,kg,,,기본 공급자가 없거나 그 공정의 기준 흐름을 읽지 못했다.
0d95cc8b-a9a0-3630-a760-1ab4d88257d8,"Natural soda ash, sodium carbonate; at plant",19fb905b-a259-3480-848f-af6a058a4d99,Copper; at regional storage,PRODUCT_FLOW,-0.0021591,kg,,,기본 공급자가 없거나 그 공정의 기준 흐름을 읽지 못했다.
0e42a306-ee2d-362e-8bc3-580000096459,"Acrylonitrile-butadiene-styrene, ABS; copolymer resin; at plant",42929598-5cd9-4fac-a79d-fd0ab85a4176,"Disposal, hazardous waste; to unspecified hazardous waste landfill",WASTE_FLOW,0.0002,kg,,,기본 공급자가 없거나 그 공정의 기준 흐름을 읽지 못했다.
0e42a306-ee2d-362e-8bc3-580000096459,"Acrylonitrile-butadiene-styrene, ABS; copolymer resin; at plant",ba9e55fd-c5a6-41ef-9488-d6a6ee08f510,"Recycling, hazardous waste; to recovery",WASTE_FLOW,0.00074,kg,,,기본 공급자가 없거나 그 공정의 기준 흐름을 읽지 못했다.
0e42a306-ee2d-362e-8bc3-580000096459,"Acrylonitrile-butadiene-styrene, ABS; copolymer resin; at plant",a98db096-441e-4783-900f-b6693ecde0c9,"Disposal, hazardous waste; to incineration with energy recovery",WASTE_FLOW,0.0002,kg,,,기본 공급자가 없거나 그 공정의 기준 흐름을 읽지 못했다.
0e42a306-ee2d-362e-8bc3-580000096459,"Acrylonitrile-butadiene-styrene, ABS; copolymer resin; at plant",ac003090-67b7-4364-b690-807d12019627,"Disposal, hazardous waste; to incineration without energy recovery",WASTE_FLOW,0.00021,kg,,,기본 공급자가 없거나 그 공정의 기준 흐름을 읽지 못했다.
0e72e345-da1e-3abb-9b3d-b3a010f33e75,Electricity - SOLAR - Balancing Authority of Northern California,ac647bd3-bc3d-3033-a9d9-fab4f44889d0,OTH ORGANIC SOLIDS,WASTE_FLOW,0.022881087192258884,kg,,,기본 공급자가 없거나 그 공정의 기준 흐름을 읽지 못했다.
0e72e345-da1e-3abb-9b3d-b3a010f33e75,Electricity - SOLAR - Balancing Authority of Northern California,a3835f5d-6425-3a65-b6d7-6ab3132e228a,BATTERIES,WASTE_FLOW,0.032738662492068527,kg,,,기본 공급자가 없거나 그 공정의 기준 흐름을 읽지 못했다.
0e72e345-da1e-3abb-9b3d-b3a010f33e75,Electricity - SOLAR - Balancing Authority of Northern California,50a90a6b-bb89-32e4-bc27-7725250477bc,OTH ORGANIC LIQUID,WASTE_FLOW,0.07648614995399747,kg,,,기본 공급자가 없거나 그 공정의 기준 흐름을 읽지 못했다.
0e72e345-da1e-3abb-9b3d-b3a010f33e75,Electricity - SOLAR - Balancing Authority of Northern California,10ce21c1-ec96-3705-99d2-98020a4daa25,"ETHENE, TETRACHLORO- (OR) TETRACHLOROETHYLENE",WASTE_FLOW,0.003525702114530457,kg,,,기본 공급자가 없거나 그 공정의 기준 흐름을 읽지 못했다.
0e72e345-da1e-3abb-9b3d-b3a010f33e75,Electricity - SOLAR - Balancing Authority of Northern California,7fdc2f5e-70bd-3dd4-a6c0-288a85597858,OTHER AQUEOUS WST,WASTE_FLOW,0.011152731178616752,kg,,,기본 공급자가 없거나 그 공정의 기준 흐름을 읽지 못했다.
0e72e345-da1e-3abb-9b3d-b3a010f33e75,Electricity - SOLAR - Balancing Authority of Northern California,03487090-503c-3b69-9fe6-4e39098dcc34,"SELENIUM SULFIDE (OR) SELENIUM SULFIDE SES2 (R,T)",WASTE_FLOW,0.004029373845177665,kg,,,기본 공급자가 없거나 그 공정의 기준 흐름을 읽지 못했다.
0e72e345-da1e-3abb-9b3d-b3a010f33e75,Electricity - SOLAR - Balancing Authority of Northern California,3943bd3e-5354-3f3b-9d2a-ad12d1250b14,MERCURY,WASTE_FLOW,0.002446405548857868,kg,,,기본 공급자가 없거나 그 공정의 기준 흐름을 읽지 못했다.
0e72e345-da1e-3abb-9b3d-b3a010f33e75,Electricity - SOLAR - Balancing Authority of Northern California,f8398592-014f-3f3c-a4ac-a792b6f6dada,WASTE PHARMACEUTICAL,WASTE_FLOW,0.0004317186262690356,kg,,,기본 공급자가 없거나 그 공정의 기준 흐름을 읽지 못했다.
0e72e345-da1e-3abb-9b3d-b3a010f33e75,Electricity - SOLAR - Balancing Authority of Northern California,5a5bd8b3-54b4-34e2-bb86-45fd5862a9eb,"HYDROFLUORIC ACID (C,T) (OR) HYDROGEN FLUORIDE (C,T)",WASTE_FLOW,0.014606480188769038,kg,,,기본 공급자가 없거나 그 공정의 기준 흐름을 읽지 못했다.
0e72e345-da1e-3abb-9b3d-b3a010f33e75,Electricity - SOLAR - Balancing Authority of Northern California,d5d165f8-aad3-3b82-a849-1d158c5d031d,CORROSIVE WASTE,WASTE_FLOW,0.03583264598032995,kg,,,기본 공급자가 없거나 그 공정의 기준 흐름을 읽지 못했다.
0e72e345-da1e-3abb-9b3d-b3a010f33e75,Electricity - SOLAR - Balancing Authority of Northern California,18c6b770-4063-37d6-930c-64bf5a274910,IGNITABLE WASTE,WASTE_FLOW,1.0508031363388326,kg,,,기본 공급자가 없거나 그 공정의 기준 흐름을 읽지 못했다.
0e72e345-da1e-3abb-9b3d-b3a010f33e75,Electricity - SOLAR - Balancing Authority of Northern California,66e610e1-1733-390a-82e0-d801990b71ba,LAB PACKS/NO ACUTE,WASTE_FLOW,0.06921888641180204,kg,,,기본 공급자가 없거나 그 공정의 기준 흐름을 읽지 못했다.
0e72e345-da1e-3abb-9b3d-b3a010f33e75,Electricity - SOLAR - Balancing Authority of Northern California,1b0ee7da-153d-34a5-86b3-723efa6e177b,CHROMIUM,WASTE_FLOW,0.3917846533391498,kg,,,기본 공급자가 없거나 그 공정의 기준 흐름을 읽지 못했다.
0e72e345-da1e-3abb-9b3d-b3a010f33e75,Electricity - SOLAR - Balancing Authority of Northern California,6a41027e-3557-329e-be45-1ae193bf2740,BARIUM,WASTE_FLOW,0.007627029064086295,kg,,,기본 공급자가 없거나 그 공정의 기준 흐름을 읽지 못했다.
10a86db5-7f96-35cb-83c3-4912877b7eb7,Pulpwood; softwood; average; state or private dry forest; at forest road; INW,809eee80-5cb2-35f7-a94d-e8a842f0321b,"Pulpwood, softwood; state or private dry forest, gentle slope; at forest road",PRODUCT_FLOW,-0.9,m3,,,기본 공급자가 없거나 그 공정의 기준 흐름을 읽지 못했다.
10a86db5-7f96-35cb-83c3-4912877b7eb7,Pulpwood; softwood; average; state or private dry forest; at forest road; INW,fa87a213-ff70-376d-bd16-6e60d36d8157,"Pulpwood, softwood; state or private dry forest, steep slope; at forest road",PRODUCT_FLOW,-0.1,m3,,,기본 공급자가 없거나 그 공정의 기준 흐름을 읽지 못했다.
1121b4ee-ce9e-329a-a56f-439310a10a67,Electricity - GAS - Salt River Project Agricultural Improvement and Power District,1b0ee7da-153d-34a5-86b3-723efa6e177b,CHROMIUM,WASTE_FLOW,0.007313508849087756,kg,,,기본 공급자가 없거나 그 공정의 기준 흐름을 읽지 못했다.
1121b4ee-ce9e-329a-a56f-439310a10a67,Electricity - GAS - Salt River Project Agricultural Improvement and Power District,14d67c68-0a06-328b-9347-1aaa9bc5f53a,"Water, reclaimed",PRODUCT_FLOW,-193.33503407263393,kg,,,기본 공급자가 없거나 그 공정의 기준 흐름을 읽지 못했다.
1121b4ee-ce9e-329a-a56f-439310a10a67,Electricity - GAS - Salt River Project Agricultural Improvement and Power District,d5d165f8-aad3-3b82-a849-1d158c5d031d,CORROSIVE WASTE,WASTE_FLOW,0.018294348581670377,kg,,,기본 공급자가 없거나 그 공정의 기준 흐름을 읽지 못했다.
112e92d6-a443-3fe1-a2c2-5684dec75d94,Electricity - SOLAR - Tennessee Valley Authority,455e4bb6-174d-3f14-9cbe-e85d103b32aa,SELENIUM,WASTE_FLOW,0.0022511833520119096,kg,,,기본 공급자가 없거나 그 공정의 기준 흐름을 읽지 못했다.
112e92d6-a443-3fe1-a2c2-5684dec75d94,Electricity - SOLAR - Tennessee Valley Authority,cd7a2acd-6b88-37cb-b0f4-938ab7ddb780,"PAINT, INK, ETC.",WASTE_FLOW,0.2012146720728441,kg,,,기본 공급자가 없거나 그 공정의 기준 흐름을 읽지 못했다.
112e92d6-a443-3fe1-a2c2-5684dec75d94,Electricity - SOLAR - Tennessee Valley Authority,50a90a6b-bb89-32e4-bc27-7725250477bc,OTH ORGANIC LIQUID,WASTE_FLOW,0.0008186106398892097,kg,,,기본 공급자가 없거나 그 공정의 기준 흐름을 읽지 못했다.
112e92d6-a443-3fe1-a2c2-5684dec75d94,Electricity - SOLAR - Tennessee Valley Authority,9108d69c-0266-3105-ba49-c0dc765ce931,PAINT THINNER,WASTE_FLOW,0.03638727486314471,kg,,,기본 공급자가 없거나 그 공정의 기준 흐름을 읽지 못했다.
112e92d6-a443-3fe1-a2c2-5684dec75d94,Electricity - SOLAR - Tennessee Valley Authority,18c6b770-4063-37d6-930c-64bf5a274910,IGNITABLE WASTE,WASTE_FLOW,34.18040049600508,kg,,,기본 공급자가 없거나 그 공정의 기준 흐름을 읽지 못했다.
112e92d6-a443-3fe1-a2c2-5684dec75d94,Electricity - SOLAR - Tennessee Valley Authority,79d7ff97-744b-3343-9b2e-26cd2758424c,CONT. DEBRIS,WASTE_FLOW,0.06520239721499765,kg,,,기본 공급자가 없거나 그 공정의 기준 흐름을 읽지 못했다.
11c82858-46f7-38cb-b7a6-1536006a87ad,Electricity - ALL - Ontario IESO,14d67c68-0a06-328b-9347-1aaa9bc5f53a,"Water, reclaimed",PRODUCT_FLOW,-3856.8916435589254,kg,,,기본 공급자가 없거나 그 공정의 기준 흐름을 읽지 못했다.
13821cca-f344-37b9-a367-0467be778061,"General purpose polystyrene, GPPS; resin; at plant",42ae5c68-7cb4-4874-9cdf-aecf1d1560f4,"Disposal, other solid waste from plant; to uns. incinerator",WASTE_FLOW,0.0022,kg,,,기본 공급자가 없거나 그 공정의 기준 흐름을 읽지 못했다.
13821cca-f344-37b9-a367-0467be778061,"General purpose polystyrene, GPPS; resin; at plant",a98db096-441e-4783-900f-b6693ecde0c9,"Disposal, hazardous waste; to incineration with energy recovery",WASTE_FLOW,0.00029,kg,,,기본 공급자가 없거나 그 공정의 기준 흐름을 읽지 못했다.
13821cca-f344-37b9-a367-0467be778061,"General purpose polystyrene, GPPS; resin; at plant",ac003090-67b7-4364-b690-807d12019627,"Disposal, hazardous waste; to incineration without energy recovery",WASTE_FLOW,6.3e-05,kg,,,기본 공급자가 없거나 그 공정의 기준 흐름을 읽지 못했다.
13821cca-f344-37b9-a367-0467be778061,"General purpose polystyrene, GPPS; resin; at plant",8191e38b-421f-4348-a2e0-29303147f2d1,"Recycling, solid waste; to recycling or reuse",WASTE_FLOW,0.00034,kg,,,기본 공급자가 없거나 그 공정의 기준 흐름을 읽지 못했다.
13821cca-f344-37b9-a367-0467be778061,"General purpose polystyrene, GPPS; resin; at plant",1c84835d-be72-40b8-bdd9-c50cc5f7ee87,"Disposal, non-hazardous waste; to landfill",WASTE_FLOW,0.00078,kg,,,기본 공급자가 없거나 그 공정의 기준 흐름을 읽지 못했다.
13821cca-f344-37b9-a367-0467be778061,"General purpose polystyrene, GPPS; resin; at plant",42929598-5cd9-4fac-a79d-fd0ab85a4176,"Disposal, hazardous waste; to unspecified hazardous waste landfill",WASTE_FLOW,3.9e-05,kg,,,기본 공급자가 없거나 그 공정의 기준 흐름을 읽지 못했다.
16a8a55f-c9aa-39bb-910b-6665ba548b60,Electricity - MIXED - Tampa Electric Company,18c6b770-4063-37d6-930c-64bf5a274910,IGNITABLE WASTE,WASTE_FLOW,0.00025937966126130836,kg,,,기본 공급자가 없거나 그 공정의 기준 흐름을 읽지 못했다.
16a8a55f-c9aa-39bb-910b-6665ba548b60,Electricity - MIXED - Tampa Electric Company,455e4bb6-174d-3f14-9cbe-e85d103b32aa,SELENIUM,WASTE_FLOW,3.1987335810244775e-05,kg,,,기본 공급자가 없거나 그 공정의 기준 흐름을 읽지 못했다.
16a8a55f-c9aa-39bb-910b-6665ba548b60,Electricity - MIXED - Tampa Electric Company,50a90a6b-bb89-32e4-bc27-7725250477bc,OTH ORGANIC LIQUID,WASTE_FLOW,0.000489500318296187,kg,,,기본 공급자가 없거나 그 공정의 기준 흐름을 읽지 못했다.
16a8a55f-c9aa-39bb-910b-6665ba548b60,Electricity - MIXED - Tampa Electric Company,d5d165f8-aad3-3b82-a849-1d158c5d031d,CORROSIVE WASTE,WASTE_FLOW,0.0032633668154410603,kg,,,기본 공급자가 없거나 그 공정의 기준 흐름을 읽지 못했다.
16a8a55f-c9aa-39bb-910b-6665ba548b60,Electricity - MIXED - Tampa Electric Company,029f9542-bd37-30e2-96e5-6a556776cb0c,REACTIVE ORG. LIQUID,WASTE_FLOW,0.00020801176316603292,kg,,,기본 공급자가 없거나 그 공정의 기준 흐름을 읽지 못했다.
16a8a55f-c9aa-39bb-910b-6665ba548b60,Electricity - MIXED - Tampa Electric Company,66e610e1-1733-390a-82e0-d801990b71ba,LAB PACKS/NO ACUTE,WASTE_FLOW,7.432351555909815e-06,kg,,,기본 공급자가 없거나 그 공정의 기준 흐름을 읽지 못했다.
16a8a55f-c9aa-39bb-910b-6665ba548b60,Electricity - MIXED - Tampa Electric Company,1b0ee7da-153d-34a5-86b3-723efa6e177b,CHROMIUM,WASTE_FLOW,9.40803994418964e-07,kg,,,기본 공급자가 없거나 그 공정의 기준 흐름을 읽지 못했다.
16a8a55f-c9aa-39bb-910b-6665ba548b60,Electricity - MIXED - Tampa Electric Company,ac647bd3-bc3d-3033-a9d9-fab4f44889d0,OTH ORGANIC SOLIDS,WASTE_FLOW,4.44059485365751e-05,kg,,,기본 공급자가 없거나 그 공정의 기준 흐름을 읽지 못했다.
16a8a55f-c9aa-39bb-910b-6665ba548b60,Electricity - MIXED - Tampa Electric Company,9e6a8a52-6512-39f4-868b-2770a065da09,SILVER,WASTE_FLOW,2.6342511843730992e-06,kg,,,기본 공급자가 없거나 그 공정의 기준 흐름을 읽지 못했다.
16a8a55f-c9aa-39bb-910b-6665ba548b60,Electricity - MIXED - Tampa Electric Company,79d7ff97-744b-3343-9b2e-26cd2758424c,CONT. DEBRIS,WASTE_FLOW,0.00013707514198684306,kg,,,기본 공급자가 없거나 그 공정의 기준 흐름을 읽지 못했다.
194db96a-4ce0-3fa7-8305-ba3efd823095,"Electricity - MIXED - Midcontinent Independent System Operator, Inc.",1b0ee7da-153d-34a5-86b3-723efa6e177b,CHROMIUM,WASTE_FLOW,0.00024459687397323826,kg,,,기본 공급자가 없거나 그 공정의 기준 흐름을 읽지 못했다.
194db96a-4ce0-3fa7-8305-ba3efd823095,"Electricity - MIXED - Midcontinent Independent System Operator, Inc.",18c6b770-4063-37d6-930c-64bf5a274910,IGNITABLE WASTE,WASTE_FLOW,5.382176907496127e-06,kg,,,기본 공급자가 없거나 그 공정의 기준 흐름을 읽지 못했다.
194db96a-4ce0-3fa7-8305-ba3efd823095,"Electricity - MIXED - Midcontinent Independent System Operator, Inc.",1fde4048-7ae7-3ecd-8fb9-b690f6b4c230,ARSENIC,WASTE_FLOW,0.02246699021909246,kg,,,기본 공급자가 없거나 그 공정의 기준 흐름을 읽지 못했다.
194db96a-4ce0-3fa7-8305-ba3efd823095,"Electricity - MIXED - Midcontinent Independent System Operator, Inc.",ac647bd3-bc3d-3033-a9d9-fab4f44889d0,OTH ORGANIC SOLIDS,WASTE_FLOW,0.0020055528922161277,kg,,,기본 공급자가 없거나 그 공정의 기준 흐름을 읽지 못했다.
194db96a-4ce0-3fa7-8305-ba3efd823095,"Electricity - MIXED - Midcontinent Independent System Operator, Inc.",66e610e1-1733-390a-82e0-d801990b71ba,LAB PACKS/NO ACUTE,WASTE_FLOW,1.2609671611848067e-05,kg,,,기본 공급자가 없거나 그 공정의 기준 흐름을 읽지 못했다.
194db96a-4ce0-3fa7-8305-ba3efd823095,"Electricity - MIXED - Midcontinent Independent System Operator, Inc.",455e4bb6-174d-3f14-9cbe-e85d103b32aa,SELENIUM,WASTE_FLOW,0.02666115152897281,kg,,,기본 공급자가 없거나 그 공정의 기준 흐름을 읽지 못했다.
194db96a-4ce0-3fa7-8305-ba3efd823095,"Electricity - MIXED - Midcontinent Independent System Operator, Inc.",3943bd3e-5354-3f3b-9d2a-ad12d1250b14,MERCURY,WASTE_FLOW,8.611483051993802e-07,kg,,,기본 공급자가 없거나 그 공정의 기준 흐름을 읽지 못했다.
194db96a-4ce0-3fa7-8305-ba3efd823095,"Electricity - MIXED - Midcontinent Independent System Operator, Inc.",5a5bd8b3-54b4-34e2-bb86-45fd5862a9eb,"HYDROFLUORIC ACID (C,T) (OR) HYDROGEN FLUORIDE (C,T)",WASTE_FLOW,2.1528707629984506e-07,kg,,,기본 공급자가 없거나 그 공정의 기준 흐름을 읽지 못했다.
194db96a-4ce0-3fa7-8305-ba3efd823095,"Electricity - MIXED - Midcontinent Independent System Operator, Inc.",cd7a2acd-6b88-37cb-b0f4-938ab7ddb780,"PAINT, INK, ETC.",WASTE_FLOW,5.382176907496126e-06,kg,,,기본 공급자가 없거나 그 공정의 기준 흐름을 읽지 못했다.
194db96a-4ce0-3fa7-8305-ba3efd823095,"Electricity - MIXED - Midcontinent Independent System Operator, Inc.",d5d165f8-aad3-3b82-a849-1d158c5d031d,CORROSIVE WASTE,WASTE_FLOW,0.0006118458708441598,kg,,,기본 공급자가 없거나 그 공정의 기준 흐름을 읽지 못했다.
1b0f75b8-e749-3eb2-8727-de6a22f60646,Lignite coal; combusted in industrial boiler,10735599-9bfb-4a82-9137-4d3d0846627c,"Disposal, lignite coal combustion byproducts; to unspecified reuse",WASTE_FLOW,0.0239,kg,,,기본 공급자가 없거나 그 공정의 기준 흐름을 읽지 못했다.
1b0f75b8-e749-3eb2-8727-de6a22f60646,Lignite coal; combusted in industrial boiler,25d73e00-0b36-4a76-b168-087f1ab49c03,"Disposal, solid waste; to unspecified treatment",WASTE_FLOW,0.061585,kg,,,기본 공급자가 없거나 그 공정의 기준 흐름을 읽지 못했다.
1b3e0fa2-3e38-3474-a5d6-6dd3e3452395,Concrete pipe production; at plant,f59a7f62-ebbb-4e2e-8e2c-69eed0e624d2,Disposal; municipal solid wastes; to sanitary landfill,WASTE_FLOW,14.528563611100001,kg,,,기본 공급자가 없거나 그 공정의 기준 흐름을 읽지 못했다.
1b8709a5-5df4-4c52-85e4-dd6e7ed8deba,Steel; sections; at plant,fae48449-451a-4d3c-b2fd-fc9102913b95,"Transformation, to unspecified, natural",PRODUCT_FLOW,-0.002929391,m2,,,기본 공급자가 없거나 그 공정의 기준 흐름을 읽지 못했다.
1b8709a5-5df4-4c52-85e4-dd6e7ed8deba,Steel; sections; at plant,0e6a0c9e-ced9-3e7e-8fbf-a8cf18791884,"Transformation, to industrial area",PRODUCT_FLOW,-4.26378e-08,m2,,,기본 공급자가 없거나 그 공정의 기준 흐름을 읽지 못했다.
1b8709a5-5df4-4c52-85e4-dd6e7ed8deba,Steel; sections; at plant,2c126bcc-bb63-4d63-bd72-f02a1e616809,"Transformation, from pasture and meadow",PRODUCT_FLOW,-1.0152e-15,m2,,,기본 공급자가 없거나 그 공정의 기준 흐름을 읽지 못했다.
1b8709a5-5df4-4c52-85e4-dd6e7ed8deba,Steel; sections; at plant,bbfd6ffd-e953-4202-8e09-cf149e3b485b,"Disposal, slag steelmaking; to unspecified treatment",WASTE_FLOW,3.42487e-06,kg,,,기본 공급자가 없거나 그 공정의 기준 흐름을 읽지 못했다.
1b8709a5-5df4-4c52-85e4-dd6e7ed8deba,Steel; sections; at plant,671bebd9-4998-4b85-9913-605f89effc5d,"Overburden; stockpiled, steelmaking, for unspecified beneficial use; on-site",PRODUCT_FLOW,1.558805853,kg,,,기본 공급자가 없거나 그 공정의 기준 흐름을 읽지 못했다.
1b8709a5-5df4-4c52-85e4-dd6e7ed8deba,Steel; sections; at plant,0d809ffd-dffa-4b94-b307-e3ba85ac3e31,Disposal; low radioactive waste,WASTE_FLOW,1.53338e-05,kg,,,기본 공급자가 없거나 그 공정의 기준 흐름을 읽지 못했다.
1b8709a5-5df4-4c52-85e4-dd6e7ed8deba,Steel; sections; at plant,655518bb-50b3-3919-838d-cb2b71721bb4,Steel scrap; at plant,PRODUCT_FLOW,-0.966978902,kg,,,기본 공급자가 없거나 그 공정의 기준 흐름을 읽지 못했다.
1b8709a5-5df4-4c52-85e4-dd6e7ed8deba,Steel; sections; at plant,f05cca02-ec18-4acc-9939-59658ff9a554,"Transformation, from arable",PRODUCT_FLOW,-4.77741e-15,m2,,,기본 공급자가 없거나 그 공정의 기준 흐름을 읽지 못했다.
1b8709a5-5df4-4c52-85e4-dd6e7ed8deba,Steel; sections; at plant,3b9ccd9f-1dd3-48ad-b444-b08fb5a63a89,"Transformation, to arable, non-irrigated, intensive",PRODUCT_FLOW,-0.00071224,m2,,,기본 공급자가 없거나 그 공정의 기준 흐름을 읽지 못했다.
1b8709a5-5df4-4c52-85e4-dd6e7ed8deba,Steel; sections; at plant,990c759a-1773-383c-9069-c105d72090c3,"Transformation, to urban/industrial fallow",PRODUCT_FLOW,-4.59791e-09,m2,,,기본 공급자가 없거나 그 공정의 기준 흐름을 읽지 못했다.
1b8709a5-5df4-4c52-85e4-dd6e7ed8deba,Steel; sections; at plant,dd5923b1-6ff5-4bb2-a37a-20b84727c16a,"Transformation, from permanent crops, non-irrigated, extensive",PRODUCT_FLOW,-1.68952e-08,m2,,,기본 공급자가 없거나 그 공정의 기준 흐름을 읽지 못했다.
1b8709a5-5df4-4c52-85e4-dd6e7ed8deba,Steel; sections; at plant,f2960e88-4ca9-4f6c-9813-71e66edc37b7,"Disposal, solid waste; unspecified",WASTE_FLOW,0.013851895,kg,,,기본 공급자가 없거나 그 공정의 기준 흐름을 읽지 못했다.
1b8709a5-5df4-4c52-85e4-dd6e7ed8deba,Steel; sections; at plant,d4008b63-fb71-4e00-bfda-3528c9c7e40d,"Transformation, from forest, used",PRODUCT_FLOW,-0.009691309,m2,,,기본 공급자가 없거나 그 공정의 기준 흐름을 읽지 못했다.
1b8709a5-5df4-4c52-85e4-dd6e7ed8deba,Steel; sections; at plant,29630a65-f38c-48a5-9744-c0121f586640,"Transformation, from unknown",PRODUCT_FLOW,-4.26378e-08,m2,,,기본 공급자가 없거나 그 공정의 기준 흐름을 읽지 못했다.
1b8709a5-5df4-4c52-85e4-dd6e7ed8deba,Steel; sections; at plant,4eeb9ea6-997c-35ad-a6b1-42b21f2a1098,"Transformation, to unknown",PRODUCT_FLOW,-8.02703e-05,m2,,,기본 공급자가 없거나 그 공정의 기준 흐름을 읽지 못했다.
1b8709a5-5df4-4c52-85e4-dd6e7ed8deba,Steel; sections; at plant,a687e5df-4694-4151-ba84-0722481d6fdf,"Transformation, from arable, irrigated, intensive",PRODUCT_FLOW,-0.004182135,m2,,,기본 공급자가 없거나 그 공정의 기준 흐름을 읽지 못했다.
1b8709a5-5df4-4c52-85e4-dd6e7ed8deba,Steel; sections; at plant,d9ff9e8c-6262-413a-9ff6-6f11ba905e27,Disposal; high radioactive waste,WASTE_FLOW,8.40603e-07,kg,,,기본 공급자가 없거나 그 공정의 기준 흐름을 읽지 못했다.
1b8709a5-5df4-4c52-85e4-dd6e7ed8deba,Steel; sections; at plant,84b65d8f-2edd-4ddd-8f68-ca28d1c681b0,"Transformation, to water bodies, artificial",PRODUCT_FLOW,-5.04542e-15,m2,,,기본 공급자가 없거나 그 공정의 기준 흐름을 읽지 못했다.
1b8709a5-5df4-4c52-85e4-dd6e7ed8deba,Steel; sections; at plant,4f228b5b-d313-454b-94cf-8d0c156ca21a,Disposal; spoil,WASTE_FLOW,-0.156323047,kg,,,기본 공급자가 없거나 그 공정의 기준 흐름을 읽지 못했다.
1b8709a5-5df4-4c52-85e4-dd6e7ed8deba,Steel; sections; at plant,90a5a447-af6f-421a-8201-011f07ad1150,"Transformation, to dump site",PRODUCT_FLOW,-1.02193e-15,m2,,,기본 공급자가 없거나 그 공정의 기준 흐름을 읽지 못했다.
1b8709a5-5df4-4c52-85e4-dd6e7ed8deba,Steel; sections; at plant,80a0d183-7b74-4497-95f5-8bf25681c32e,"Transformation, from grassland",PRODUCT_FLOW,-4.59791e-09,m2,,,기본 공급자가 없거나 그 공정의 기준 흐름을 읽지 못했다.
1b8709a5-5df4-4c52-85e4-dd6e7ed8deba,Steel; sections; at plant,1dd8f794-659e-4404-a847-32b2b233b74f,"Transformation, to seabed, unspecified",PRODUCT_FLOW,-1.18418e-15,m2,,,기본 공급자가 없거나 그 공정의 기준 흐름을 읽지 못했다.
1b8709a5-5df4-4c52-85e4-dd6e7ed8deba,Steel; sections; at plant,d4b314f8-1a50-45bf-b139-79dca87d197f,"Transformation, from unspecified, natural",PRODUCT_FLOW,-0.000210454,m2,,,기본 공급자가 없거나 그 공정의 기준 흐름을 읽지 못했다.
1b8709a5-5df4-4c52-85e4-dd6e7ed8deba,Steel; sections; at plant,9a5a635a-43ae-3f05-914d-04d1dfb24a70,"Transformation, to forest",PRODUCT_FLOW,-1.3734e-14,m2,,,기본 공급자가 없거나 그 공정의 기준 흐름을 읽지 못했다.
1b8709a5-5df4-4c52-85e4-dd6e7ed8deba,Steel; sections; at plant,9089d7ad-09b1-4174-a188-8844ebde2d5d,"Transformation, to shrub land, sclerophyllous",PRODUCT_FLOW,-6.11842e-05,m2,,,기본 공급자가 없거나 그 공정의 기준 흐름을 읽지 못했다.
1b8709a5-5df4-4c52-85e4-dd6e7ed8deba,Steel; sections; at plant,651df0ec-3468-4453-aa11-dc197034517f,"Transformation, from wetlands",PRODUCT_FLOW,-5.39008e-09,m2,,,기본 공급자가 없거나 그 공정의 기준 흐름을 읽지 못했다.
1b8709a5-5df4-4c52-85e4-dd6e7ed8deba,Steel; sections; at plant,b271b07a-dc25-48c3-9988-07c9a8607ac5,"Transformation, from seabed, unspecified",PRODUCT_FLOW,-1.18615e-15,m2,,,기본 공급자가 없거나 그 공정의 기준 흐름을 읽지 못했다.
1b8709a5-5df4-4c52-85e4-dd6e7ed8deba,Steel; sections; at plant,62b45ece-f0ca-3947-a31d-d5c73fa821f4,"Transformation, from shrub land, sclerophyllous",PRODUCT_FLOW,-0.003040765,m2,,,기본 공급자가 없거나 그 공정의 기준 흐름을 읽지 못했다.
1b8709a5-5df4-4c52-85e4-dd6e7ed8deba,Steel; sections; at plant,fcb77a5a-6882-4aeb-82a9-ba57688d2224,"Transformation, from permanent crop",PRODUCT_FLOW,-0.000131319,m2,,,기본 공급자가 없거나 그 공정의 기준 흐름을 읽지 못했다.
1b8709a5-5df4-4c52-85e4-dd6e7ed8deba,Steel; sections; at plant,aee3f8cd-4af5-3754-a011-5df05a274abc,"Transformation, to mineral extraction site",PRODUCT_FLOW,-7.32899e-15,m2,,,기본 공급자가 없거나 그 공정의 기준 흐름을 읽지 못했다.
1b8709a5-5df4-4c52-85e4-dd6e7ed8deba,Steel; sections; at plant,ae3d348a-6d3d-4d25-a27b-23662961197e,Disposal; medium radioactive waste,WASTE_FLOW,7.77539e-06,kg,,,기본 공급자가 없거나 그 공정의 기준 흐름을 읽지 못했다.
1b8709a5-5df4-4c52-85e4-dd6e7ed8deba,Steel; sections; at plant,37b2391c-6d90-4ef3-be80-df3d114cface,"Transformation, from arable, non-irrigated, intensive",PRODUCT_FLOW,-0.000708856,m2,,,기본 공급자가 없거나 그 공정의 기준 흐름을 읽지 못했다.
1b8709a5-5df4-4c52-85e4-dd6e7ed8deba,Steel; sections; at plant,b35f19b6-e7e8-3c7a-a11e-1e5704413261,"Tailings; stockpiled, for unspecified beneficial use; on-site",PRODUCT_FLOW,0.669385557,kg,,,기본 공급자가 없거나 그 공정의 기준 흐름을 읽지 못했다.
1b8709a5-5df4-4c52-85e4-dd6e7ed8deba,Steel; sections; at plant,4b420f19-0421-461e-a0b6-7efbf580089b,"Transformation, from arable, non-irrigated",PRODUCT_FLOW,-2.59939e-15,m2,,,기본 공급자가 없거나 그 공정의 기준 흐름을 읽지 못했다.
1b8709a5-5df4-4c52-85e4-dd6e7ed8deba,Steel; sections; at plant,3142eedb-4ef5-3af9-a010-ee92080a7890,"Transformation, from forest",PRODUCT_FLOW,-4.95674e-07,m2,,,기본 공급자가 없거나 그 공정의 기준 흐름을 읽지 못했다.
1b8709a5-5df4-4c52-85e4-dd6e7ed8deba,Steel; sections; at plant,0d2cd48c-88a6-459c-964d-de2570850ccc,Disposal; radioactive tailings,WASTE_FLOW,0.000680187,kg,,,기본 공급자가 없거나 그 공정의 기준 흐름을 읽지 못했다.
1b8709a5-5df4-4c52-85e4-dd6e7ed8deba,Steel; sections; at plant,5daf29c5-8832-357d-b27a-4d068394562e,"Transformation, to forest, intensive",PRODUCT_FLOW,-3.27557e-14,m2,,,기본 공급자가 없거나 그 공정의 기준 흐름을 읽지 못했다.
1b8709a5-5df4-4c52-85e4-dd6e7ed8deba,Steel; sections; at plant,f6225b5f-b9cf-4c88-82d2-a578e1ce5e42,"Transformation, to arable, irrigated, intensive",PRODUCT_FLOW,-0.004184309,m2,,,기본 공급자가 없거나 그 공정의 기준 흐름을 읽지 못했다.
1b8709a5-5df4-4c52-85e4-dd6e7ed8deba,Steel; sections; at plant,32e9ce57-5c64-44fe-ba5f-e29adb467eb7,"Transformation, from grassland/pasture/meadow",PRODUCT_FLOW,-8.72667e-05,m2,,,기본 공급자가 없거나 그 공정의 기준 흐름을 읽지 못했다.
1b8709a5-5df4-4c52-85e4-dd6e7ed8deba,Steel; sections; at plant,9c15ac25-4ac3-454c-8104-4d10cfba9376,"Transformation, from forest, primary",PRODUCT_FLOW,-3.35567e-05,m2,,,기본 공급자가 없거나 그 공정의 기준 흐름을 읽지 못했다.
1b8709a5-5df4-4c52-85e4-dd6e7ed8deba,Steel; sections; at plant,b20513f5-f6ff-4753-90e7-01e1b1e9eada,Disposal; hazardous waste,WASTE_FLOW,7.06272e-07,kg,,,기본 공급자가 없거나 그 공정의 기준 흐름을 읽지 못했다.
1b8709a5-5df4-4c52-85e4-dd6e7ed8deba,Steel; sections; at plant,b44dd5be-1bac-3696-9bb3-0dd49fe301f6,"Transformation, to urban, discontinuously built",PRODUCT_FLOW,-1.70955e-11,m2,,,기본 공급자가 없거나 그 공정의 기준 흐름을 읽지 못했다.
1b8709a5-5df4-4c52-85e4-dd6e7ed8deba,Steel; sections; at plant,8db68d81-3998-4b52-af19-2beb2ac9a98e,"Transformation, to forest, used",PRODUCT_FLOW,-0.009690313,m2,,,기본 공급자가 없거나 그 공정의 기준 흐름을 읽지 못했다.
1b8709a5-5df4-4c52-85e4-dd6e7ed8deba,Steel; sections; at plant,2b80c3d3-e1ce-3d9c-afbd-c81f0b49d891,"Transformation, to pasture and meadow",PRODUCT_FLOW,-4.95674e-07,m2,,,기본 공급자가 없거나 그 공정의 기준 흐름을 읽지 못했다.
1b8709a5-5df4-4c52-85e4-dd6e7ed8deba,Steel; sections; at plant,6e02ccfc-9eb5-4a51-be9a-870c1087c833,"Transformation, to permanent crop",PRODUCT_FLOW,-0.000131319,m2,,,기본 공급자가 없거나 그 공정의 기준 흐름을 읽지 못했다.
1b8709a5-5df4-4c52-85e4-dd6e7ed8deba,Steel; sections; at plant,8af79474-1d57-4251-a878-c2973b2814e6,"Transformation, to bare area",PRODUCT_FLOW,-2.21202e-09,m2,,,기본 공급자가 없거나 그 공정의 기준 흐름을 읽지 못했다.
1bf86847-c8d5-49d6-b223-ac39940a53f9,Sodium bicarbonate; solvay process; at plant - PROXY,db500fb7-bdfa-4435-ad4d-76363b686b63,Ammonium chloride; at plant,PRODUCT_FLOW,0.6367337222,kg,,,기본 공급자가 없거나 그 공정의 기준 흐름을 읽지 못했다.
1bf86847-c8d5-49d6-b223-ac39940a53f9,Sodium bicarbonate; solvay process; at plant - PROXY,af1cb8e1-9ab5-302e-a5ec-ee74e4bfa796,Carbon dioxide; liquid; at plant,PRODUCT_FLOW,-0.5238662064,kg,,,기본 공급자가 없거나 그 공정의 기준 흐름을 읽지 못했다.
1cbbcd09-ea17-3d9b-bc34-2cf42efe26ba,Corn; at field,76ef2ccc-77a4-3e25-aa26-5df2190aa565,Seed corn,PRODUCT_FLOW,-22.8,kg,,,기본 공급자가 없거나 그 공정의 기준 흐름을 읽지 못했다.
1cbbcd09-ea17-3d9b-bc34-2cf42efe26ba,Corn; at field,f05cca02-ec18-4acc-9939-59658ff9a554,"Transformation, from arable",PRODUCT_FLOW,-10000.0,m2,,,기본 공급자가 없거나 그 공정의 기준 흐름을 읽지 못했다.
1cbbcd09-ea17-3d9b-bc34-2cf42efe26ba,Corn; at field,aeb069d0-80b3-3256-a566-bed567886744,"Transformation, to arable",PRODUCT_FLOW,-10000.0,m2,,,기본 공급자가 없거나 그 공정의 기준 흐름을 읽지 못했다.
1cbbcd09-ea17-3d9b-bc34-2cf42efe26ba,Corn; at field,ddad01e0-c443-3e6e-8ade-5313cc76fcb6,Irrigating,PRODUCT_FLOW,-384.0,m3,,,기본 공급자가 없거나 그 공정의 기준 흐름을 읽지 못했다.
1cbbcd09-ea17-3d9b-bc34-2cf42efe26ba,Corn; at field,41b299a9-4002-340b-8f21-743e623f67e4,Planting,PRODUCT_FLOW,-10000.0,m2,,,기본 공급자가 없거나 그 공정의 기준 흐름을 읽지 못했다.
1d7ac207-310f-3366-8f9c-e951b61d31ce,Polyol ether; for rigid foam polyurethane production; at plant,42929598-5cd9-4fac-a79d-fd0ab85a4176,"Disposal, hazardous waste; to unspecified hazardous waste landfill",WASTE_FLOW,2.3718016708e-15,kg,,,기본 공급자가 없거나 그 공정의 기준 흐름을 읽지 못했다.
1d7ac207-310f-3366-8f9c-e951b61d31ce,Polyol ether; for rigid foam polyurethane production; at plant,2d5dd09c-40ce-4c77-80d1-af73e077ddd9,"Disposal, nuclear waste; high active",WASTE_FLOW,8.289013300001375e-09,kg,,,기본 공급자가 없거나 그 공정의 기준 흐름을 읽지 못했다.
1d7ac207-310f-3366-8f9c-e951b61d31ce,Polyol ether; for rigid foam polyurethane production; at plant,fe62dde1-8a8f-4327-90f6-6a401b769853,"Disposal, radioactive waste; unspecified hazardous waste treatment",WASTE_FLOW,2.3717553e-10,kg,,,기본 공급자가 없거나 그 공정의 기준 흐름을 읽지 못했다.
1d7ac207-310f-3366-8f9c-e951b61d31ce,Polyol ether; for rigid foam polyurethane production; at plant,49e14705-aae9-4051-899e-1ed4946f97f0,"Disposal, solid waste to incineration without energy recovery",WASTE_FLOW,1.4016514e-08,kg,,,기본 공급자가 없거나 그 공정의 기준 흐름을 읽지 못했다.
1d7ac207-310f-3366-8f9c-e951b61d31ce,Polyol ether; for rigid foam polyurethane production; at plant,8191e38b-421f-4348-a2e0-29303147f2d1,"Recycling, solid waste; to recycling or reuse",WASTE_FLOW,0.0838181822600034,kg,,,기본 공급자가 없거나 그 공정의 기준 흐름을 읽지 못했다.
1d7ac207-310f-3366-8f9c-e951b61d31ce,Polyol ether; for rigid foam polyurethane production; at plant,a98db096-441e-4783-900f-b6693ecde0c9,"Disposal, hazardous waste; to incineration with energy recovery",WASTE_FLOW,0.00219131984,kg,,,기본 공급자가 없거나 그 공정의 기준 흐름을 읽지 못했다.
1d7ac207-310f-3366-8f9c-e951b61d31ce,Polyol ether; for rigid foam polyurethane production; at plant,f59a7f62-ebbb-4e2e-8e2c-69eed0e624d2,Disposal; municipal solid wastes; to sanitary landfill,WASTE_FLOW,2.8493232370612027e-06,kg,,,기본 공급자가 없거나 그 공정의 기준 흐름을 읽지 못했다.
1d7ac207-310f-3366-8f9c-e951b61d31ce,Polyol ether; for rigid foam polyurethane production; at plant,12f3be27-4d77-4668-a021-071096d78b3f,"Disposal, oil waste; to unspecified treatment",WASTE_FLOW,9.8859596e-16,kg,,,기본 공급자가 없거나 그 공정의 기준 흐름을 읽지 못했다.
1d7ac207-310f-3366-8f9c-e951b61d31ce,Polyol ether; for rigid foam polyurethane production; at plant,951c1363-df44-4193-b009-4ccf6aead11b,"Disposal, packaging; unspecified treatment",WASTE_FLOW,5.7054692e-09,kg,,,기본 공급자가 없거나 그 공정의 기준 흐름을 읽지 못했다.
1d7ac207-310f-3366-8f9c-e951b61d31ce,Polyol ether; for rigid foam polyurethane production; at plant,c3446115-c5d7-3721-81d4-d3b2cdbff8b5,"Disposal, overburden; deposited",WASTE_FLOW,0.0060508653,kg,,,기본 공급자가 없거나 그 공정의 기준 흐름을 읽지 못했다.
1d7ac207-310f-3366-8f9c-e951b61d31ce,Polyol ether; for rigid foam polyurethane production; at plant,ba9e55fd-c5a6-41ef-9488-d6a6ee08f510,"Recycling, hazardous waste; to recovery",WASTE_FLOW,9.3761522e-08,kg,,,기본 공급자가 없거나 그 공정의 기준 흐름을 읽지 못했다.
1d7ac207-310f-3366-8f9c-e951b61d31ce,Polyol ether; for rigid foam polyurethane production; at plant,fb62f38b-09c1-42c0-aaa1-53a1c7b53200,"Disposal, nuclear waste; low and medium active",WASTE_FLOW,3.9095323e-17,kg,,,기본 공급자가 없거나 그 공정의 기준 흐름을 읽지 못했다.
1d7ac207-310f-3366-8f9c-e951b61d31ce,Polyol ether; for rigid foam polyurethane production; at plant,0d2cd48c-88a6-459c-964d-de2570850ccc,Disposal; radioactive tailings,WASTE_FLOW,3.3648668e-06,kg,,,기본 공급자가 없거나 그 공정의 기준 흐름을 읽지 못했다.
1d7ac207-310f-3366-8f9c-e951b61d31ce,Polyol ether; for rigid foam polyurethane production; at plant,74e78477-e78f-448a-b6d6-490eec6142ff,"Disposal, chemical waste; to unspecified treatment",WASTE_FLOW,1.15542980004498e-19,kg,,,기본 공급자가 없거나 그 공정의 기준 흐름을 읽지 못했다.
1dbafde2-2bc3-405c-9726-4d92fe7d29f9,"Linear low-density polyethylene, LLDPE; virgin resin; at plant",ba9e55fd-c5a6-41ef-9488-d6a6ee08f510,"Recycling, hazardous waste; to recovery",WASTE_FLOW,8.8e-07,kg,,,기본 공급자가 없거나 그 공정의 기준 흐름을 읽지 못했다.
1dbafde2-2bc3-405c-9726-4d92fe7d29f9,"Linear low-density polyethylene, LLDPE; virgin resin; at plant",42929598-5cd9-4fac-a79d-fd0ab85a4176,"Disposal, hazardous waste; to unspecified hazardous waste landfill",WASTE_FLOW,6.6e-07,kg,,,기본 공급자가 없거나 그 공정의 기준 흐름을 읽지 못했다.
1dbafde2-2bc3-405c-9726-4d92fe7d29f9,"Linear low-density polyethylene, LLDPE; virgin resin; at plant",c3a414cf-44c3-409b-8481-7c0fafdb225c,"Disposal, solid waste; to incineration without energy recovery",WASTE_FLOW,4.2e-05,kg,,,기본 공급자가 없거나 그 공정의 기준 흐름을 읽지 못했다.
1dbafde2-2bc3-405c-9726-4d92fe7d29f9,"Linear low-density polyethylene, LLDPE; virgin resin; at plant",8191e38b-421f-4348-a2e0-29303147f2d1,"Recycling, solid waste; to recycling or reuse",WASTE_FLOW,0.00026,kg,,,기본 공급자가 없거나 그 공정의 기준 흐름을 읽지 못했다.
1dbafde2-2bc3-405c-9726-4d92fe7d29f9,"Linear low-density polyethylene, LLDPE; virgin resin; at plant",a98db096-441e-4783-900f-b6693ecde0c9,"Disposal, hazardous waste; to incineration with energy recovery",WASTE_FLOW,7.6e-09,kg,,,기본 공급자가 없거나 그 공정의 기준 흐름을 읽지 못했다.
1dbafde2-2bc3-405c-9726-4d92fe7d29f9,"Linear low-density polyethylene, LLDPE; virgin resin; at plant",ad141e8f-c6d9-4404-b276-6857aadcd79f,Cyclohexane; production,PRODUCT_FLOW,-0.00025,kg,,,기본 공급자가 없거나 그 공정의 기준 흐름을 읽지 못했다.
1dbafde2-2bc3-405c-9726-4d92fe7d29f9,"Linear low-density polyethylene, LLDPE; virgin resin; at plant",ac003090-67b7-4364-b690-807d12019627,"Disposal, hazardous waste; to incineration without energy recovery",WASTE_FLOW,0.0013,kg,,,기본 공급자가 없거나 그 공정의 기준 흐름을 읽지 못했다.
1def7242-47af-3bba-908e-3a5041c1fc08,"coal extraction and processing - West/Northwest, SUB, Surface",9f723736-35c3-4218-8dbe-a1331f56be46,Light fuel oil,PRODUCT_FLOW,-0.00010467082545822247,kg,,,기본 공급자가 없거나 그 공정의 기준 흐름을 읽지 못했다.
1def7242-47af-3bba-908e-3a5041c1fc08,"coal extraction and processing - West/Northwest, SUB, Surface",25804c89-c3cd-34f7-b5e6-4160fc17a7dc,polyvinyl chloride (PVC),PRODUCT_FLOW,-4.116431692965308e-10,kg,,,기본 공급자가 없거나 그 공정의 기준 흐름을 읽지 못했다.
1def7242-47af-3bba-908e-3a5041c1fc08,"coal extraction and processing - West/Northwest, SUB, Surface",2b325037-62f4-4658-ab68-2aaf30da8ae6,liquefied petroleum gas,PRODUCT_FLOW,-2.875675222525465e-08,kg,,,기본 공급자가 없거나 그 공정의 기준 흐름을 읽지 못했다.
1def7242-47af-3bba-908e-3a5041c1fc08,"coal extraction and processing - West/Northwest, SUB, Surface",6aec53b7-c1e1-4f37-9997-bad469fa567b,residual oil,PRODUCT_FLOW,-1.3762509068350435e-06,kg,,,기본 공급자가 없거나 그 공정의 기준 흐름을 읽지 못했다.
1def7242-47af-3bba-908e-3a5041c1fc08,"coal extraction and processing - West/Northwest, SUB, Surface",2db44184-7fa2-300c-b4ab-7fa9227bc0ed,zinc,PRODUCT_FLOW,-2.0571540529044373e-11,kg,,,기본 공급자가 없거나 그 공정의 기준 흐름을 읽지 못했다.
1def7242-47af-3bba-908e-3a5041c1fc08,"coal extraction and processing - West/Northwest, SUB, Surface",8a5b6ae2-63d7-4e5a-950e-7d1d8b0bea80,"natural gas, delivered",PRODUCT_FLOW,-6.545520337767882e-05,kg,,,기본 공급자가 없거나 그 공정의 기준 흐름을 읽지 못했다.
1def7242-47af-3bba-908e-3a5041c1fc08,"coal extraction and processing - West/Northwest, SUB, Surface",2b69310a-e90f-3417-8b35-d23d5eeac99f,asphalt,PRODUCT_FLOW,-0.00014321576580826959,kg,,,기본 공급자가 없거나 그 공정의 기준 흐름을 읽지 못했다.
1def7242-47af-3bba-908e-3a5041c1fc08,"coal extraction and processing - West/Northwest, SUB, Surface",14d67c68-0a06-328b-9347-1aaa9bc5f53a,"Water, reclaimed",PRODUCT_FLOW,-15.174654858874428,kg,,,기본 공급자가 없거나 그 공정의 기준 흐름을 읽지 못했다.
1def7242-47af-3bba-908e-3a5041c1fc08,"coal extraction and processing - West/Northwest, SUB, Surface",8fe56530-fbb6-3f64-a436-c460029321b4,"rubber, styrene-butadiene",PRODUCT_FLOW,-0.0006593780501777951,kg,,,기본 공급자가 없거나 그 공정의 기준 흐름을 읽지 못했다.
1def7242-47af-3bba-908e-3a5041c1fc08,"coal extraction and processing - West/Northwest, SUB, Surface",66b3cd21-7664-3778-86d6-52f45f1af823,copper,PRODUCT_FLOW,-2.579232395837644e-11,kg,,,기본 공급자가 없거나 그 공정의 기준 흐름을 읽지 못했다.
1def7242-47af-3bba-908e-3a5041c1fc08,"coal extraction and processing - West/Northwest, SUB, Surface",aab4c1d4-d871-40b1-8188-35999f9b751a,"Waste, solid",WASTE_FLOW,0.0007035123561659861,kg,,,기본 공급자가 없거나 그 공정의 기준 흐름을 읽지 못했다.
1def7242-47af-3bba-908e-3a5041c1fc08,"coal extraction and processing - West/Northwest, SUB, Surface",66c312ea-5071-3a57-9940-25a403d38dea,cast iron,PRODUCT_FLOW,-1.0756490719914149e-09,kg,,,기본 공급자가 없거나 그 공정의 기준 흐름을 읽지 못했다.
1def7242-47af-3bba-908e-3a5041c1fc08,"coal extraction and processing - West/Northwest, SUB, Surface",7e540229-9844-4be6-b0e8-af5d8d70c11a,Ammonium nitrate,PRODUCT_FLOW,-1.1099190845880955,kg,,,기본 공급자가 없거나 그 공정의 기준 흐름을 읽지 못했다.
1def7242-47af-3bba-908e-3a5041c1fc08,"coal extraction and processing - West/Northwest, SUB, Surface",e6653400-5caf-43f6-b1f2-89b4c01ca58d,petroleum coke,PRODUCT_FLOW,-8.450338616511571e-05,kg,,,기본 공급자가 없거나 그 공정의 기준 흐름을 읽지 못했다.
1ed2f02b-a5b8-37e8-a631-3ad98327b0f0,Electricity - NUCLEAR - California Independent System Operator,e2c670e5-7d2b-35f9-a30e-caddbaa8e497,WASTE OIL,WASTE_FLOW,1.5718474476881844e-05,kg,,,기본 공급자가 없거나 그 공정의 기준 흐름을 읽지 못했다.
1ed2f02b-a5b8-37e8-a631-3ad98327b0f0,Electricity - NUCLEAR - California Independent System Operator,50a90a6b-bb89-32e4-bc27-7725250477bc,OTH ORGANIC LIQUID,WASTE_FLOW,3.737617709486562e-06,kg,,,기본 공급자가 없거나 그 공정의 기준 흐름을 읽지 못했다.
1ed2f02b-a5b8-37e8-a631-3ad98327b0f0,Electricity - NUCLEAR - California Independent System Operator,66e610e1-1733-390a-82e0-d801990b71ba,LAB PACKS/NO ACUTE,WASTE_FLOW,1.4336067926797774e-06,kg,,,기본 공급자가 없거나 그 공정의 기준 흐름을 읽지 못했다.
1ed2f02b-a5b8-37e8-a631-3ad98327b0f0,Electricity - NUCLEAR - California Independent System Operator,1b0ee7da-153d-34a5-86b3-723efa6e177b,CHROMIUM,WASTE_FLOW,2.5600121297853162e-05,kg,,,기본 공급자가 없거나 그 공정의 기준 흐름을 읽지 못했다.
1ed2f02b-a5b8-37e8-a631-3ad98327b0f0,Electricity - NUCLEAR - California Independent System Operator,2c0313f3-cd99-363f-9f3c-f34d8a1d0208,LEAD,WASTE_FLOW,0.00011289653492353247,kg,,,기본 공급자가 없거나 그 공정의 기준 흐름을 읽지 못했다.
1ed2f02b-a5b8-37e8-a631-3ad98327b0f0,Electricity - NUCLEAR - California Independent System Operator,3943bd3e-5354-3f3b-9d2a-ad12d1250b14,MERCURY,WASTE_FLOW,4.812822803996395e-06,kg,,,기본 공급자가 없거나 그 공정의 기준 흐름을 읽지 못했다.
1ed2f02b-a5b8-37e8-a631-3ad98327b0f0,Electricity - NUCLEAR - California Independent System Operator,f5bb2272-b96d-30c8-bbd2-97ac661eb879,"THE FOLLOWING SPENT NONHALOGENATED SOLVENTS: XYLENE, ACETONE, ETHYL ACETATE, ETHYL BENZENE, ETHYL ETHER, METHYL ISOBUTYL KETONE, N-BUTYL ALCOHOL, CYCLOHEXANONE, AND METHANOL; ALL SPENT SOLVENT MIXTURES/BLENDS CONTAINING, BEFORE USE, ONLY THE ABOVE SPENT N",WASTE_FLOW,7.795236935196289e-05,kg,,,기본 공급자가 없거나 그 공정의 기준 흐름을 읽지 못했다.
1ed2f02b-a5b8-37e8-a631-3ad98327b0f0,Electricity - NUCLEAR - California Independent System Operator,d5d165f8-aad3-3b82-a849-1d158c5d031d,CORROSIVE WASTE,WASTE_FLOW,0.00025958522996023114,kg,,,기본 공급자가 없거나 그 공정의 기준 흐름을 읽지 못했다.
1ed2f02b-a5b8-37e8-a631-3ad98327b0f0,Electricity - NUCLEAR - California Independent System Operator,6a41027e-3557-329e-be45-1ae193bf2740,BARIUM,WASTE_FLOW,1.0240048519141268e-06,kg,,,기본 공급자가 없거나 그 공정의 기준 흐름을 읽지 못했다.
1ed2f02b-a5b8-37e8-a631-3ad98327b0f0,Electricity - NUCLEAR - California Independent System Operator,18c6b770-4063-37d6-930c-64bf5a274910,IGNITABLE WASTE,WASTE_FLOW,0.00025520760921829823,kg,,,기본 공급자가 없거나 그 공정의 기준 흐름을 읽지 못했다.
1ed2f02b-a5b8-37e8-a631-3ad98327b0f0,Electricity - NUCLEAR - California Independent System Operator,79d7ff97-744b-3343-9b2e-26cd2758424c,CONT. DEBRIS,WASTE_FLOW,0.00017495122894952854,kg,,,기본 공급자가 없거나 그 공정의 기준 흐름을 읽지 못했다.
1ed52022-644f-3653-9a6d-27f43c2da3bd,Electricity - MIXED - Los Angeles Department of Water and Power,cba57723-fb37-34c5-afcb-a8ef46813b2a,SOLVENT MIXTURE,WASTE_FLOW,0.007738745061433688,kg,,,기본 공급자가 없거나 그 공정의 기준 흐름을 읽지 못했다.
1ed52022-644f-3653-9a6d-27f43c2da3bd,Electricity - MIXED - Los Angeles Department of Water and Power,a77fca67-da10-36e3-80a9-55e12b303750,POTASSIUM CYANIDE (OR) POTASSIUM CYANIDE K(CN),WASTE_FLOW,9.235539373727447e-05,kg,,,기본 공급자가 없거나 그 공정의 기준 흐름을 읽지 못했다.
1ed52022-644f-3653-9a6d-27f43c2da3bd,Electricity - MIXED - Los Angeles Department of Water and Power,18c6b770-4063-37d6-930c-64bf5a274910,IGNITABLE WASTE,WASTE_FLOW,0.0025381809934002667,kg,,,기본 공급자가 없거나 그 공정의 기준 흐름을 읽지 못했다.
1ed52022-644f-3653-9a6d-27f43c2da3bd,Electricity - MIXED - Los Angeles Department of Water and Power,1296b2d3-2fc0-3a8a-b913-45da9093c4df,REACTIVE WASTE,WASTE_FLOW,4.4585362493856635e-05,kg,,,기본 공급자가 없거나 그 공정의 기준 흐름을 읽지 못했다.
1ed52022-644f-3653-9a6d-27f43c2da3bd,Electricity - MIXED - Los Angeles Department of Water and Power,d5d165f8-aad3-3b82-a849-1d158c5d031d,CORROSIVE WASTE,WASTE_FLOW,0.00019108012497367132,kg,,,기본 공급자가 없거나 그 공정의 기준 흐름을 읽지 못했다.
1ed52022-644f-3653-9a6d-27f43c2da3bd,Electricity - MIXED - Los Angeles Department of Water and Power,f5bb2272-b96d-30c8-bbd2-97ac661eb879,"THE FOLLOWING SPENT NONHALOGENATED SOLVENTS: XYLENE, ACETONE, ETHYL ACETATE, ETHYL BENZENE, ETHYL ETHER, METHYL ISOBUTYL KETONE, N-BUTYL ALCOHOL, CYCLOHEXANONE, AND METHANOL; ALL SPENT SOLVENT MIXTURES/BLENDS CONTAINING, BEFORE USE, ONLY THE ABOVE SPENT N",WASTE_FLOW,0.004219686093168573,kg,,,기본 공급자가 없거나 그 공정의 기준 흐름을 읽지 못했다.
1ed52022-644f-3653-9a6d-27f43c2da3bd,Electricity - MIXED - Los Angeles Department of Water and Power,2c0313f3-cd99-363f-9f3c-f34d8a1d0208,LEAD,WASTE_FLOW,0.00047770031243417815,kg,,,기본 공급자가 없거나 그 공정의 기준 흐름을 읽지 못했다.
1fc21555-e9a5-37f0-a284-3f49bb0ef484,Electricity - GAS - California Independent System Operator,c4d543ac-e7b8-3b6c-b24f-035fc35f262b,"DICHLORODIFLUOROMETHANE (OR) METHANE, DICHLORODIFLUORO-",WASTE_FLOW,1.4308728210012626e-06,kg,,,기본 공급자가 없거나 그 공정의 기준 흐름을 읽지 못했다.
1fc21555-e9a5-37f0-a284-3f49bb0ef484,Electricity - GAS - California Independent System Operator,9e6a8a52-6512-39f4-868b-2770a065da09,SILVER,WASTE_FLOW,5.836454927768309e-07,kg,,,기본 공급자가 없거나 그 공정의 기준 흐름을 읽지 못했다.
1fc21555-e9a5-37f0-a284-3f49bb0ef484,Electricity - GAS - California Independent System Operator,1fde4048-7ae7-3ecd-8fb9-b690f6b4c230,ARSENIC,WASTE_FLOW,0.000753719036281041,kg,,,기본 공급자가 없거나 그 공정의 기준 흐름을 읽지 못했다.
1fc21555-e9a5-37f0-a284-3f49bb0ef484,Electricity - GAS - California Independent System Operator,9108d69c-0266-3105-ba49-c0dc765ce931,PAINT THINNER,WASTE_FLOW,1.5061819168434347e-05,kg,,,기본 공급자가 없거나 그 공정의 기준 흐름을 읽지 못했다.
1fc21555-e9a5-37f0-a284-3f49bb0ef484,Electricity - GAS - California Independent System Operator,f8398592-014f-3f3c-a4ac-a792b6f6dada,WASTE PHARMACEUTICAL,WASTE_FLOW,2.0521728616991793e-05,kg,,,기본 공급자가 없거나 그 공정의 기준 흐름을 읽지 못했다.
1fc21555-e9a5-37f0-a284-3f49bb0ef484,Electricity - GAS - California Independent System Operator,79d7ff97-744b-3343-9b2e-26cd2758424c,CONT. DEBRIS,WASTE_FLOW,0.00012576619005642676,kg,,,기본 공급자가 없거나 그 공정의 기준 흐름을 읽지 못했다.
1fc21555-e9a5-37f0-a284-3f49bb0ef484,Electricity - GAS - California Independent System Operator,7fdc2f5e-70bd-3dd4-a6c0-288a85597858,OTHER AQUEOUS WST,WASTE_FLOW,1.8827273960542933e-07,kg,,,기본 공급자가 없거나 그 공정의 기준 흐름을 읽지 못했다.
1fc21555-e9a5-37f0-a284-3f49bb0ef484,Electricity - GAS - California Independent System Operator,18c6b770-4063-37d6-930c-64bf5a274910,IGNITABLE WASTE,WASTE_FLOW,0.00013870222172197622,kg,,,기본 공급자가 없거나 그 공정의 기준 흐름을 읽지 못했다.
1fc21555-e9a5-37f0-a284-3f49bb0ef484,Electricity - GAS - California Independent System Operator,751445c0-1204-3973-b58d-bdf0112cfbe5,ELECTRICAL DEVICES,WASTE_FLOW,5.648182188162879e-06,kg,,,기본 공급자가 없거나 그 공정의 기준 흐름을 읽지 못했다.
1fc21555-e9a5-37f0-a284-3f49bb0ef484,Electricity - GAS - California Independent System Operator,d5d165f8-aad3-3b82-a849-1d158c5d031d,CORROSIVE WASTE,WASTE_FLOW,0.0014303932639753041,kg,,,기본 공급자가 없거나 그 공정의 기준 흐름을 읽지 못했다.
1fc21555-e9a5-37f0-a284-3f49bb0ef484,Electricity - GAS - California Independent System Operator,36693162-edff-38f9-8112-55fb1e802159,COMPRESSED GAS,WASTE_FLOW,7.719182323822602e-07,kg,,,기본 공급자가 없거나 그 공정의 기준 흐름을 읽지 못했다.
1fc21555-e9a5-37f0-a284-3f49bb0ef484,Electricity - GAS - California Independent System Operator,cd7a2acd-6b88-37cb-b0f4-938ab7ddb780,"PAINT, INK, ETC.",WASTE_FLOW,6.589545886190025e-06,kg,,,기본 공급자가 없거나 그 공정의 기준 흐름을 읽지 못했다.
1fc21555-e9a5-37f0-a284-3f49bb0ef484,Electricity - GAS - California Independent System Operator,54f3da60-a8fe-3efe-baa4-65ccffa5bd4d,ARSENIC OXIDE AS2O3 (OR) ARSENIC TRIOXIDE,WASTE_FLOW,6.213000406979167e-06,kg,,,기본 공급자가 없거나 그 공정의 기준 흐름을 읽지 못했다.
1fc21555-e9a5-37f0-a284-3f49bb0ef484,Electricity - GAS - California Independent System Operator,eb57fdb2-dc92-378b-8727-29e05ff89d35,NONHALOGEN. SOLVENT,WASTE_FLOW,2.2592728752651516e-05,kg,,,기본 공급자가 없거나 그 공정의 기준 흐름을 읽지 못했다.
1fc21555-e9a5-37f0-a284-3f49bb0ef484,Electricity - GAS - California Independent System Operator,1b0ee7da-153d-34a5-86b3-723efa6e177b,CHROMIUM,WASTE_FLOW,0.00012458007179691258,kg,,,기본 공급자가 없거나 그 공정의 기준 흐름을 읽지 못했다.
1fc21555-e9a5-37f0-a284-3f49bb0ef484,Electricity - GAS - California Independent System Operator,66e610e1-1733-390a-82e0-d801990b71ba,LAB PACKS/NO ACUTE,WASTE_FLOW,5.013703055692583e-05,kg,,,기본 공급자가 없거나 그 공정의 기준 흐름을 읽지 못했다.
1fc21555-e9a5-37f0-a284-3f49bb0ef484,Electricity - GAS - California Independent System Operator,14d67c68-0a06-328b-9347-1aaa9bc5f53a,"Water, reclaimed",PRODUCT_FLOW,-566.217037439208,kg,,,기본 공급자가 없거나 그 공정의 기준 흐름을 읽지 못했다.
1fc21555-e9a5-37f0-a284-3f49bb0ef484,Electricity - GAS - California Independent System Operator,f5bb2272-b96d-30c8-bbd2-97ac661eb879,"THE FOLLOWING SPENT NONHALOGENATED SOLVENTS: XYLENE, ACETONE, ETHYL ACETATE, ETHYL BENZENE, ETHYL ETHER, METHYL ISOBUTYL KETONE, N-BUTYL ALCOHOL, CYCLOHEXANONE, AND METHANOL; ALL SPENT SOLVENT MIXTURES/BLENDS CONTAINING, BEFORE USE, ONLY THE ABOVE SPENT N",WASTE_FLOW,0.00010771318020660158,kg,,,기본 공급자가 없거나 그 공정의 기준 흐름을 읽지 못했다.
1fc21555-e9a5-37f0-a284-3f49bb0ef484,Electricity - GAS - California Independent System Operator,2c0313f3-cd99-363f-9f3c-f34d8a1d0208,LEAD,WASTE_FLOW,0.0003092207478462437,kg,,,기본 공급자가 없거나 그 공정의 기준 흐름을 읽지 못했다.
1fc21555-e9a5-37f0-a284-3f49bb0ef484,Electricity - GAS - California Independent System Operator,e382de33-5d82-3ead-a045-f676eebd7667,OTH INORGANIC SOLIDS,WASTE_FLOW,4.7068184901357335e-07,kg,,,기본 공급자가 없거나 그 공정의 기준 흐름을 읽지 못했다.
1fc21555-e9a5-37f0-a284-3f49bb0ef484,Electricity - GAS - California Independent System Operator,50a90a6b-bb89-32e4-bc27-7725250477bc,OTH ORGANIC LIQUID,WASTE_FLOW,0.00035472466869058934,kg,,,기본 공급자가 없거나 그 공정의 기준 흐름을 읽지 못했다.
1fc21555-e9a5-37f0-a284-3f49bb0ef484,Electricity - GAS - California Independent System Operator,3943bd3e-5354-3f3b-9d2a-ad12d1250b14,MERCURY,WASTE_FLOW,5.745904024018639e-05,kg,,,기본 공급자가 없거나 그 공정의 기준 흐름을 읽지 못했다.
1fc21555-e9a5-37f0-a284-3f49bb0ef484,Electricity - GAS - California Independent System Operator,dfb4b5ad-233d-3d04-86f0-c3b361ca5475,CHLOROFORM,WASTE_FLOW,1.637972834567235e-06,kg,,,기본 공급자가 없거나 그 공정의 기준 흐름을 읽지 못했다.
1fc21555-e9a5-37f0-a284-3f49bb0ef484,Electricity - GAS - California Independent System Operator,6a41027e-3557-329e-be45-1ae193bf2740,BARIUM,WASTE_FLOW,9.413636980271467e-08,kg,,,기본 공급자가 없거나 그 공정의 기준 흐름을 읽지 못했다.
1fc21555-e9a5-37f0-a284-3f49bb0ef484,Electricity - GAS - California Independent System Operator,b45cfd87-f3c4-3a78-944c-b03759e5caa6,BENZENE,WASTE_FLOW,0.00020823922932059592,kg,,,기본 공급자가 없거나 그 공정의 기준 흐름을 읽지 못했다.
20b49008-b007-3407-95b0-92b796e5e2c0,Pulpwood; softwood; national forest; average; at forest road; INW,c23ac9a1-b8a3-3800-8c47-9f3b8252e7ab,"Pulpwood, softwood; national forest, gentle slope; at forest road",PRODUCT_FLOW,-0.5,m3,,,기본 공급자가 없거나 그 공정의 기준 흐름을 읽지 못했다.
20b49008-b007-3407-95b0-92b796e5e2c0,Pulpwood; softwood; national forest; average; at forest road; INW,31948a1f-886a-3020-b33b-d381a427dbc6,"Pulpwood, softwood; national forest, steep slope; at forest road",PRODUCT_FLOW,-0.5,m3,,,기본 공급자가 없거나 그 공정의 기준 흐름을 읽지 못했다.
226ed3c2-e020-4c95-b1fc-4559fc2d18ac,Corrugated product; average production; at mill,b86265c2-5978-3ba1-92ec-e7e0d862bc25,Coating powder; at plant,PRODUCT_FLOW,-0.000513365,kg,,,기본 공급자가 없거나 그 공정의 기준 흐름을 읽지 못했다.
226ed3c2-e020-4c95-b1fc-4559fc2d18ac,Corrugated product; average production; at mill,93ccefc4-7a92-358d-a7ef-5cda90b4657b,Adhesives and binders; at plant,PRODUCT_FLOW,-0.001608429,kg,,,기본 공급자가 없거나 그 공정의 기준 흐름을 읽지 못했다.
22a3c1eb-6489-37f1-be85-eb1a4c39e3ea,"coal extraction and processing - Central Appalachia, BIT, Processing",25804c89-c3cd-34f7-b5e6-4160fc17a7dc,polyvinyl chloride (PVC),PRODUCT_FLOW,-8.629537779426945e-05,kg,,,기본 공급자가 없거나 그 공정의 기준 흐름을 읽지 못했다.
22a3c1eb-6489-37f1-be85-eb1a4c39e3ea,"coal extraction and processing - Central Appalachia, BIT, Processing",2b325037-62f4-4658-ab68-2aaf30da8ae6,liquefied petroleum gas,PRODUCT_FLOW,-6.096737612689629e-08,kg,,,기본 공급자가 없거나 그 공정의 기준 흐름을 읽지 못했다.
22a3c1eb-6489-37f1-be85-eb1a4c39e3ea,"coal extraction and processing - Central Appalachia, BIT, Processing",6aec53b7-c1e1-4f37-9997-bad469fa567b,residual oil,PRODUCT_FLOW,-2.9177958640517254e-06,kg,,,기본 공급자가 없거나 그 공정의 기준 흐름을 읽지 못했다.
22a3c1eb-6489-37f1-be85-eb1a4c39e3ea,"coal extraction and processing - Central Appalachia, BIT, Processing",e6653400-5caf-43f6-b1f2-89b4c01ca58d,petroleum coke,PRODUCT_FLOW,-0.0001791561581490168,kg,,,기본 공급자가 없거나 그 공정의 기준 흐름을 읽지 못했다.
22a3c1eb-6489-37f1-be85-eb1a4c39e3ea,"coal extraction and processing - Central Appalachia, BIT, Processing",8a5b6ae2-63d7-4e5a-950e-7d1d8b0bea80,"natural gas, delivered",PRODUCT_FLOW,-0.00013895334693682092,kg,,,기본 공급자가 없거나 그 공정의 기준 흐름을 읽지 못했다.
22a3c1eb-6489-37f1-be85-eb1a4c39e3ea,"coal extraction and processing - Central Appalachia, BIT, Processing",2b69310a-e90f-3417-8b35-d23d5eeac99f,asphalt,PRODUCT_FLOW,-0.12677189080317675,kg,,,기본 공급자가 없거나 그 공정의 기준 흐름을 읽지 못했다.
22a3c1eb-6489-37f1-be85-eb1a4c39e3ea,"coal extraction and processing - Central Appalachia, BIT, Processing",14d67c68-0a06-328b-9347-1aaa9bc5f53a,"Water, reclaimed",PRODUCT_FLOW,-0.19059710155039708,kg,,,기본 공급자가 없거나 그 공정의 기준 흐름을 읽지 못했다.
22a3c1eb-6489-37f1-be85-eb1a4c39e3ea,"coal extraction and processing - Central Appalachia, BIT, Processing",9f723736-35c3-4218-8dbe-a1331f56be46,Light fuel oil,PRODUCT_FLOW,-0.00040222550352220254,kg,,,기본 공급자가 없거나 그 공정의 기준 흐름을 읽지 못했다.
22a3c1eb-6489-37f1-be85-eb1a4c39e3ea,"coal extraction and processing - Central Appalachia, BIT, Processing",7e540229-9844-4be6-b0e8-af5d8d70c11a,Ammonium nitrate,PRODUCT_FLOW,-1.5146539321093655,kg,,,기본 공급자가 없거나 그 공정의 기준 흐름을 읽지 못했다.
22a3c1eb-6489-37f1-be85-eb1a4c39e3ea,"coal extraction and processing - Central Appalachia, BIT, Processing",8fe56530-fbb6-3f64-a436-c460029321b4,"rubber, styrene-butadiene",PRODUCT_FLOW,-0.0007650409662771238,kg,,,기본 공급자가 없거나 그 공정의 기준 흐름을 읽지 못했다.
22a3c1eb-6489-37f1-be85-eb1a4c39e3ea,"coal extraction and processing - Central Appalachia, BIT, Processing",66c312ea-5071-3a57-9940-25a403d38dea,cast iron,PRODUCT_FLOW,-0.00022472345635984582,kg,,,기본 공급자가 없거나 그 공정의 기준 흐름을 읽지 못했다.
22a3c1eb-6489-37f1-be85-eb1a4c39e3ea,"coal extraction and processing - Central Appalachia, BIT, Processing",66b3cd21-7664-3778-86d6-52f45f1af823,copper,PRODUCT_FLOW,-5.38832981775055e-06,kg,,,기본 공급자가 없거나 그 공정의 기준 흐름을 읽지 못했다.
22a3c1eb-6489-37f1-be85-eb1a4c39e3ea,"coal extraction and processing - Central Appalachia, BIT, Processing",2db44184-7fa2-300c-b4ab-7fa9227bc0ed,zinc,PRODUCT_FLOW,-4.300110145611827e-06,kg,,,기본 공급자가 없거나 그 공정의 기준 흐름을 읽지 못했다.
22a3c1eb-6489-37f1-be85-eb1a4c39e3ea,"coal extraction and processing - Central Appalachia, BIT, Processing",aab4c1d4-d871-40b1-8188-35999f9b751a,"Waste, solid",WASTE_FLOW,0.0014914541620430996,kg,,,기본 공급자가 없거나 그 공정의 기준 흐름을 읽지 못했다.
23479873-da1a-3370-b4cf-a7df555e06d2,"Electricity - BIOMASS - PJM Interconnection, LLC",ac647bd3-bc3d-3033-a9d9-fab4f44889d0,OTH ORGANIC SOLIDS,WASTE_FLOW,0.7256238596584701,kg,,,기본 공급자가 없거나 그 공정의 기준 흐름을 읽지 못했다.
23479873-da1a-3370-b4cf-a7df555e06d2,"Electricity - BIOMASS - PJM Interconnection, LLC",d5d165f8-aad3-3b82-a849-1d158c5d031d,CORROSIVE WASTE,WASTE_FLOW,5.87439298852459,kg,,,기본 공급자가 없거나 그 공정의 기준 흐름을 읽지 못했다.
23479873-da1a-3370-b4cf-a7df555e06d2,"Electricity - BIOMASS - PJM Interconnection, LLC",50a90a6b-bb89-32e4-bc27-7725250477bc,OTH ORGANIC LIQUID,WASTE_FLOW,14.500083959016393,kg,,,기본 공급자가 없거나 그 공정의 기준 흐름을 읽지 못했다.
23479873-da1a-3370-b4cf-a7df555e06d2,"Electricity - BIOMASS - PJM Interconnection, LLC",cd7a2acd-6b88-37cb-b0f4-938ab7ddb780,"PAINT, INK, ETC.",WASTE_FLOW,58.80589605601094,kg,,,기본 공급자가 없거나 그 공정의 기준 흐름을 읽지 못했다.
23479873-da1a-3370-b4cf-a7df555e06d2,"Electricity - BIOMASS - PJM Interconnection, LLC",3943bd3e-5354-3f3b-9d2a-ad12d1250b14,MERCURY,WASTE_FLOW,0.012393234153005465,kg,,,기본 공급자가 없거나 그 공정의 기준 흐름을 읽지 못했다.
23479873-da1a-3370-b4cf-a7df555e06d2,"Electricity - BIOMASS - PJM Interconnection, LLC",18c6b770-4063-37d6-930c-64bf5a274910,IGNITABLE WASTE,WASTE_FLOW,8.929277183458094,kg,,,기본 공급자가 없거나 그 공정의 기준 흐름을 읽지 못했다.
23479873-da1a-3370-b4cf-a7df555e06d2,"Electricity - BIOMASS - PJM Interconnection, LLC",66e610e1-1733-390a-82e0-d801990b71ba,LAB PACKS/NO ACUTE,WASTE_FLOW,17.16958659557377,kg,,,기본 공급자가 없거나 그 공정의 기준 흐름을 읽지 못했다.
23479873-da1a-3370-b4cf-a7df555e06d2,"Electricity - BIOMASS - PJM Interconnection, LLC",13c7ed3e-f154-320a-8ed1-6c00721d67c5,PESTICIDE SOLIDS,WASTE_FLOW,7.250041979508197,kg,,,기본 공급자가 없거나 그 공정의 기준 흐름을 읽지 못했다.
24ccf5c5-25f5-35da-bead-5edf4e14cdc1,Corn fertilizer mix; at field,da1e1f5e-4c05-3d35-a1b1-10d095fb7a07,Slurry spreading; by vacuum tanker,PRODUCT_FLOW,-1.01,m3,,,기본 공급자가 없거나 그 공정의 기준 흐름을 읽지 못했다.
24ccf5c5-25f5-35da-bead-5edf4e14cdc1,Corn fertilizer mix; at field,74356e02-04c1-3e2f-afd0-b5f234bc5f14,Solid manure loading and spreading; by hydraulic loader and spreader,PRODUCT_FLOW,-3.02,kg,,,기본 공급자가 없거나 그 공정의 기준 흐름을 읽지 못했다.
24ccf5c5-25f5-35da-bead-5edf4e14cdc1,Corn fertilizer mix; at field,b11f85df-a66d-3fb7-ba09-b9906eeddbba,"Potassium nitrate, K2O; at regional storehouse",PRODUCT_FLOW,-94.0,kg,,,기본 공급자가 없거나 그 공정의 기준 흐름을 읽지 못했다.
25b4ad17-ccd9-36ff-8ed5-4ad7b4814ae3,Switchgrass; ground; at storage,ded62531-fa5b-3666-b34e-e2c76e81d172,Fodder loading; by self-loading trailer,PRODUCT_FLOW,-2.2653,m3,,,기본 공급자가 없거나 그 공정의 기준 흐름을 읽지 못했다.
25b4ad17-ccd9-36ff-8ed5-4ad7b4814ae3,Switchgrass; ground; at storage,13f37d5b-be6f-3843-9c10-f6518bab1a3b,Agricultural machinery; general,PRODUCT_FLOW,-0.9,kg,,,기본 공급자가 없거나 그 공정의 기준 흐름을 읽지 못했다.
25b4ad17-ccd9-36ff-8ed5-4ad7b4814ae3,Switchgrass; ground; at storage,b9b48819-4f4c-3518-92c0-33591198c46c,Dried roughage store; non ventilated,PRODUCT_FLOW,-9.5711e-08,m3,,,기본 공급자가 없거나 그 공정의 기준 흐름을 읽지 못했다.
25b4ad17-ccd9-36ff-8ed5-4ad7b4814ae3,Switchgrass; ground; at storage,cfac72e7-9da9-3fd3-b24b-45b95791bdea,Loading bales,PRODUCT_FLOW,-1.43,Item(s),,,기본 공급자가 없거나 그 공정의 기준 흐름을 읽지 못했다.
25b4ad17-ccd9-36ff-8ed5-4ad7b4814ae3,Switchgrass; ground; at storage,5a5e261a-2f46-3391-8bf9-84e626efeb59,Conveyor belt; at plant,PRODUCT_FLOW,-3.4747e-05,m,,,기본 공급자가 없거나 그 공정의 기준 흐름을 읽지 못했다.
26061ce9-e8a1-3952-8e31-98d934e0d7e9,"Electricity - OIL - Southern Company Services, Inc. - Trans",cd7a2acd-6b88-37cb-b0f4-938ab7ddb780,"PAINT, INK, ETC.",WASTE_FLOW,11.714846516815642,kg,,,기본 공급자가 없거나 그 공정의 기준 흐름을 읽지 못했다.
26061ce9-e8a1-3952-8e31-98d934e0d7e9,"Electricity - OIL - Southern Company Services, Inc. - Trans",18c6b770-4063-37d6-930c-64bf5a274910,IGNITABLE WASTE,WASTE_FLOW,3.2097784096834268,kg,,,기본 공급자가 없거나 그 공정의 기준 흐름을 읽지 못했다.
2643e157-d7e5-3711-85c2-b93593b4ecea,"Electricity - HYDRO - Southern Company Services, Inc. - Trans",cd7a2acd-6b88-37cb-b0f4-938ab7ddb780,"PAINT, INK, ETC.",WASTE_FLOW,0.0005340393718999476,kg,,,기본 공급자가 없거나 그 공정의 기준 흐름을 읽지 못했다.
2643e157-d7e5-3711-85c2-b93593b4ecea,"Electricity - HYDRO - Southern Company Services, Inc. - Trans",18c6b770-4063-37d6-930c-64bf5a274910,IGNITABLE WASTE,WASTE_FLOW,0.0004306769128225384,kg,,,기본 공급자가 없거나 그 공정의 기준 흐름을 읽지 못했다.
2643e157-d7e5-3711-85c2-b93593b4ecea,"Electricity - HYDRO - Southern Company Services, Inc. - Trans",ae6699f4-beff-3f26-8ec1-0d58b5deae89,"THE FOLLOWING SPENT NONHALOGENATED SOLVENTS: TOLUENE, METHYL ETHYL KETONE, CARBON DISULFIDE, ISOBUTANOL, PYRIDINE, BENZENE, 2-ETHOXYETHANOL, AND 2-NITROPROPANE; ALL SPENT SOLVENT MIXTURES/BLENDS CONTAINING, BEFORE USE, A TOTAL OF TEN PERCENT OR MORE (BY V",WASTE_FLOW,0.00028941488541674577,kg,,,기본 공급자가 없거나 그 공정의 기준 흐름을 읽지 못했다.
2643e157-d7e5-3711-85c2-b93593b4ecea,"Electricity - HYDRO - Southern Company Services, Inc. - Trans",9108d69c-0266-3105-ba49-c0dc765ce931,PAINT THINNER,WASTE_FLOW,0.0004651310658483415,kg,,,기본 공급자가 없거나 그 공정의 기준 흐름을 읽지 못했다.
2643e157-d7e5-3711-85c2-b93593b4ecea,"Electricity - HYDRO - Southern Company Services, Inc. - Trans",2c0313f3-cd99-363f-9f3c-f34d8a1d0208,LEAD,WASTE_FLOW,0.030681423269477634,kg,,,기본 공급자가 없거나 그 공정의 기준 흐름을 읽지 못했다.
26465530-69ff-3c68-834f-c67ccb6ee1b2,Bituminous coal; combusted in industrial boiler,25d73e00-0b36-4a76-b168-087f1ab49c03,"Disposal, solid waste; to unspecified treatment",WASTE_FLOW,0.06208,kg,,,기본 공급자가 없거나 그 공정의 기준 흐름을 읽지 못했다.
26465530-69ff-3c68-834f-c67ccb6ee1b2,Bituminous coal; combusted in industrial boiler,60bfc41c-afc9-447a-b033-d93907c29249,"Disposal, ash and flue gas desulfurization sludge; to unspecified reuse",WASTE_FLOW,0.079,kg,,,기본 공급자가 없거나 그 공정의 기준 흐름을 읽지 못했다.
2712f03a-80fe-4a2b-9005-ca9ba99f7eb3,"High density polyethylene, HDPE; virgin resin; at plant",c3a414cf-44c3-409b-8481-7c0fafdb225c,"Disposal, solid waste; to incineration without energy recovery",WASTE_FLOW,7.2e-05,kg,,,기본 공급자가 없거나 그 공정의 기준 흐름을 읽지 못했다.
2712f03a-80fe-4a2b-9005-ca9ba99f7eb3,"High density polyethylene, HDPE; virgin resin; at plant",42929598-5cd9-4fac-a79d-fd0ab85a4176,"Disposal, hazardous waste; to unspecified hazardous waste landfill",WASTE_FLOW,1.3e-05,kg,,,기본 공급자가 없거나 그 공정의 기준 흐름을 읽지 못했다.
2712f03a-80fe-4a2b-9005-ca9ba99f7eb3,"High density polyethylene, HDPE; virgin resin; at plant",ba9e55fd-c5a6-41ef-9488-d6a6ee08f510,"Recycling, hazardous waste; to recovery",WASTE_FLOW,1.5e-06,kg,,,기본 공급자가 없거나 그 공정의 기준 흐름을 읽지 못했다.
2712f03a-80fe-4a2b-9005-ca9ba99f7eb3,"High density polyethylene, HDPE; virgin resin; at plant",a98db096-441e-4783-900f-b6693ecde0c9,"Disposal, hazardous waste; to incineration with energy recovery",WASTE_FLOW,0.00023,kg,,,기본 공급자가 없거나 그 공정의 기준 흐름을 읽지 못했다.
2712f03a-80fe-4a2b-9005-ca9ba99f7eb3,"High density polyethylene, HDPE; virgin resin; at plant",8191e38b-421f-4348-a2e0-29303147f2d1,"Recycling, solid waste; to recycling or reuse",WASTE_FLOW,0.0133,kg,,,기본 공급자가 없거나 그 공정의 기준 흐름을 읽지 못했다.
2712f03a-80fe-4a2b-9005-ca9ba99f7eb3,"High density polyethylene, HDPE; virgin resin; at plant",ac003090-67b7-4364-b690-807d12019627,"Disposal, hazardous waste; to incineration without energy recovery",WASTE_FLOW,4e-05,kg,,,기본 공급자가 없거나 그 공정의 기준 흐름을 읽지 못했다.
2712f03a-80fe-4a2b-9005-ca9ba99f7eb3,"High density polyethylene, HDPE; virgin resin; at plant",e2892617-57cb-375b-87c2-ac37fdff4109,Silica sand; at mine,PRODUCT_FLOW,-0.000221,kg,,,기본 공급자가 없거나 그 공정의 기준 흐름을 읽지 못했다.
2712f03a-80fe-4a2b-9005-ca9ba99f7eb3,"High density polyethylene, HDPE; virgin resin; at plant",ad141e8f-c6d9-4404-b276-6857aadcd79f,Cyclohexane; production,PRODUCT_FLOW,-0.00048,kg,,,기본 공급자가 없거나 그 공정의 기준 흐름을 읽지 못했다.
2712f03a-80fe-4a2b-9005-ca9ba99f7eb3,"High density polyethylene, HDPE; virgin resin; at plant",72c1472d-3910-4e85-8438-64af9aa2623f,Titanium,PRODUCT_FLOW,-3.75e-06,kg,,,기본 공급자가 없거나 그 공정의 기준 흐름을 읽지 못했다.
2712f03a-80fe-4a2b-9005-ca9ba99f7eb3,"High density polyethylene, HDPE; virgin resin; at plant",30c2fe51-642a-4596-b3b4-0a2eadb8dfad,Chromium; at regional storage,PRODUCT_FLOW,-2.16e-06,kg,,,기본 공급자가 없거나 그 공정의 기준 흐름을 읽지 못했다.
2751599e-8d1b-31ab-846f-8d65b2162711,"coal extraction and processing - Southern Appalachia, BIT, Surface",66c312ea-5071-3a57-9940-25a403d38dea,cast iron,PRODUCT_FLOW,-0.0002426178831738452,kg,,,기본 공급자가 없거나 그 공정의 기준 흐름을 읽지 못했다.
2751599e-8d1b-31ab-846f-8d65b2162711,"coal extraction and processing - Southern Appalachia, BIT, Surface",2b325037-62f4-4658-ab68-2aaf30da8ae6,liquefied petroleum gas,PRODUCT_FLOW,-6.203679707870778e-08,kg,,,기본 공급자가 없거나 그 공정의 기준 흐름을 읽지 못했다.
2751599e-8d1b-31ab-846f-8d65b2162711,"coal extraction and processing - Southern Appalachia, BIT, Surface",7e540229-9844-4be6-b0e8-af5d8d70c11a,Ammonium nitrate,PRODUCT_FLOW,-1.4914861808522932,kg,,,기본 공급자가 없거나 그 공정의 기준 흐름을 읽지 못했다.
2751599e-8d1b-31ab-846f-8d65b2162711,"coal extraction and processing - Southern Appalachia, BIT, Surface",6aec53b7-c1e1-4f37-9997-bad469fa567b,residual oil,PRODUCT_FLOW,-2.9689822939879016e-06,kg,,,기본 공급자가 없거나 그 공정의 기준 흐름을 읽지 못했다.
2751599e-8d1b-31ab-846f-8d65b2162711,"coal extraction and processing - Southern Appalachia, BIT, Surface",25804c89-c3cd-34f7-b5e6-4160fc17a7dc,polyvinyl chloride (PVC),PRODUCT_FLOW,-9.316688351555692e-05,kg,,,기본 공급자가 없거나 그 공정의 기준 흐름을 읽지 못했다.
2751599e-8d1b-31ab-846f-8d65b2162711,"coal extraction and processing - Southern Appalachia, BIT, Surface",9f723736-35c3-4218-8dbe-a1331f56be46,Light fuel oil,PRODUCT_FLOW,-0.00012586736984311422,kg,,,기본 공급자가 없거나 그 공정의 기준 흐름을 읽지 못했다.
2751599e-8d1b-31ab-846f-8d65b2162711,"coal extraction and processing - Southern Appalachia, BIT, Surface",aab4c1d4-d871-40b1-8188-35999f9b751a,"Waste, solid",WASTE_FLOW,0.0015176864697663687,kg,,,기본 공급자가 없거나 그 공정의 기준 흐름을 읽지 못했다.
2751599e-8d1b-31ab-846f-8d65b2162711,"coal extraction and processing - Southern Appalachia, BIT, Surface",e6653400-5caf-43f6-b1f2-89b4c01ca58d,petroleum coke,PRODUCT_FLOW,-0.00018229916816242547,kg,,,기본 공급자가 없거나 그 공정의 기준 흐름을 읽지 못했다.
2751599e-8d1b-31ab-846f-8d65b2162711,"coal extraction and processing - Southern Appalachia, BIT, Surface",8a5b6ae2-63d7-4e5a-950e-7d1d8b0bea80,"natural gas, delivered",PRODUCT_FLOW,-0.0001418114257146739,kg,,,기본 공급자가 없거나 그 공정의 기준 흐름을 읽지 못했다.
2751599e-8d1b-31ab-846f-8d65b2162711,"coal extraction and processing - Southern Appalachia, BIT, Surface",2db44184-7fa2-300c-b4ab-7fa9227bc0ed,zinc,PRODUCT_FLOW,-4.642525635075973e-06,kg,,,기본 공급자가 없거나 그 공정의 기준 흐름을 읽지 못했다.
2751599e-8d1b-31ab-846f-8d65b2162711,"coal extraction and processing - Southern Appalachia, BIT, Surface",66b3cd21-7664-3778-86d6-52f45f1af823,copper,PRODUCT_FLOW,-5.81740285893978e-06,kg,,,기본 공급자가 없거나 그 공정의 기준 흐름을 읽지 못했다.
2751599e-8d1b-31ab-846f-8d65b2162711,"coal extraction and processing - Southern Appalachia, BIT, Surface",14d67c68-0a06-328b-9347-1aaa9bc5f53a,"Water, reclaimed",PRODUCT_FLOW,-26.11741029555796,kg,,,기본 공급자가 없거나 그 공정의 기준 흐름을 읽지 못했다.
2751599e-8d1b-31ab-846f-8d65b2162711,"coal extraction and processing - Southern Appalachia, BIT, Surface",2b69310a-e90f-3417-8b35-d23d5eeac99f,asphalt,PRODUCT_FLOW,-0.0005162928295263918,kg,,,기본 공급자가 없거나 그 공정의 기준 흐름을 읽지 못했다.
2751599e-8d1b-31ab-846f-8d65b2162711,"coal extraction and processing - Southern Appalachia, BIT, Surface",8fe56530-fbb6-3f64-a436-c460029321b4,"rubber, styrene-butadiene",PRODUCT_FLOW,-0.0008857141219642197,kg,,,기본 공급자가 없거나 그 공정의 기준 흐름을 읽지 못했다.
27a50c9c-e9d5-3859-b559-71095af7adc2,"coal extraction and processing - Central Appalachia, BIT, Surface",25804c89-c3cd-34f7-b5e6-4160fc17a7dc,polyvinyl chloride (PVC),PRODUCT_FLOW,-8.614741188674312e-05,kg,,,기본 공급자가 없거나 그 공정의 기준 흐름을 읽지 못했다.
27a50c9c-e9d5-3859-b559-71095af7adc2,"coal extraction and processing - Central Appalachia, BIT, Surface",8fe56530-fbb6-3f64-a436-c460029321b4,"rubber, styrene-butadiene",PRODUCT_FLOW,-0.0008685663643731477,kg,,,기본 공급자가 없거나 그 공정의 기준 흐름을 읽지 못했다.
27a50c9c-e9d5-3859-b559-71095af7adc2,"coal extraction and processing - Central Appalachia, BIT, Surface",14d67c68-0a06-328b-9347-1aaa9bc5f53a,"Water, reclaimed",PRODUCT_FLOW,-0.08506858134507855,kg,,,기본 공급자가 없거나 그 공정의 기준 흐름을 읽지 못했다.
27a50c9c-e9d5-3859-b559-71095af7adc2,"coal extraction and processing - Central Appalachia, BIT, Surface",2b325037-62f4-4658-ab68-2aaf30da8ae6,liquefied petroleum gas,PRODUCT_FLOW,-5.947880376371785e-08,kg,,,기본 공급자가 없거나 그 공정의 기준 흐름을 읽지 못했다.
27a50c9c-e9d5-3859-b559-71095af7adc2,"coal extraction and processing - Central Appalachia, BIT, Surface",9f723736-35c3-4218-8dbe-a1331f56be46,Light fuel oil,PRODUCT_FLOW,-0.00017952399426386642,kg,,,기본 공급자가 없거나 그 공정의 기준 흐름을 읽지 못했다.
27a50c9c-e9d5-3859-b559-71095af7adc2,"coal extraction and processing - Central Appalachia, BIT, Surface",e6653400-5caf-43f6-b1f2-89b4c01ca58d,petroleum coke,PRODUCT_FLOW,-0.0001747821711835317,kg,,,기본 공급자가 없거나 그 공정의 기준 흐름을 읽지 못했다.
27a50c9c-e9d5-3859-b559-71095af7adc2,"coal extraction and processing - Central Appalachia, BIT, Surface",aab4c1d4-d871-40b1-8188-35999f9b751a,"Waste, solid",WASTE_FLOW,0.0014550998290577695,kg,,,기본 공급자가 없거나 그 공정의 기준 흐름을 읽지 못했다.
27a50c9c-e9d5-3859-b559-71095af7adc2,"coal extraction and processing - Central Appalachia, BIT, Surface",8a5b6ae2-63d7-4e5a-950e-7d1d8b0bea80,"natural gas, delivered",PRODUCT_FLOW,-0.00013601221895490209,kg,,,기본 공급자가 없거나 그 공정의 기준 흐름을 읽지 못했다.
27a50c9c-e9d5-3859-b559-71095af7adc2,"coal extraction and processing - Central Appalachia, BIT, Surface",66c312ea-5071-3a57-9940-25a403d38dea,cast iron,PRODUCT_FLOW,-0.00022433846919676286,kg,,,기본 공급자가 없거나 그 공정의 기준 흐름을 읽지 못했다.
27a50c9c-e9d5-3859-b559-71095af7adc2,"coal extraction and processing - Central Appalachia, BIT, Surface",2b69310a-e90f-3417-8b35-d23d5eeac99f,asphalt,PRODUCT_FLOW,-0.0008921254753996041,kg,,,기본 공급자가 없거나 그 공정의 기준 흐름을 읽지 못했다.
27a50c9c-e9d5-3859-b559-71095af7adc2,"coal extraction and processing - Central Appalachia, BIT, Surface",7e540229-9844-4be6-b0e8-af5d8d70c11a,Ammonium nitrate,PRODUCT_FLOW,-1.4633013384073341,kg,,,기본 공급자가 없거나 그 공정의 기준 흐름을 읽지 못했다.
27a50c9c-e9d5-3859-b559-71095af7adc2,"coal extraction and processing - Central Appalachia, BIT, Surface",66b3cd21-7664-3778-86d6-52f45f1af823,copper,PRODUCT_FLOW,-5.379103333584828e-06,kg,,,기본 공급자가 없거나 그 공정의 기준 흐름을 읽지 못했다.
27a50c9c-e9d5-3859-b559-71095af7adc2,"coal extraction and processing - Central Appalachia, BIT, Surface",2db44184-7fa2-300c-b4ab-7fa9227bc0ed,zinc,PRODUCT_FLOW,-4.292745950226604e-06,kg,,,기본 공급자가 없거나 그 공정의 기준 흐름을 읽지 못했다.
27a50c9c-e9d5-3859-b559-71095af7adc2,"coal extraction and processing - Central Appalachia, BIT, Surface",6aec53b7-c1e1-4f37-9997-bad469fa567b,residual oil,PRODUCT_FLOW,-2.846558343057852e-06,kg,,,기본 공급자가 없거나 그 공정의 기준 흐름을 읽지 못했다.
27e8fce4-a5c1-37af-84b9-763582a5ca3e,Anthracite coal; combusted in industrial boiler,b542d7e8-a3a0-4422-a43c-36cdf9d6bf1f,"Disposal, fly ash; to unspecified landfill",WASTE_FLOW,0.0136,kg,,,기본 공급자가 없거나 그 공정의 기준 흐름을 읽지 못했다.
27e8fce4-a5c1-37af-84b9-763582a5ca3e,Anthracite coal; combusted in industrial boiler,25d73e00-0b36-4a76-b168-087f1ab49c03,"Disposal, solid waste; to unspecified treatment",WASTE_FLOW,0.010649,kg,,,기본 공급자가 없거나 그 공정의 기준 흐름을 읽지 못했다.
2813d2f3-6813-34d8-b47b-b464f390bcaf,Pesticide; corn,22db42ef-4b6d-366f-a035-9c51e7ff3307,Application of plant protection products; by field sprayer,PRODUCT_FLOW,-20000.0,m2,,,기본 공급자가 없거나 그 공정의 기준 흐름을 읽지 못했다.
2813d2f3-6813-34d8-b47b-b464f390bcaf,Pesticide; corn,5d654bf4-6e33-3b78-90e3-419cdb8e3817,Alachlor; at regional storehouse,PRODUCT_FLOW,-0.428,kg,,,기본 공급자가 없거나 그 공정의 기준 흐름을 읽지 못했다.
2813d2f3-6813-34d8-b47b-b464f390bcaf,Pesticide; corn,5e59bc89-87dd-3469-bef9-fffabbcad405,Organophosphorus-compounds; at regional storehouse,PRODUCT_FLOW,-0.00768,kg,,,기본 공급자가 없거나 그 공정의 기준 흐름을 읽지 못했다.
2813d2f3-6813-34d8-b47b-b464f390bcaf,Pesticide; corn,67395a27-04d5-364c-94ad-de404bf29ace,"2,4-D; at regional storehouse",PRODUCT_FLOW,-0.0162,kg,,,기본 공급자가 없거나 그 공정의 기준 흐름을 읽지 못했다.
2813d2f3-6813-34d8-b47b-b464f390bcaf,Pesticide; corn,d6a1af95-3553-3981-8c5b-499fce66a0a7,Pyretroid-compounds; at regional storehouse,PRODUCT_FLOW,-0.00056,kg,,,기본 공급자가 없거나 그 공정의 기준 흐름을 읽지 못했다.
2813d2f3-6813-34d8-b47b-b464f390bcaf,Pesticide; corn,b3459cd3-884c-32ba-93c9-c3a2efdc4b49,Atrazine; at regional storehouse,PRODUCT_FLOW,-0.957,kg,,,기본 공급자가 없거나 그 공정의 기준 흐름을 읽지 못했다.
2813d2f3-6813-34d8-b47b-b464f390bcaf,Pesticide; corn,2eb3ce0f-e59a-3ba9-ab44-2398b021d108,Glyphosate; at regional storehouse,PRODUCT_FLOW,-0.332,kg,,,기본 공급자가 없거나 그 공정의 기준 흐름을 읽지 못했다.
2813d2f3-6813-34d8-b47b-b464f390bcaf,Pesticide; corn,46458569-4d5e-33d7-83b9-0b04626f9f67,[sulfonyl] urea-compounds; at regional storehouse,PRODUCT_FLOW,-0.024,kg,,,기본 공급자가 없거나 그 공정의 기준 흐름을 읽지 못했다.
2813d2f3-6813-34d8-b47b-b464f390bcaf,Pesticide; corn,388edad4-4735-3add-973d-30c6493335ac,Metolachlor; at regional storehouse,PRODUCT_FLOW,-0.347,kg,,,기본 공급자가 없거나 그 공정의 기준 흐름을 읽지 못했다.
2a78de43-fdf2-4c5f-b527-89db6568ace8,Ethylene glycol; at plant,c3a414cf-44c3-409b-8481-7c0fafdb225c,"Disposal, solid waste; to incineration without energy recovery",WASTE_FLOW,0.00067,kg,,,기본 공급자가 없거나 그 공정의 기준 흐름을 읽지 못했다.
2a78de43-fdf2-4c5f-b527-89db6568ace8,Ethylene glycol; at plant,a98db096-441e-4783-900f-b6693ecde0c9,"Disposal, hazardous waste; to incineration with energy recovery",WASTE_FLOW,2.4e-06,kg,,,기본 공급자가 없거나 그 공정의 기준 흐름을 읽지 못했다.
2a78de43-fdf2-4c5f-b527-89db6568ace8,Ethylene glycol; at plant,ac003090-67b7-4364-b690-807d12019627,"Disposal, hazardous waste; to incineration without energy recovery",WASTE_FLOW,5.4e-06,kg,,,기본 공급자가 없거나 그 공정의 기준 흐름을 읽지 못했다.
2b912294-6a34-3089-90f5-5f8fd3d1c08c,Electricity - HYDRO - ISO New England,18c6b770-4063-37d6-930c-64bf5a274910,IGNITABLE WASTE,WASTE_FLOW,0.00037508930434483,kg,,,기본 공급자가 없거나 그 공정의 기준 흐름을 읽지 못했다.
2b912294-6a34-3089-90f5-5f8fd3d1c08c,Electricity - HYDRO - ISO New England,79d7ff97-744b-3343-9b2e-26cd2758424c,CONT. DEBRIS,WASTE_FLOW,0.000734549887675292,kg,,,기본 공급자가 없거나 그 공정의 기준 흐름을 읽지 못했다.
2b912294-6a34-3089-90f5-5f8fd3d1c08c,Electricity - HYDRO - ISO New England,2c0313f3-cd99-363f-9f3c-f34d8a1d0208,LEAD,WASTE_FLOW,0.00012034115181063296,kg,,,기본 공급자가 없거나 그 공정의 기준 흐름을 읽지 못했다.
2c1a641e-b6be-35a0-ab45-03ebd7a75f72,"Electricity - SOLAR - PJM Interconnection, LLC",3943bd3e-5354-3f3b-9d2a-ad12d1250b14,MERCURY,WASTE_FLOW,0.0014144704066358987,kg,,,기본 공급자가 없거나 그 공정의 기준 흐름을 읽지 못했다.
2c1a641e-b6be-35a0-ab45-03ebd7a75f72,"Electricity - SOLAR - PJM Interconnection, LLC",703a4970-67b0-3464-87b9-cc1eb8a787ed,FLUORINE,WASTE_FLOW,0.0004526305301234876,kg,,,기본 공급자가 없거나 그 공정의 기준 흐름을 읽지 못했다.
2c1a641e-b6be-35a0-ab45-03ebd7a75f72,"Electricity - SOLAR - PJM Interconnection, LLC",8db806f7-3ac1-344d-a5b9-1e616a705c51,"ZINC PHOSPHIDE ZN3P2, WHEN PRESENT AT CONCENTRATIONS OF 10% OR LESS",WASTE_FLOW,0.0019236797530248224,kg,,,기본 공급자가 없거나 그 공정의 기준 흐름을 읽지 못했다.
2c1a641e-b6be-35a0-ab45-03ebd7a75f72,"Electricity - SOLAR - PJM Interconnection, LLC",18c6b770-4063-37d6-930c-64bf5a274910,IGNITABLE WASTE,WASTE_FLOW,3.6688816301403264,kg,,,기본 공급자가 없거나 그 공정의 기준 흐름을 읽지 못했다.
2c1a641e-b6be-35a0-ab45-03ebd7a75f72,"Electricity - SOLAR - PJM Interconnection, LLC",7fdc2f5e-70bd-3dd4-a6c0-288a85597858,OTHER AQUEOUS WST,WASTE_FLOW,0.037557018236996385,kg,,,기본 공급자가 없거나 그 공정의 기준 흐름을 읽지 못했다.
2c1a641e-b6be-35a0-ab45-03ebd7a75f72,"Electricity - SOLAR - PJM Interconnection, LLC",50a90a6b-bb89-32e4-bc27-7725250477bc,OTH ORGANIC LIQUID,WASTE_FLOW,0.12696173212331296,kg,,,기본 공급자가 없거나 그 공정의 기준 흐름을 읽지 못했다.
2c1a641e-b6be-35a0-ab45-03ebd7a75f72,"Electricity - SOLAR - PJM Interconnection, LLC",eb57fdb2-dc92-378b-8727-29e05ff89d35,NONHALOGEN. SOLVENT,WASTE_FLOW,0.04038595905026818,kg,,,기본 공급자가 없거나 그 공정의 기준 흐름을 읽지 못했다.
2c1a641e-b6be-35a0-ab45-03ebd7a75f72,"Electricity - SOLAR - PJM Interconnection, LLC",455e4bb6-174d-3f14-9cbe-e85d103b32aa,SELENIUM,WASTE_FLOW,2.6047189644118744,kg,,,기본 공급자가 없거나 그 공정의 기준 흐름을 읽지 못했다.
2c1a641e-b6be-35a0-ab45-03ebd7a75f72,"Electricity - SOLAR - PJM Interconnection, LLC",e755b899-f70a-3aef-ab6a-95c52be5747a,METAL SALTS/CHEM.,WASTE_FLOW,3.394728975926157e-05,kg,,,기본 공급자가 없거나 그 공정의 기준 흐름을 읽지 못했다.
2c1a641e-b6be-35a0-ab45-03ebd7a75f72,"Electricity - SOLAR - PJM Interconnection, LLC",79d7ff97-744b-3343-9b2e-26cd2758424c,CONT. DEBRIS,WASTE_FLOW,0.02693151654234751,kg,,,기본 공급자가 없거나 그 공정의 기준 흐름을 읽지 못했다.
2c1a641e-b6be-35a0-ab45-03ebd7a75f72,"Electricity - SOLAR - PJM Interconnection, LLC",6a41027e-3557-329e-be45-1ae193bf2740,BARIUM,WASTE_FLOW,0.0169623291163777,kg,,,기본 공급자가 없거나 그 공정의 기준 흐름을 읽지 못했다.
2c1a641e-b6be-35a0-ab45-03ebd7a75f72,"Electricity - SOLAR - PJM Interconnection, LLC",9e6a8a52-6512-39f4-868b-2770a065da09,SILVER,WASTE_FLOW,0.001074997509043283,kg,,,기본 공급자가 없거나 그 공정의 기준 흐름을 읽지 못했다.
2c1a641e-b6be-35a0-ab45-03ebd7a75f72,"Electricity - SOLAR - PJM Interconnection, LLC",208a0308-3ccf-3c0b-bc69-51889c1055d9,2-PROPANONE (I) (OR) ACETONE (I),WASTE_FLOW,0.0007694719012099289,kg,,,기본 공급자가 없거나 그 공정의 기준 흐름을 읽지 못했다.
2c1a641e-b6be-35a0-ab45-03ebd7a75f72,"Electricity - SOLAR - PJM Interconnection, LLC",a3835f5d-6425-3a65-b6d7-6ab3132e228a,BATTERIES,WASTE_FLOW,0.0030665718415866287,kg,,,기본 공급자가 없거나 그 공정의 기준 흐름을 읽지 못했다.
2c1a641e-b6be-35a0-ab45-03ebd7a75f72,"Electricity - SOLAR - PJM Interconnection, LLC",cba57723-fb37-34c5-afcb-a8ef46813b2a,SOLVENT MIXTURE,WASTE_FLOW,0.04727725887139828,kg,,,기본 공급자가 없거나 그 공정의 기준 흐름을 읽지 못했다.
2c1a641e-b6be-35a0-ab45-03ebd7a75f72,"Electricity - SOLAR - PJM Interconnection, LLC",66e610e1-1733-390a-82e0-d801990b71ba,LAB PACKS/NO ACUTE,WASTE_FLOW,0.08585269580117251,kg,,,기본 공급자가 없거나 그 공정의 기준 흐름을 읽지 못했다.
2c1a641e-b6be-35a0-ab45-03ebd7a75f72,"Electricity - SOLAR - PJM Interconnection, LLC",842813ca-6b14-36d4-b35b-5b5ee4b8bf61,LAB PACKS/ACUTE,WASTE_FLOW,0.20540373457003872,kg,,,기본 공급자가 없거나 그 공정의 기준 흐름을 읽지 못했다.
2c1a641e-b6be-35a0-ab45-03ebd7a75f72,"Electricity - SOLAR - PJM Interconnection, LLC",25d6a001-078d-3f10-8905-d280b3f0a9f8,ACIDIC AQUEOUS WST,WASTE_FLOW,0.008022876146438818,kg,,,기본 공급자가 없거나 그 공정의 기준 흐름을 읽지 못했다.
2c1a641e-b6be-35a0-ab45-03ebd7a75f72,"Electricity - SOLAR - PJM Interconnection, LLC",36693162-edff-38f9-8112-55fb1e802159,COMPRESSED GAS,WASTE_FLOW,0.0037907806897842086,kg,,,기본 공급자가 없거나 그 공정의 기준 흐름을 읽지 못했다.
2c1a641e-b6be-35a0-ab45-03ebd7a75f72,"Electricity - SOLAR - PJM Interconnection, LLC",71bbec8a-e4aa-3894-a1c0-aeeec4f648ff,"RESINS, TAR SLUDGE",WASTE_FLOW,0.0031118348945989778,kg,,,기본 공급자가 없거나 그 공정의 기준 흐름을 읽지 못했다.
2c1a641e-b6be-35a0-ab45-03ebd7a75f72,"Electricity - SOLAR - PJM Interconnection, LLC",d2df6bc1-bff9-3bc1-8c80-5aa3a2fc236a,"NICOTINE, & SALTS (OR) PYRIDINE, 3-(1-METHYL-2-PYRROLIDINYL)-,(S)-, & SALTS",WASTE_FLOW,0.10283765644405639,kg,,,기본 공급자가 없거나 그 공정의 기준 흐름을 읽지 못했다.
2c1a641e-b6be-35a0-ab45-03ebd7a75f72,"Electricity - SOLAR - PJM Interconnection, LLC",f5bb2272-b96d-30c8-bbd2-97ac661eb879,"THE FOLLOWING SPENT NONHALOGENATED SOLVENTS: XYLENE, ACETONE, ETHYL ACETATE, ETHYL BENZENE, ETHYL ETHER, METHYL ISOBUTYL KETONE, N-BUTYL ALCOHOL, CYCLOHEXANONE, AND METHANOL; ALL SPENT SOLVENT MIXTURES/BLENDS CONTAINING, BEFORE USE, ONLY THE ABOVE SPENT N",WASTE_FLOW,0.01059155440488961,kg,,,기본 공급자가 없거나 그 공정의 기준 흐름을 읽지 못했다.
2c1a641e-b6be-35a0-ab45-03ebd7a75f72,"Electricity - SOLAR - PJM Interconnection, LLC",2c0313f3-cd99-363f-9f3c-f34d8a1d0208,LEAD,WASTE_FLOW,0.012866022818760134,kg,,,기본 공급자가 없거나 그 공정의 기준 흐름을 읽지 못했다.
2c1a641e-b6be-35a0-ab45-03ebd7a75f72,"Electricity - SOLAR - PJM Interconnection, LLC",f7ea6d18-d226-339f-a4be-4fc98bcc3fb6,"THE FOLLOWING SPENT HALOGENATED SOLVENTS: TETRACHLOROETHYLENE, METHYLENE CHLORIDE, TRICHLOROETHYLENE, 1,1,1-TRICHLOROETHANE, CHLOROBENZENE, 1,1,2-TRICHLORO-1,2,2-TRIFLUOROETHANE, ORTHO-DICHLOROBENZENE, TRICHLOROFLUOROMETHANE, AND 1,1,2, TRICHLOROETHANE; A",WASTE_FLOW,0.0014257861698889858,kg,,,기본 공급자가 없거나 그 공정의 기준 흐름을 읽지 못했다.
2c1a641e-b6be-35a0-ab45-03ebd7a75f72,"Electricity - SOLAR - PJM Interconnection, LLC",5a5bd8b3-54b4-34e2-bb86-45fd5862a9eb,"HYDROFLUORIC ACID (C,T) (OR) HYDROGEN FLUORIDE (C,T)",WASTE_FLOW,0.0022857841771236126,kg,,,기본 공급자가 없거나 그 공정의 기준 흐름을 읽지 못했다.
2c1a641e-b6be-35a0-ab45-03ebd7a75f72,"Electricity - SOLAR - PJM Interconnection, LLC",d5d165f8-aad3-3b82-a849-1d158c5d031d,CORROSIVE WASTE,WASTE_FLOW,2.063927322783585,kg,,,기본 공급자가 없거나 그 공정의 기준 흐름을 읽지 못했다.
2c1a641e-b6be-35a0-ab45-03ebd7a75f72,"Electricity - SOLAR - PJM Interconnection, LLC",fec1ec90-e0a9-33cd-9cb7-01218fce4760,OTH INORGANIC LIQUID,WASTE_FLOW,0.0900813965288512,kg,,,기본 공급자가 없거나 그 공정의 기준 흐름을 읽지 못했다.
2c1a641e-b6be-35a0-ab45-03ebd7a75f72,"Electricity - SOLAR - PJM Interconnection, LLC",cd7a2acd-6b88-37cb-b0f4-938ab7ddb780,"PAINT, INK, ETC.",WASTE_FLOW,0.0025234152054384434,kg,,,기본 공급자가 없거나 그 공정의 기준 흐름을 읽지 못했다.
2c1a641e-b6be-35a0-ab45-03ebd7a75f72,"Electricity - SOLAR - PJM Interconnection, LLC",f8398592-014f-3f3c-a4ac-a792b6f6dada,WASTE PHARMACEUTICAL,WASTE_FLOW,0.0021726265445927407,kg,,,기본 공급자가 없거나 그 공정의 기준 흐름을 읽지 못했다.
2c1a641e-b6be-35a0-ab45-03ebd7a75f72,"Electricity - SOLAR - PJM Interconnection, LLC",ac647bd3-bc3d-3033-a9d9-fab4f44889d0,OTH ORGANIC SOLIDS,WASTE_FLOW,0.09350441491291006,kg,,,기본 공급자가 없거나 그 공정의 기준 흐름을 읽지 못했다.
2c1a641e-b6be-35a0-ab45-03ebd7a75f72,"Electricity - SOLAR - PJM Interconnection, LLC",10ce21c1-ec96-3705-99d2-98020a4daa25,"ETHENE, TETRACHLORO- (OR) TETRACHLOROETHYLENE",WASTE_FLOW,0.011745762256704501,kg,,,기본 공급자가 없거나 그 공정의 기준 흐름을 읽지 못했다.
2c1a641e-b6be-35a0-ab45-03ebd7a75f72,"Electricity - SOLAR - PJM Interconnection, LLC",751445c0-1204-3973-b58d-bdf0112cfbe5,ELECTRICAL DEVICES,WASTE_FLOW,0.0007242088481975803,kg,,,기본 공급자가 없거나 그 공정의 기준 흐름을 읽지 못했다.
2e8facf6-46aa-4ddb-95de-a4e2a00eb2bb,"Polypropylene, PP; virgin resin; at plant",8191e38b-421f-4348-a2e0-29303147f2d1,"Recycling, solid waste; to recycling or reuse",WASTE_FLOW,0.0007,kg,,,기본 공급자가 없거나 그 공정의 기준 흐름을 읽지 못했다.
2e8facf6-46aa-4ddb-95de-a4e2a00eb2bb,"Polypropylene, PP; virgin resin; at plant",ac003090-67b7-4364-b690-807d12019627,"Disposal, hazardous waste; to incineration without energy recovery",WASTE_FLOW,5.1e-06,kg,,,기본 공급자가 없거나 그 공정의 기준 흐름을 읽지 못했다.
2e8facf6-46aa-4ddb-95de-a4e2a00eb2bb,"Polypropylene, PP; virgin resin; at plant",a98db096-441e-4783-900f-b6693ecde0c9,"Disposal, hazardous waste; to incineration with energy recovery",WASTE_FLOW,0.00012,kg,,,기본 공급자가 없거나 그 공정의 기준 흐름을 읽지 못했다.
2e8facf6-46aa-4ddb-95de-a4e2a00eb2bb,"Polypropylene, PP; virgin resin; at plant",42929598-5cd9-4fac-a79d-fd0ab85a4176,"Disposal, hazardous waste; to unspecified hazardous waste landfill",WASTE_FLOW,9.8e-07,kg,,,기본 공급자가 없거나 그 공정의 기준 흐름을 읽지 못했다.
309485bd-a13b-4539-a23c-036c0b23b4f5,Silica sand Bridge; USLCI to USEEIO,b9605c43-5ba8-3edb-8a05-5df2ac9d05bb,"Sand, gravel, clay, phosphate, other nonmetallic minerals",PRODUCT_FLOW,-0.0276,USD,,,기본 공급자가 없거나 그 공정의 기준 흐름을 읽지 못했다.
317adcbc-b3e3-3ec3-80c3-82b18d0f3207,Bituminous coal; at mine,6260e838-3087-4675-b372-419390c8890f,"Disposal, solid waste; to underground deposit",WASTE_FLOW,0.235,kg,,,기본 공급자가 없거나 그 공정의 기준 흐름을 읽지 못했다.
3221bb51-ac5f-36b7-a5c4-d81a5c65ccf0,Winter wheat straw; carted,60cb562b-0086-3c2f-bd09-097d361f8b29,Baling,PRODUCT_FLOW,-3420.0000000000005,m2,,,기본 공급자가 없거나 그 공정의 기준 흐름을 읽지 못했다.
3221bb51-ac5f-36b7-a5c4-d81a5c65ccf0,Winter wheat straw; carted,6cf4a5b2-0890-3733-99c9-9c7e05e8ebc7,Transport; tractor and trailer,PRODUCT_FLOW,-0.38835,t*km,,,기본 공급자가 없거나 그 공정의 기준 흐름을 읽지 못했다.
3455f918-4a43-3b09-b06e-7402c12b8d45,"Wood fuel; hardwood, purchased; combusted in industrial boiler; E",25d73e00-0b36-4a76-b168-087f1ab49c03,"Disposal, solid waste; to unspecified treatment",WASTE_FLOW,0.0882,kg,,,기본 공급자가 없거나 그 공정의 기준 흐름을 읽지 못했다.
34897ebd-aa3d-347c-91ee-876c3f835fdb,Steel; stainless 304; scrap,ada4bdda-6930-33b9-a9ce-1677e5503ecb,"Disposal, spoil; deposited",WASTE_FLOW,0.0329637458579348,kg,,,기본 공급자가 없거나 그 공정의 기준 흐름을 읽지 못했다.
34897ebd-aa3d-347c-91ee-876c3f835fdb,Steel; stainless 304; scrap,d9ff9e8c-6262-413a-9ff6-6f11ba905e27,Disposal; high radioactive waste,WASTE_FLOW,1.43878371298218e-06,kg,,,기본 공급자가 없거나 그 공정의 기준 흐름을 읽지 못했다.
34897ebd-aa3d-347c-91ee-876c3f835fdb,Steel; stainless 304; scrap,c3446115-c5d7-3721-81d4-d3b2cdbff8b5,"Disposal, overburden; deposited",WASTE_FLOW,29.5377594176704,kg,,,기본 공급자가 없거나 그 공정의 기준 흐름을 읽지 못했다.
34897ebd-aa3d-347c-91ee-876c3f835fdb,Steel; stainless 304; scrap,e3dfc9b8-a8d8-3b5e-b222-e1f55c29f99f,"Disposal, tailings; deposited",WASTE_FLOW,2.10676487954903,kg,,,기본 공급자가 없거나 그 공정의 기준 흐름을 읽지 못했다.
34897ebd-aa3d-347c-91ee-876c3f835fdb,Steel; stainless 304; scrap,0d2cd48c-88a6-459c-964d-de2570850ccc,Disposal; radioactive tailings,WASTE_FLOW,0.0011952769962048,kg,,,기본 공급자가 없거나 그 공정의 기준 흐름을 읽지 못했다.
34897ebd-aa3d-347c-91ee-876c3f835fdb,Steel; stainless 304; scrap,ae3d348a-6d3d-4d25-a27b-23662961197e,Disposal; medium radioactive waste,WASTE_FLOW,1.59895010071295e-05,kg,,,기본 공급자가 없거나 그 공정의 기준 흐름을 읽지 못했다.
34897ebd-aa3d-347c-91ee-876c3f835fdb,Steel; stainless 304; scrap,ae9b6fe4-7936-3620-b88e-1d03301c0163,"Disposal, waste; deposited",WASTE_FLOW,3.50798590870377,kg,,,기본 공급자가 없거나 그 공정의 기준 흐름을 읽지 못했다.
34897ebd-aa3d-347c-91ee-876c3f835fdb,Steel; stainless 304; scrap,090df302-0f79-3b9d-ba80-f65ff27fd97a,Ferromanganese; at furnace,PRODUCT_FLOW,-2.93989448245756e-17,kg,,,기본 공급자가 없거나 그 공정의 기준 흐름을 읽지 못했다.
34897ebd-aa3d-347c-91ee-876c3f835fdb,Steel; stainless 304; scrap,d0408e62-d55b-3445-a7f2-ac47dc93c4a4,"Disposal, secondary fuel",WASTE_FLOW,0.0786316544457098,MJ,,,기본 공급자가 없거나 그 공정의 기준 흐름을 읽지 못했다.
34897ebd-aa3d-347c-91ee-876c3f835fdb,Steel; stainless 304; scrap,0d809ffd-dffa-4b94-b307-e3ba85ac3e31,Disposal; low radioactive waste,WASTE_FLOW,2.84803520608573e-05,kg,,,기본 공급자가 없거나 그 공정의 기준 흐름을 읽지 못했다.
34897ebd-aa3d-347c-91ee-876c3f835fdb,Steel; stainless 304; scrap,0ce1477a-bded-3ebc-961e-8edee183385e,"Disposal, hazardous waste; deposited",WASTE_FLOW,0.00105160581131064,kg,,,기본 공급자가 없거나 그 공정의 기준 흐름을 읽지 못했다.
35bd31d8-b0b1-3da8-a553-df33ccd9e452,Sawn lumber; hardwood; rough; kiln dried; at kiln; SE,2d72c700-2547-3c4d-b509-e3b3dfb1942a,Shavings; hardwood; kiln-dried; at planer mill,PRODUCT_FLOW,41.6,kg,,,기본 공급자가 없거나 그 공정의 기준 흐름을 읽지 못했다.
35bd31d8-b0b1-3da8-a553-df33ccd9e452,Sawn lumber; hardwood; rough; kiln dried; at kiln; SE,23de2b44-d931-39f7-b2c8-d56346794608,Wood fuel; hardwood; kiln-dried; at planer mill,PRODUCT_FLOW,109.0,kg,,,기본 공급자가 없거나 그 공정의 기준 흐름을 읽지 못했다.
35bd31d8-b0b1-3da8-a553-df33ccd9e452,Sawn lumber; hardwood; rough; kiln dried; at kiln; SE,fe26fae6-a458-3a9d-8aac-bdc2748d145d,Sawdust; hardwood; kiln-dried; at planer mill,PRODUCT_FLOW,14.0,kg,,,기본 공급자가 없거나 그 공정의 기준 흐름을 읽지 못했다.
363e9105-a6ea-356e-a537-06c9facf5b14,Aniline; at plant,ac003090-67b7-4364-b690-807d12019627,"Disposal, hazardous waste; to incineration without energy recovery",WASTE_FLOW,0.001,kg,,,기본 공급자가 없거나 그 공정의 기준 흐름을 읽지 못했다.
363e9105-a6ea-356e-a537-06c9facf5b14,Aniline; at plant,8191e38b-421f-4348-a2e0-29303147f2d1,"Recycling, solid waste; to recycling or reuse",WASTE_FLOW,1e-05,kg,,,기본 공급자가 없거나 그 공정의 기준 흐름을 읽지 못했다.
379b1599-eec1-35df-9202-737bffeccb86,Electricity - ALL - Manitoba Hydro,14d67c68-0a06-328b-9347-1aaa9bc5f53a,"Water, reclaimed",PRODUCT_FLOW,-5723.97230693382,kg,,,기본 공급자가 없거나 그 공정의 기준 흐름을 읽지 못했다.
391ccf45-4b61-37e9-a2f2-3e19afc0d4ef,"Enzyme; alpha-amylase, novozyme liquozyme",0e6a0c9e-ced9-3e7e-8fbf-a8cf18791884,"Transformation, to industrial area",PRODUCT_FLOW,-0.3,m2,,,기본 공급자가 없거나 그 공정의 기준 흐름을 읽지 못했다.
391ccf45-4b61-37e9-a2f2-3e19afc0d4ef,"Enzyme; alpha-amylase, novozyme liquozyme",2c126bcc-bb63-4d63-bd72-f02a1e616809,"Transformation, from pasture and meadow",PRODUCT_FLOW,-0.3,m2,,,기본 공급자가 없거나 그 공정의 기준 흐름을 읽지 못했다.
3a287ab1-de41-3e89-bf5a-be7f3b97281b,"Melamine urea formaldehyde, MF; hardener; at plant",2a1cebdb-28d0-4602-8530-244700b2d359,"Disposal, anthracite coal combustion byproducts; to unspecified reuse",WASTE_FLOW,0.0134,kg,,,기본 공급자가 없거나 그 공정의 기준 흐름을 읽지 못했다.
3bfbf2cd-db6d-3d46-942a-40595a49c5ac,Electricity - GEOTHERMAL - Imperial Irrigation District,b6710fd3-910b-3169-9046-a56e39651c77,TETRACHLOROETHYLENE,WASTE_FLOW,0.0015159876154062217,kg,,,기본 공급자가 없거나 그 공정의 기준 흐름을 읽지 못했다.
3bfbf2cd-db6d-3d46-942a-40595a49c5ac,Electricity - GEOTHERMAL - Imperial Irrigation District,25d6a001-078d-3f10-8905-d280b3f0a9f8,ACIDIC AQUEOUS WST,WASTE_FLOW,0.0006799755593181826,kg,,,기본 공급자가 없거나 그 공정의 기준 흐름을 읽지 못했다.
3bfbf2cd-db6d-3d46-942a-40595a49c5ac,Electricity - GEOTHERMAL - Imperial Irrigation District,36693162-edff-38f9-8112-55fb1e802159,COMPRESSED GAS,WASTE_FLOW,0.0024493435410387586,kg,,,기본 공급자가 없거나 그 공정의 기준 흐름을 읽지 못했다.
3bfbf2cd-db6d-3d46-942a-40595a49c5ac,Electricity - GEOTHERMAL - Imperial Irrigation District,f7ea6d18-d226-339f-a4be-4fc98bcc3fb6,"THE FOLLOWING SPENT HALOGENATED SOLVENTS: TETRACHLOROETHYLENE, METHYLENE CHLORIDE, TRICHLOROETHYLENE, 1,1,1-TRICHLOROETHANE, CHLOROBENZENE, 1,1,2-TRICHLORO-1,2,2-TRIFLUOROETHANE, ORTHO-DICHLOROBENZENE, TRICHLOROFLUOROMETHANE, AND 1,1,2, TRICHLOROETHANE; A",WASTE_FLOW,0.00501034622655503,kg,,,기본 공급자가 없거나 그 공정의 기준 흐름을 읽지 못했다.
3ca7a144-e2f3-4963-8c63-768cf0853cee,Petroleum refined; for energy use; at plant,5f96ad43-abab-3b62-bcf8-c71f9d6c7881,Petroleum refining coproduct; at refinery,PRODUCT_FLOW,-1.0,kg,0aaf1e13-5d80-37f9-b7bb-81a6b8965c71,Petroleum refining; at refinery,차원이 다르다: kg(mass) -> m3(volume)
3cfa52ac-c3d6-3ce2-b8f4-211bf63d7088,Spring wheat straw; ground; at storage,ded62531-fa5b-3666-b34e-e2c76e81d172,Fodder loading; by self-loading trailer,PRODUCT_FLOW,-2.7750513,m3,,,기본 공급자가 없거나 그 공정의 기준 흐름을 읽지 못했다.
3cfa52ac-c3d6-3ce2-b8f4-211bf63d7088,Spring wheat straw; ground; at storage,cfac72e7-9da9-3fd3-b24b-45b95791bdea,Loading bales,PRODUCT_FLOW,-1.43,Item(s),,,기본 공급자가 없거나 그 공정의 기준 흐름을 읽지 못했다.
3cfa52ac-c3d6-3ce2-b8f4-211bf63d7088,Spring wheat straw; ground; at storage,b9b48819-4f4c-3518-92c0-33591198c46c,Dried roughage store; non ventilated,PRODUCT_FLOW,-1.1723176e-07,m3,,,기본 공급자가 없거나 그 공정의 기준 흐름을 읽지 못했다.
3cfa52ac-c3d6-3ce2-b8f4-211bf63d7088,Spring wheat straw; ground; at storage,5a5e261a-2f46-3391-8bf9-84e626efeb59,Conveyor belt; at plant,PRODUCT_FLOW,-3.47472e-05,m,,,기본 공급자가 없거나 그 공정의 기준 흐름을 읽지 못했다.
3cfa52ac-c3d6-3ce2-b8f4-211bf63d7088,Spring wheat straw; ground; at storage,13f37d5b-be6f-3843-9c10-f6518bab1a3b,Agricultural machinery; general,PRODUCT_FLOW,-0.9,kg,,,기본 공급자가 없거나 그 공정의 기준 흐름을 읽지 못했다.
3dbccdda-2014-4239-ad1f-4e15c034942b,"Polyvinyl chloride resin, PVC; suspension grade; at plant",850b28a6-1206-3297-8bc0-b5f656b83a96,Polyvinyl acetate,PRODUCT_FLOW,-0.000337,kg,,,기본 공급자가 없거나 그 공정의 기준 흐름을 읽지 못했다.
3dbccdda-2014-4239-ad1f-4e15c034942b,"Polyvinyl chloride resin, PVC; suspension grade; at plant",4faba199-4e52-418f-988b-0cc3b08aae65,"Disposal, non-hazardous waste; to incineration",WASTE_FLOW,1.02e-06,kg,,,기본 공급자가 없거나 그 공정의 기준 흐름을 읽지 못했다.
3dd59224-ecba-3fb1-a2c9-9c01947b08b1,"Enzyme; cellulase, novozyme celluclast",0e6a0c9e-ced9-3e7e-8fbf-a8cf18791884,"Transformation, to industrial area",PRODUCT_FLOW,-0.72264,m2,,,기본 공급자가 없거나 그 공정의 기준 흐름을 읽지 못했다.
3dd59224-ecba-3fb1-a2c9-9c01947b08b1,"Enzyme; cellulase, novozyme celluclast",2c126bcc-bb63-4d63-bd72-f02a1e616809,"Transformation, from pasture and meadow",PRODUCT_FLOW,-0.72264,m2,,,기본 공급자가 없거나 그 공정의 기준 흐름을 읽지 못했다.
3e852f2b-d070-3e48-a1cd-17e8b529bb6f,"coal extraction and processing - Rocky Mountain, SUB, Surface",66b3cd21-7664-3778-86d6-52f45f1af823,copper,PRODUCT_FLOW,-2.0034188036536043e-11,kg,,,기본 공급자가 없거나 그 공정의 기준 흐름을 읽지 못했다.
3e852f2b-d070-3e48-a1cd-17e8b529bb6f,"coal extraction and processing - Rocky Mountain, SUB, Surface",8fe56530-fbb6-3f64-a436-c460029321b4,"rubber, styrene-butadiene",PRODUCT_FLOW,-0.0006595690476252932,kg,,,기본 공급자가 없거나 그 공정의 기준 흐름을 읽지 못했다.
3e852f2b-d070-3e48-a1cd-17e8b529bb6f,"coal extraction and processing - Rocky Mountain, SUB, Surface",2db44184-7fa2-300c-b4ab-7fa9227bc0ed,zinc,PRODUCT_FLOW,-1.5984126377298064e-11,kg,,,기본 공급자가 없거나 그 공정의 기준 흐름을 읽지 못했다.
3e852f2b-d070-3e48-a1cd-17e8b529bb6f,"coal extraction and processing - Rocky Mountain, SUB, Surface",aab4c1d4-d871-40b1-8188-35999f9b751a,"Waste, solid",WASTE_FLOW,0.0007036940484024136,kg,,,기본 공급자가 없거나 그 공정의 기준 흐름을 읽지 못했다.
3e852f2b-d070-3e48-a1cd-17e8b529bb6f,"coal extraction and processing - Rocky Mountain, SUB, Surface",8a5b6ae2-63d7-4e5a-950e-7d1d8b0bea80,"natural gas, delivered",PRODUCT_FLOW,-6.545520337767881e-05,kg,,,기본 공급자가 없거나 그 공정의 기준 흐름을 읽지 못했다.
3e852f2b-d070-3e48-a1cd-17e8b529bb6f,"coal extraction and processing - Rocky Mountain, SUB, Surface",2b69310a-e90f-3417-8b35-d23d5eeac99f,asphalt,PRODUCT_FLOW,-8.033426030095032e-05,kg,,,기본 공급자가 없거나 그 공정의 기준 흐름을 읽지 못했다.
3e852f2b-d070-3e48-a1cd-17e8b529bb6f,"coal extraction and processing - Rocky Mountain, SUB, Surface",25804c89-c3cd-34f7-b5e6-4160fc17a7dc,polyvinyl chloride (PVC),PRODUCT_FLOW,-3.1994646560975736e-10,kg,,,기본 공급자가 없거나 그 공정의 기준 흐름을 읽지 못했다.
3e852f2b-d070-3e48-a1cd-17e8b529bb6f,"coal extraction and processing - Rocky Mountain, SUB, Surface",7e540229-9844-4be6-b0e8-af5d8d70c11a,Ammonium nitrate,PRODUCT_FLOW,-1.1101280073109394,kg,,,기본 공급자가 없거나 그 공정의 기준 흐름을 읽지 못했다.
3e852f2b-d070-3e48-a1cd-17e8b529bb6f,"coal extraction and processing - Rocky Mountain, SUB, Surface",9f723736-35c3-4218-8dbe-a1331f56be46,Light fuel oil,PRODUCT_FLOW,-0.00011919139627638439,kg,,,기본 공급자가 없거나 그 공정의 기준 흐름을 읽지 못했다.
3e852f2b-d070-3e48-a1cd-17e8b529bb6f,"coal extraction and processing - Rocky Mountain, SUB, Surface",14d67c68-0a06-328b-9347-1aaa9bc5f53a,"Water, reclaimed",PRODUCT_FLOW,-10.502032477682867,kg,,,기본 공급자가 없거나 그 공정의 기준 흐름을 읽지 못했다.
3e852f2b-d070-3e48-a1cd-17e8b529bb6f,"coal extraction and processing - Rocky Mountain, SUB, Surface",6aec53b7-c1e1-4f37-9997-bad469fa567b,residual oil,PRODUCT_FLOW,-1.376597157357369e-06,kg,,,기본 공급자가 없거나 그 공정의 기준 흐름을 읽지 못했다.
3e852f2b-d070-3e48-a1cd-17e8b529bb6f,"coal extraction and processing - Rocky Mountain, SUB, Surface",e6653400-5caf-43f6-b1f2-89b4c01ca58d,petroleum coke,PRODUCT_FLOW,-8.45246876773663e-05,kg,,,기본 공급자가 없거나 그 공정의 기준 흐름을 읽지 못했다.
3e852f2b-d070-3e48-a1cd-17e8b529bb6f,"coal extraction and processing - Rocky Mountain, SUB, Surface",2b325037-62f4-4658-ab68-2aaf30da8ae6,liquefied petroleum gas,PRODUCT_FLOW,-2.8764001634284088e-08,kg,,,기본 공급자가 없거나 그 공정의 기준 흐름을 읽지 못했다.
3e852f2b-d070-3e48-a1cd-17e8b529bb6f,"coal extraction and processing - Rocky Mountain, SUB, Surface",66c312ea-5071-3a57-9940-25a403d38dea,cast iron,PRODUCT_FLOW,-8.354199704561093e-10,kg,,,기본 공급자가 없거나 그 공정의 기준 흐름을 읽지 못했다.
3ea76335-a548-3a86-87c3-1e09c89bb18a,Electricity - SOLAR - Nevada Power Company,20e2eea2-f483-392b-85e8-1b41065a321d,"CYCLOHEXANE, 1,2,3,4,5,6-HEXACHLORO-, (1ALPHA, 2ALPHA, 3BETA, 4ALPHA, 5ALPHA, 6BETA)- (OR) LINDANE",WASTE_FLOW,4.22455570619458,kg,,,기본 공급자가 없거나 그 공정의 기준 흐름을 읽지 못했다.
3ea76335-a548-3a86-87c3-1e09c89bb18a,Electricity - SOLAR - Nevada Power Company,f8398592-014f-3f3c-a4ac-a792b6f6dada,WASTE PHARMACEUTICAL,WASTE_FLOW,0.0022064951980542043,kg,,,기본 공급자가 없거나 그 공정의 기준 흐름을 읽지 못했다.
3ea76335-a548-3a86-87c3-1e09c89bb18a,Electricity - SOLAR - Nevada Power Company,f5bb2272-b96d-30c8-bbd2-97ac661eb879,"THE FOLLOWING SPENT NONHALOGENATED SOLVENTS: XYLENE, ACETONE, ETHYL ACETATE, ETHYL BENZENE, ETHYL ETHER, METHYL ISOBUTYL KETONE, N-BUTYL ALCOHOL, CYCLOHEXANONE, AND METHANOL; ALL SPENT SOLVENT MIXTURES/BLENDS CONTAINING, BEFORE USE, ONLY THE ABOVE SPENT N",WASTE_FLOW,0.3632836736796387,kg,,,기본 공급자가 없거나 그 공정의 기준 흐름을 읽지 못했다.
41ea1fbc-b968-3ce5-964e-2799ac962051,"Electricity - OIL - Midcontinent Independent System Operator, Inc.",ae6699f4-beff-3f26-8ec1-0d58b5deae89,"THE FOLLOWING SPENT NONHALOGENATED SOLVENTS: TOLUENE, METHYL ETHYL KETONE, CARBON DISULFIDE, ISOBUTANOL, PYRIDINE, BENZENE, 2-ETHOXYETHANOL, AND 2-NITROPROPANE; ALL SPENT SOLVENT MIXTURES/BLENDS CONTAINING, BEFORE USE, A TOTAL OF TEN PERCENT OR MORE (BY V",WASTE_FLOW,34.482277107142856,kg,,,기본 공급자가 없거나 그 공정의 기준 흐름을 읽지 못했다.
41ea1fbc-b968-3ce5-964e-2799ac962051,"Electricity - OIL - Midcontinent Independent System Operator, Inc.",cd7a2acd-6b88-37cb-b0f4-938ab7ddb780,"PAINT, INK, ETC.",WASTE_FLOW,63.8732112857143,kg,,,기본 공급자가 없거나 그 공정의 기준 흐름을 읽지 못했다.
41ea1fbc-b968-3ce5-964e-2799ac962051,"Electricity - OIL - Midcontinent Independent System Operator, Inc.",18c6b770-4063-37d6-930c-64bf5a274910,IGNITABLE WASTE,WASTE_FLOW,11115.095887107143,kg,,,기본 공급자가 없거나 그 공정의 기준 흐름을 읽지 못했다.
484c6178-9620-412d-98df-3341150bfeff,"Nitrogen, liquid Bridge; USLCI to USEEIO",072d30cc-f5c6-3cf2-bb4d-be071736618c,Compressed Gases,PRODUCT_FLOW,-0.690055962,USD,,,기본 공급자가 없거나 그 공정의 기준 흐름을 읽지 못했다.
485a2faf-7d1c-3f3b-819a-804141bd6ee6,"coal extraction and processing - Powder River Basin, SUB, Surface",7e540229-9844-4be6-b0e8-af5d8d70c11a,Ammonium nitrate,PRODUCT_FLOW,-1.1099190845880953,kg,,,기본 공급자가 없거나 그 공정의 기준 흐름을 읽지 못했다.
485a2faf-7d1c-3f3b-819a-804141bd6ee6,"coal extraction and processing - Powder River Basin, SUB, Surface",aab4c1d4-d871-40b1-8188-35999f9b751a,"Waste, solid",WASTE_FLOW,0.0007035123561659861,kg,,,기본 공급자가 없거나 그 공정의 기준 흐름을 읽지 못했다.
485a2faf-7d1c-3f3b-819a-804141bd6ee6,"coal extraction and processing - Powder River Basin, SUB, Surface",66c312ea-5071-3a57-9940-25a403d38dea,cast iron,PRODUCT_FLOW,-1.0756490719914149e-09,kg,,,기본 공급자가 없거나 그 공정의 기준 흐름을 읽지 못했다.
485a2faf-7d1c-3f3b-819a-804141bd6ee6,"coal extraction and processing - Powder River Basin, SUB, Surface",25804c89-c3cd-34f7-b5e6-4160fc17a7dc,polyvinyl chloride (PVC),PRODUCT_FLOW,-4.1164316929653086e-10,kg,,,기본 공급자가 없거나 그 공정의 기준 흐름을 읽지 못했다.
485a2faf-7d1c-3f3b-819a-804141bd6ee6,"coal extraction and processing - Powder River Basin, SUB, Surface",2db44184-7fa2-300c-b4ab-7fa9227bc0ed,zinc,PRODUCT_FLOW,-2.0571540529044373e-11,kg,,,기본 공급자가 없거나 그 공정의 기준 흐름을 읽지 못했다.
485a2faf-7d1c-3f3b-819a-804141bd6ee6,"coal extraction and processing - Powder River Basin, SUB, Surface",2b69310a-e90f-3417-8b35-d23d5eeac99f,asphalt,PRODUCT_FLOW,-0.00014321576580826959,kg,,,기본 공급자가 없거나 그 공정의 기준 흐름을 읽지 못했다.
485a2faf-7d1c-3f3b-819a-804141bd6ee6,"coal extraction and processing - Powder River Basin, SUB, Surface",9f723736-35c3-4218-8dbe-a1331f56be46,Light fuel oil,PRODUCT_FLOW,-0.00010467082545822247,kg,,,기본 공급자가 없거나 그 공정의 기준 흐름을 읽지 못했다.
485a2faf-7d1c-3f3b-819a-804141bd6ee6,"coal extraction and processing - Powder River Basin, SUB, Surface",66b3cd21-7664-3778-86d6-52f45f1af823,copper,PRODUCT_FLOW,-2.5792323958376436e-11,kg,,,기본 공급자가 없거나 그 공정의 기준 흐름을 읽지 못했다.
485a2faf-7d1c-3f3b-819a-804141bd6ee6,"coal extraction and processing - Powder River Basin, SUB, Surface",2b325037-62f4-4658-ab68-2aaf30da8ae6,liquefied petroleum gas,PRODUCT_FLOW,-2.8756752225254646e-08,kg,,,기본 공급자가 없거나 그 공정의 기준 흐름을 읽지 못했다.
485a2faf-7d1c-3f3b-819a-804141bd6ee6,"coal extraction and processing - Powder River Basin, SUB, Surface",8fe56530-fbb6-3f64-a436-c460029321b4,"rubber, styrene-butadiene",PRODUCT_FLOW,-0.000659378050177795,kg,,,기본 공급자가 없거나 그 공정의 기준 흐름을 읽지 못했다.
485a2faf-7d1c-3f3b-819a-804141bd6ee6,"coal extraction and processing - Powder River Basin, SUB, Surface",e6653400-5caf-43f6-b1f2-89b4c01ca58d,petroleum coke,PRODUCT_FLOW,-8.450338616511573e-05,kg,,,기본 공급자가 없거나 그 공정의 기준 흐름을 읽지 못했다.
485a2faf-7d1c-3f3b-819a-804141bd6ee6,"coal extraction and processing - Powder River Basin, SUB, Surface",8a5b6ae2-63d7-4e5a-950e-7d1d8b0bea80,"natural gas, delivered",PRODUCT_FLOW,-6.545520337767881e-05,kg,,,기본 공급자가 없거나 그 공정의 기준 흐름을 읽지 못했다.
485a2faf-7d1c-3f3b-819a-804141bd6ee6,"coal extraction and processing - Powder River Basin, SUB, Surface",14d67c68-0a06-328b-9347-1aaa9bc5f53a,"Water, reclaimed",PRODUCT_FLOW,-15.174654858874424,kg,,,기본 공급자가 없거나 그 공정의 기준 흐름을 읽지 못했다.
485a2faf-7d1c-3f3b-819a-804141bd6ee6,"coal extraction and processing - Powder River Basin, SUB, Surface",6aec53b7-c1e1-4f37-9997-bad469fa567b,residual oil,PRODUCT_FLOW,-1.3762509068350433e-06,kg,,,기본 공급자가 없거나 그 공정의 기준 흐름을 읽지 못했다.
49d309a8-0c93-4eeb-a342-2fe2254a0bec,Propylene; at plant,42929598-5cd9-4fac-a79d-fd0ab85a4176,"Disposal, hazardous waste; to unspecified hazardous waste landfill",WASTE_FLOW,3.5e-06,kg,,,기본 공급자가 없거나 그 공정의 기준 흐름을 읽지 못했다.
49d309a8-0c93-4eeb-a342-2fe2254a0bec,Propylene; at plant,8191e38b-421f-4348-a2e0-29303147f2d1,"Recycling, solid waste; to recycling or reuse",WASTE_FLOW,0.00021,kg,,,기본 공급자가 없거나 그 공정의 기준 흐름을 읽지 못했다.
49d309a8-0c93-4eeb-a342-2fe2254a0bec,Propylene; at plant,74291898-f3b6-4823-92d5-e966bc4d4f9c,Landfill gas; at cracker,PRODUCT_FLOW,-0.00051,m3,,,기본 공급자가 없거나 그 공정의 기준 흐름을 읽지 못했다.
49d309a8-0c93-4eeb-a342-2fe2254a0bec,Propylene; at plant,ac003090-67b7-4364-b690-807d12019627,"Disposal, hazardous waste; to incineration without energy recovery",WASTE_FLOW,0.00133,kg,,,기본 공급자가 없거나 그 공정의 기준 흐름을 읽지 못했다.
49d309a8-0c93-4eeb-a342-2fe2254a0bec,Propylene; at plant,bf366291-fb38-4901-9c96-16472193b680,Fuel gas; produced onsite; at cracker,PRODUCT_FLOW,-0.115,m3,,,기본 공급자가 없거나 그 공정의 기준 흐름을 읽지 못했다.
49d309a8-0c93-4eeb-a342-2fe2254a0bec,Propylene; at plant,c3a414cf-44c3-409b-8481-7c0fafdb225c,"Disposal, solid waste; to incineration without energy recovery",WASTE_FLOW,0.0057,kg,,,기본 공급자가 없거나 그 공정의 기준 흐름을 읽지 못했다.
49f5324b-fc33-36e9-b5af-3c80d73492bd,Steel; stainless 304; flat rolled coil,ada4bdda-6930-33b9-a9ce-1677e5503ecb,"Disposal, spoil; deposited",WASTE_FLOW,0.0145080058542676,kg,,,기본 공급자가 없거나 그 공정의 기준 흐름을 읽지 못했다.
49f5324b-fc33-36e9-b5af-3c80d73492bd,Steel; stainless 304; flat rolled coil,090df302-0f79-3b9d-ba80-f65ff27fd97a,Ferromanganese; at furnace,PRODUCT_FLOW,-1.07359788601795e-17,kg,,,기본 공급자가 없거나 그 공정의 기준 흐름을 읽지 못했다.
49f5324b-fc33-36e9-b5af-3c80d73492bd,Steel; stainless 304; flat rolled coil,d9ff9e8c-6262-413a-9ff6-6f11ba905e27,Disposal; high radioactive waste,WASTE_FLOW,1.61417725841435e-06,kg,,,기본 공급자가 없거나 그 공정의 기준 흐름을 읽지 못했다.
49f5324b-fc33-36e9-b5af-3c80d73492bd,Steel; stainless 304; flat rolled coil,0d2cd48c-88a6-459c-964d-de2570850ccc,Disposal; radioactive tailings,WASTE_FLOW,0.00131303980926254,kg,,,기본 공급자가 없거나 그 공정의 기준 흐름을 읽지 못했다.
49f5324b-fc33-36e9-b5af-3c80d73492bd,Steel; stainless 304; flat rolled coil,ae9b6fe4-7936-3620-b88e-1d03301c0163,"Disposal, waste; deposited",WASTE_FLOW,1.39043078857443,kg,,,기본 공급자가 없거나 그 공정의 기준 흐름을 읽지 못했다.
49f5324b-fc33-36e9-b5af-3c80d73492bd,Steel; stainless 304; flat rolled coil,e3dfc9b8-a8d8-3b5e-b222-e1f55c29f99f,"Disposal, tailings; deposited",WASTE_FLOW,1.51059304858657,kg,,,기본 공급자가 없거나 그 공정의 기준 흐름을 읽지 못했다.
49f5324b-fc33-36e9-b5af-3c80d73492bd,Steel; stainless 304; flat rolled coil,0ce1477a-bded-3ebc-961e-8edee183385e,"Disposal, hazardous waste; deposited",WASTE_FLOW,0.000293539258609819,kg,,,기본 공급자가 없거나 그 공정의 기준 흐름을 읽지 못했다.
49f5324b-fc33-36e9-b5af-3c80d73492bd,Steel; stainless 304; flat rolled coil,ae3d348a-6d3d-4d25-a27b-23662961197e,Disposal; medium radioactive waste,WASTE_FLOW,1.53210720119122e-05,kg,,,기본 공급자가 없거나 그 공정의 기준 흐름을 읽지 못했다.
49f5324b-fc33-36e9-b5af-3c80d73492bd,Steel; stainless 304; flat rolled coil,c3446115-c5d7-3721-81d4-d3b2cdbff8b5,"Disposal, overburden; deposited",WASTE_FLOW,17.2308532682898,kg,,,기본 공급자가 없거나 그 공정의 기준 흐름을 읽지 못했다.
49f5324b-fc33-36e9-b5af-3c80d73492bd,Steel; stainless 304; flat rolled coil,0d809ffd-dffa-4b94-b307-e3ba85ac3e31,Disposal; low radioactive waste,WASTE_FLOW,2.96186449375317e-05,kg,,,기본 공급자가 없거나 그 공정의 기준 흐름을 읽지 못했다.
49f5324b-fc33-36e9-b5af-3c80d73492bd,Steel; stainless 304; flat rolled coil,d0408e62-d55b-3445-a7f2-ac47dc93c4a4,"Disposal, secondary fuel",WASTE_FLOW,0.125708676031225,MJ,,,기본 공급자가 없거나 그 공정의 기준 흐름을 읽지 못했다.
4a42fda8-640a-3152-9741-f64c558be34d,Roundwood; hardwood; green; at logyard; SE,a02815b0-8760-3b74-b2b6-ea070b183bbe,Bark; hardwood; green; at logyard,PRODUCT_FLOW,21.6,kg,,,기본 공급자가 없거나 그 공정의 기준 흐름을 읽지 못했다.
4a42fda8-640a-3152-9741-f64c558be34d,Roundwood; hardwood; green; at logyard; SE,cbb91e4a-0a0f-3b79-9f6f-d54d716e05ea,Bark; hardwood; green; at mill,PRODUCT_FLOW,-21.6,kg,6baa9816-6151-3af1-b230-d28bebfb5227,Roundwood; hardwood; green; at mill; SE,차원이 다르다: kg(mass) -> m3(volume)
4a8fcace-56b5-31e3-babe-1dd36ca18271,Electricity - COAL - NorthWestern Corporation,1b0ee7da-153d-34a5-86b3-723efa6e177b,CHROMIUM,WASTE_FLOW,8.38398837884547e-08,kg,,,기본 공급자가 없거나 그 공정의 기준 흐름을 읽지 못했다.
4a8fcace-56b5-31e3-babe-1dd36ca18271,Electricity - COAL - NorthWestern Corporation,d5d165f8-aad3-3b82-a849-1d158c5d031d,CORROSIVE WASTE,WASTE_FLOW,0.00017082376321897645,kg,,,기본 공급자가 없거나 그 공정의 기준 흐름을 읽지 못했다.
4a8fcace-56b5-31e3-babe-1dd36ca18271,Electricity - COAL - NorthWestern Corporation,66e610e1-1733-390a-82e0-d801990b71ba,LAB PACKS/NO ACUTE,WASTE_FLOW,4.191994189422735e-06,kg,,,기본 공급자가 없거나 그 공정의 기준 흐름을 읽지 못했다.
4a8fcace-56b5-31e3-babe-1dd36ca18271,Electricity - COAL - NorthWestern Corporation,f5bb2272-b96d-30c8-bbd2-97ac661eb879,"THE FOLLOWING SPENT NONHALOGENATED SOLVENTS: XYLENE, ACETONE, ETHYL ACETATE, ETHYL BENZENE, ETHYL ETHER, METHYL ISOBUTYL KETONE, N-BUTYL ALCOHOL, CYCLOHEXANONE, AND METHANOL; ALL SPENT SOLVENT MIXTURES/BLENDS CONTAINING, BEFORE USE, ONLY THE ABOVE SPENT N",WASTE_FLOW,4.611193608365009e-06,kg,,,기본 공급자가 없거나 그 공정의 기준 흐름을 읽지 못했다.
4a8fcace-56b5-31e3-babe-1dd36ca18271,Electricity - COAL - NorthWestern Corporation,eb57fdb2-dc92-378b-8727-29e05ff89d35,NONHALOGEN. SOLVENT,WASTE_FLOW,5.030393027307282e-06,kg,,,기본 공급자가 없거나 그 공정의 기준 흐름을 읽지 못했다.
4a8fcace-56b5-31e3-babe-1dd36ca18271,Electricity - COAL - NorthWestern Corporation,18c6b770-4063-37d6-930c-64bf5a274910,IGNITABLE WASTE,WASTE_FLOW,3.2278355258555052e-06,kg,,,기본 공급자가 없거나 그 공정의 기준 흐름을 읽지 못했다.
4a8fcace-56b5-31e3-babe-1dd36ca18271,Electricity - COAL - NorthWestern Corporation,3943bd3e-5354-3f3b-9d2a-ad12d1250b14,MERCURY,WASTE_FLOW,4.883673230677486e-05,kg,,,기본 공급자가 없거나 그 공정의 기준 흐름을 읽지 못했다.
4a8fcace-56b5-31e3-babe-1dd36ca18271,Electricity - COAL - NorthWestern Corporation,50a90a6b-bb89-32e4-bc27-7725250477bc,OTH ORGANIC LIQUID,WASTE_FLOW,1.232446291690284e-05,kg,,,기본 공급자가 없거나 그 공정의 기준 흐름을 읽지 못했다.
4be0eda6-df1b-3dbc-a6cc-3a7eb82768e1,Electricity - GAS - New York Independent System Operator,66e610e1-1733-390a-82e0-d801990b71ba,LAB PACKS/NO ACUTE,WASTE_FLOW,8.489773334881116e-05,kg,,,기본 공급자가 없거나 그 공정의 기준 흐름을 읽지 못했다.
4be0eda6-df1b-3dbc-a6cc-3a7eb82768e1,Electricity - GAS - New York Independent System Operator,751445c0-1204-3973-b58d-bdf0112cfbe5,ELECTRICAL DEVICES,WASTE_FLOW,3.6688735241491437e-06,kg,,,기본 공급자가 없거나 그 공정의 기준 흐름을 읽지 못했다.
4be0eda6-df1b-3dbc-a6cc-3a7eb82768e1,Electricity - GAS - New York Independent System Operator,3943bd3e-5354-3f3b-9d2a-ad12d1250b14,MERCURY,WASTE_FLOW,1.5409268801426402e-06,kg,,,기본 공급자가 없거나 그 공정의 기준 흐름을 읽지 못했다.
4be0eda6-df1b-3dbc-a6cc-3a7eb82768e1,Electricity - GAS - New York Independent System Operator,79d7ff97-744b-3343-9b2e-26cd2758424c,CONT. DEBRIS,WASTE_FLOW,1.981191703040537e-05,kg,,,기본 공급자가 없거나 그 공정의 기준 흐름을 읽지 못했다.
4be0eda6-df1b-3dbc-a6cc-3a7eb82768e1,Electricity - GAS - New York Independent System Operator,2c0313f3-cd99-363f-9f3c-f34d8a1d0208,LEAD,WASTE_FLOW,0.0016325019633054029,kg,,,기본 공급자가 없거나 그 공정의 기준 흐름을 읽지 못했다.
4be0eda6-df1b-3dbc-a6cc-3a7eb82768e1,Electricity - GAS - New York Independent System Operator,18c6b770-4063-37d6-930c-64bf5a274910,IGNITABLE WASTE,WASTE_FLOW,0.0005906886373880121,kg,,,기본 공급자가 없거나 그 공정의 기준 흐름을 읽지 못했다.
4be0eda6-df1b-3dbc-a6cc-3a7eb82768e1,Electricity - GAS - New York Independent System Operator,d5d165f8-aad3-3b82-a849-1d158c5d031d,CORROSIVE WASTE,WASTE_FLOW,0.0007448913916080005,kg,,,기본 공급자가 없거나 그 공정의 기준 흐름을 읽지 못했다.
4be84642-28cb-3508-9189-d8afcec42d92,Corn stover; ground; at storage,5a5e261a-2f46-3391-8bf9-84e626efeb59,Conveyor belt; at plant,PRODUCT_FLOW,-3.4747e-05,m,,,기본 공급자가 없거나 그 공정의 기준 흐름을 읽지 못했다.
4be84642-28cb-3508-9189-d8afcec42d92,Corn stover; ground; at storage,ded62531-fa5b-3666-b34e-e2c76e81d172,Fodder loading; by self-loading trailer,PRODUCT_FLOW,-2.7751,m3,,,기본 공급자가 없거나 그 공정의 기준 흐름을 읽지 못했다.
4be84642-28cb-3508-9189-d8afcec42d92,Corn stover; ground; at storage,cfac72e7-9da9-3fd3-b24b-45b95791bdea,Loading bales,PRODUCT_FLOW,-1.43,Item(s),,,기본 공급자가 없거나 그 공정의 기준 흐름을 읽지 못했다.
4be84642-28cb-3508-9189-d8afcec42d92,Corn stover; ground; at storage,13f37d5b-be6f-3843-9c10-f6518bab1a3b,Agricultural machinery; general,PRODUCT_FLOW,-0.9,kg,,,기본 공급자가 없거나 그 공정의 기준 흐름을 읽지 못했다.
4be84642-28cb-3508-9189-d8afcec42d92,Corn stover; ground; at storage,b9b48819-4f4c-3518-92c0-33591198c46c,Dried roughage store; non ventilated,PRODUCT_FLOW,-1.1723e-07,m3,,,기본 공급자가 없거나 그 공정의 기준 흐름을 읽지 못했다.
4c9543ee-cd09-3434-b3a1-37743b5a60cb,"Electricity - NUCLEAR - Southern Company Services, Inc. - Trans",18c6b770-4063-37d6-930c-64bf5a274910,IGNITABLE WASTE,WASTE_FLOW,0.00014964448817386862,kg,,,기본 공급자가 없거나 그 공정의 기준 흐름을 읽지 못했다.
4c9543ee-cd09-3434-b3a1-37743b5a60cb,"Electricity - NUCLEAR - Southern Company Services, Inc. - Trans",cd7a2acd-6b88-37cb-b0f4-938ab7ddb780,"PAINT, INK, ETC.",WASTE_FLOW,0.0005461630017061537,kg,,,기본 공급자가 없거나 그 공정의 기준 흐름을 읽지 못했다.
4d09380a-6297-392c-b1bb-74534b4d3d8e,Corn stover; at field,9a998a96-311c-3df5-b6c3-0d776801bc37,Hay grown for feed,PRODUCT_FLOW,-573.0,kg,,,기본 공급자가 없거나 그 공정의 기준 흐름을 읽지 못했다.
4e38a874-76e2-3c20-bc6a-eea62883ebaa,Winter wheat straw; ground; at storage,5a5e261a-2f46-3391-8bf9-84e626efeb59,Conveyor belt; at plant,PRODUCT_FLOW,-3.4747e-05,m,,,기본 공급자가 없거나 그 공정의 기준 흐름을 읽지 못했다.
4e38a874-76e2-3c20-bc6a-eea62883ebaa,Winter wheat straw; ground; at storage,b9b48819-4f4c-3518-92c0-33591198c46c,Dried roughage store; non ventilated,PRODUCT_FLOW,-1.1723e-07,m3,,,기본 공급자가 없거나 그 공정의 기준 흐름을 읽지 못했다.
4e38a874-76e2-3c20-bc6a-eea62883ebaa,Winter wheat straw; ground; at storage,cfac72e7-9da9-3fd3-b24b-45b95791bdea,Loading bales,PRODUCT_FLOW,-1.43,Item(s),,,기본 공급자가 없거나 그 공정의 기준 흐름을 읽지 못했다.
4e38a874-76e2-3c20-bc6a-eea62883ebaa,Winter wheat straw; ground; at storage,13f37d5b-be6f-3843-9c10-f6518bab1a3b,Agricultural machinery; general,PRODUCT_FLOW,-0.9,kg,,,기본 공급자가 없거나 그 공정의 기준 흐름을 읽지 못했다.
4e38a874-76e2-3c20-bc6a-eea62883ebaa,Winter wheat straw; ground; at storage,ded62531-fa5b-3666-b34e-e2c76e81d172,Fodder loading; by self-loading trailer,PRODUCT_FLOW,-2.7751,m3,,,기본 공급자가 없거나 그 공정의 기준 흐름을 읽지 못했다.
4e3f8f9f-2a3d-39e4-9072-7f9dffe562ef,"coal extraction and processing - Powder River Basin, BIT, Surface",6aec53b7-c1e1-4f37-9997-bad469fa567b,residual oil,PRODUCT_FLOW,-1.3762509068350435e-06,kg,,,기본 공급자가 없거나 그 공정의 기준 흐름을 읽지 못했다.
4e3f8f9f-2a3d-39e4-9072-7f9dffe562ef,"coal extraction and processing - Powder River Basin, BIT, Surface",e6653400-5caf-43f6-b1f2-89b4c01ca58d,petroleum coke,PRODUCT_FLOW,-8.450338616511569e-05,kg,,,기본 공급자가 없거나 그 공정의 기준 흐름을 읽지 못했다.
4e3f8f9f-2a3d-39e4-9072-7f9dffe562ef,"coal extraction and processing - Powder River Basin, BIT, Surface",8fe56530-fbb6-3f64-a436-c460029321b4,"rubber, styrene-butadiene",PRODUCT_FLOW,-0.000659378050177795,kg,,,기본 공급자가 없거나 그 공정의 기준 흐름을 읽지 못했다.
4e3f8f9f-2a3d-39e4-9072-7f9dffe562ef,"coal extraction and processing - Powder River Basin, BIT, Surface",2b325037-62f4-4658-ab68-2aaf30da8ae6,liquefied petroleum gas,PRODUCT_FLOW,-2.8756752225254642e-08,kg,,,기본 공급자가 없거나 그 공정의 기준 흐름을 읽지 못했다.
4e3f8f9f-2a3d-39e4-9072-7f9dffe562ef,"coal extraction and processing - Powder River Basin, BIT, Surface",9f723736-35c3-4218-8dbe-a1331f56be46,Light fuel oil,PRODUCT_FLOW,-0.00010467082545822247,kg,,,기본 공급자가 없거나 그 공정의 기준 흐름을 읽지 못했다.
4e3f8f9f-2a3d-39e4-9072-7f9dffe562ef,"coal extraction and processing - Powder River Basin, BIT, Surface",14d67c68-0a06-328b-9347-1aaa9bc5f53a,"Water, reclaimed",PRODUCT_FLOW,-15.174654858874424,kg,,,기본 공급자가 없거나 그 공정의 기준 흐름을 읽지 못했다.
4e3f8f9f-2a3d-39e4-9072-7f9dffe562ef,"coal extraction and processing - Powder River Basin, BIT, Surface",aab4c1d4-d871-40b1-8188-35999f9b751a,"Waste, solid",WASTE_FLOW,0.000703512356165986,kg,,,기본 공급자가 없거나 그 공정의 기준 흐름을 읽지 못했다.
4e3f8f9f-2a3d-39e4-9072-7f9dffe562ef,"coal extraction and processing - Powder River Basin, BIT, Surface",2b69310a-e90f-3417-8b35-d23d5eeac99f,asphalt,PRODUCT_FLOW,-0.00014321576580826959,kg,,,기본 공급자가 없거나 그 공정의 기준 흐름을 읽지 못했다.
4e3f8f9f-2a3d-39e4-9072-7f9dffe562ef,"coal extraction and processing - Powder River Basin, BIT, Surface",66c312ea-5071-3a57-9940-25a403d38dea,cast iron,PRODUCT_FLOW,-1.0756490719914149e-09,kg,,,기본 공급자가 없거나 그 공정의 기준 흐름을 읽지 못했다.
4e3f8f9f-2a3d-39e4-9072-7f9dffe562ef,"coal extraction and processing - Powder River Basin, BIT, Surface",2db44184-7fa2-300c-b4ab-7fa9227bc0ed,zinc,PRODUCT_FLOW,-2.0571540529044373e-11,kg,,,기본 공급자가 없거나 그 공정의 기준 흐름을 읽지 못했다.
4e3f8f9f-2a3d-39e4-9072-7f9dffe562ef,"coal extraction and processing - Powder River Basin, BIT, Surface",8a5b6ae2-63d7-4e5a-950e-7d1d8b0bea80,"natural gas, delivered",PRODUCT_FLOW,-6.545520337767881e-05,kg,,,기본 공급자가 없거나 그 공정의 기준 흐름을 읽지 못했다.
4e3f8f9f-2a3d-39e4-9072-7f9dffe562ef,"coal extraction and processing - Powder River Basin, BIT, Surface",25804c89-c3cd-34f7-b5e6-4160fc17a7dc,polyvinyl chloride (PVC),PRODUCT_FLOW,-4.1164316929653076e-10,kg,,,기본 공급자가 없거나 그 공정의 기준 흐름을 읽지 못했다.
4e3f8f9f-2a3d-39e4-9072-7f9dffe562ef,"coal extraction and processing - Powder River Basin, BIT, Surface",7e540229-9844-4be6-b0e8-af5d8d70c11a,Ammonium nitrate,PRODUCT_FLOW,-1.1099190845880955,kg,,,기본 공급자가 없거나 그 공정의 기준 흐름을 읽지 못했다.
4e3f8f9f-2a3d-39e4-9072-7f9dffe562ef,"coal extraction and processing - Powder River Basin, BIT, Surface",66b3cd21-7664-3778-86d6-52f45f1af823,copper,PRODUCT_FLOW,-2.5792323958376426e-11,kg,,,기본 공급자가 없거나 그 공정의 기준 흐름을 읽지 못했다.
50e0d53c-26fe-4574-8b64-6f4f4d019e94,Refractory material Bridge; USLCI to USEEIO,eebfbb7a-3b71-3a98-9907-b38a49a6f756,Clay and ceramic products,PRODUCT_FLOW,-0.328149533,USD,,,기본 공급자가 없거나 그 공정의 기준 흐름을 읽지 못했다.
515c5359-a186-3394-b849-8676652228db,Forest residue; processed and loaded; at landing system,7dbb6483-0a2b-33f3-a42e-1c9035dc6a2c,"Transformation, from industrial area, built up",PRODUCT_FLOW,-1.0616319e-08,m2,,,기본 공급자가 없거나 그 공정의 기준 흐름을 읽지 못했다.
515c5359-a186-3394-b849-8676652228db,Forest residue; processed and loaded; at landing system,c7d2cf2d-0d21-45f7-9769-b07f3e53b76a,"Transformation, to industrial area, benthos",PRODUCT_FLOW,-4.2912713e-07,m2,,,기본 공급자가 없거나 그 공정의 기준 흐름을 읽지 못했다.
515c5359-a186-3394-b849-8676652228db,Forest residue; processed and loaded; at landing system,9089d7ad-09b1-4174-a188-8844ebde2d5d,"Transformation, to shrub land, sclerophyllous",PRODUCT_FLOW,-1.4532168e-05,m2,,,기본 공급자가 없거나 그 공정의 기준 흐름을 읽지 못했다.
515c5359-a186-3394-b849-8676652228db,Forest residue; processed and loaded; at landing system,2f48535b-0dda-3f7c-a90e-af2ad70fb752,"Transformation, to industrial area, vegetation",PRODUCT_FLOW,-1.3929833e-05,m2,,,기본 공급자가 없거나 그 공정의 기준 흐름을 읽지 못했다.
515c5359-a186-3394-b849-8676652228db,Forest residue; processed and loaded; at landing system,3e22e0a7-477a-3da2-a159-d53b5f8dd898,"Transformation, from industrial area, vegetation",PRODUCT_FLOW,-1.8110062e-08,m2,,,기본 공급자가 없거나 그 공정의 기준 흐름을 읽지 못했다.
515c5359-a186-3394-b849-8676652228db,Forest residue; processed and loaded; at landing system,9a5a635a-43ae-3f05-914d-04d1dfb24a70,"Transformation, to forest",PRODUCT_FLOW,-7.8548802e-05,m2,,,기본 공급자가 없거나 그 공정의 기준 흐름을 읽지 못했다.
515c5359-a186-3394-b849-8676652228db,Forest residue; processed and loaded; at landing system,c1513682-45ad-444e-afb5-27c660714e88,"Transformation, from dump site, inert material landfill",PRODUCT_FLOW,-1.2045435e-05,m2,,,기본 공급자가 없거나 그 공정의 기준 흐름을 읽지 못했다.
515c5359-a186-3394-b849-8676652228db,Forest residue; processed and loaded; at landing system,ebb16be1-8db3-42a2-8123-418787422cfe,"Transformation, to sea and ocean",PRODUCT_FLOW,-1.2048978e-09,m2,,,기본 공급자가 없거나 그 공정의 기준 흐름을 읽지 못했다.
515c5359-a186-3394-b849-8676652228db,Forest residue; processed and loaded; at landing system,29630a65-f38c-48a5-9744-c0121f586640,"Transformation, from unknown",PRODUCT_FLOW,-0.0012048512,m2,,,기본 공급자가 없거나 그 공정의 기준 흐름을 읽지 못했다.
515c5359-a186-3394-b849-8676652228db,Forest residue; processed and loaded; at landing system,fc6c8652-a1b7-3480-b100-da3949d9faf0,"Transformation, from industrial area",PRODUCT_FLOW,-1.7892192e-06,m2,,,기본 공급자가 없거나 그 공정의 기준 흐름을 읽지 못했다.
515c5359-a186-3394-b849-8676652228db,Forest residue; processed and loaded; at landing system,1e4f8987-3e0d-3522-9e30-eaf632176178,"Transformation, to dump site, benthos",PRODUCT_FLOW,-0.00091243718,m2,,,기본 공급자가 없거나 그 공정의 기준 흐름을 읽지 못했다.
515c5359-a186-3394-b849-8676652228db,Forest residue; processed and loaded; at landing system,93ac2969-a4e9-49b5-8b97-5cbc6b9b2601,"Transformation, to permanent crop, fruit, intensive",PRODUCT_FLOW,-1.2200383e-06,m2,,,기본 공급자가 없거나 그 공정의 기준 흐름을 읽지 못했다.
515c5359-a186-3394-b849-8676652228db,Forest residue; processed and loaded; at landing system,4da2ea28-8273-4901-9931-264169ec7731,"Transformation, from arable, non-irrigated, fallow",PRODUCT_FLOW,-1.9680631e-07,m2,,,기본 공급자가 없거나 그 공정의 기준 흐름을 읽지 못했다.
515c5359-a186-3394-b849-8676652228db,Forest residue; processed and loaded; at landing system,fdda4f8e-b620-4df6-92a9-101a251d2f42,"Transformation, to heterogeneous, agricultural",PRODUCT_FLOW,-0.00015352879,m2,,,기본 공급자가 없거나 그 공정의 기준 흐름을 읽지 못했다.
515c5359-a186-3394-b849-8676652228db,Forest residue; processed and loaded; at landing system,62b45ece-f0ca-3947-a31d-d5c73fa821f4,"Transformation, from shrub land, sclerophyllous",PRODUCT_FLOW,-1.6901289e-05,m2,,,기본 공급자가 없거나 그 공정의 기준 흐름을 읽지 못했다.
515c5359-a186-3394-b849-8676652228db,Forest residue; processed and loaded; at landing system,a42347d2-09f1-405e-95dd-bf6ac03765d8,"Transformation, to traffic area, road network",PRODUCT_FLOW,-6.8157956e-05,m2,,,기본 공급자가 없거나 그 공정의 기준 흐름을 읽지 못했다.
515c5359-a186-3394-b849-8676652228db,Forest residue; processed and loaded; at landing system,aee3f8cd-4af5-3754-a011-5df05a274abc,"Transformation, to mineral extraction site",PRODUCT_FLOW,-0.0039771821,m2,,,기본 공급자가 없거나 그 공정의 기준 흐름을 읽지 못했다.
515c5359-a186-3394-b849-8676652228db,Forest residue; processed and loaded; at landing system,3142eedb-4ef5-3af9-a010-ee92080a7890,"Transformation, from forest",PRODUCT_FLOW,-0.0032525427,m2,,,기본 공급자가 없거나 그 공정의 기준 흐름을 읽지 못했다.
515c5359-a186-3394-b849-8676652228db,Forest residue; processed and loaded; at landing system,a1ecb935-9435-3a3b-807e-1f7cb292488c,"Transformation, from forest, extensive",PRODUCT_FLOW,-9.6795475e-05,m2,,,기본 공급자가 없거나 그 공정의 기준 흐름을 읽지 못했다.
515c5359-a186-3394-b849-8676652228db,Forest residue; processed and loaded; at landing system,cb9dfa69-96e9-362a-84c9-04f17a50a80f,"Transformation, to traffic area, rail embankment",PRODUCT_FLOW,-4.38415e-07,m2,,,기본 공급자가 없거나 그 공정의 기준 흐름을 읽지 못했다.
515c5359-a186-3394-b849-8676652228db,Forest residue; processed and loaded; at landing system,b0000e3b-6dab-343f-b551-b57b8510f18a,"Transformation, to traffic area, road embankment",PRODUCT_FLOW,-7.9901185e-06,m2,,,기본 공급자가 없거나 그 공정의 기준 흐름을 읽지 못했다.
515c5359-a186-3394-b849-8676652228db,Forest residue; processed and loaded; at landing system,7679a83e-8648-307f-ae4c-97a0c8a226b6,"Transformation, from dump site, slag compartment",PRODUCT_FLOW,-4.4923182e-08,m2,,,기본 공급자가 없거나 그 공정의 기준 흐름을 읽지 못했다.
515c5359-a186-3394-b849-8676652228db,Forest residue; processed and loaded; at landing system,592bf69f-8551-4611-8942-4620be0adabe,"Transformation, from pasture and meadow, intensive",PRODUCT_FLOW,-5.025802e-07,m2,,,기본 공급자가 없거나 그 공정의 기준 흐름을 읽지 못했다.
515c5359-a186-3394-b849-8676652228db,Forest residue; processed and loaded; at landing system,1a8cc727-3f5e-3d70-b1a1-898e3714357b,"Transformation, to dump site, residual material landfill",PRODUCT_FLOW,-2.380345e-06,m2,,,기본 공급자가 없거나 그 공정의 기준 흐름을 읽지 못했다.
515c5359-a186-3394-b849-8676652228db,Forest residue; processed and loaded; at landing system,bbcf6df1-d2d7-36f3-a3d5-a256c92a5f26,"Transformation, to forest, intensive, normal",PRODUCT_FLOW,-8.8964651e-05,m2,,,기본 공급자가 없거나 그 공정의 기준 흐름을 읽지 못했다.
515c5359-a186-3394-b849-8676652228db,Forest residue; processed and loaded; at landing system,2c126bcc-bb63-4d63-bd72-f02a1e616809,"Transformation, from pasture and meadow",PRODUCT_FLOW,-2.7333422e-05,m2,,,기본 공급자가 없거나 그 공정의 기준 흐름을 읽지 못했다.
515c5359-a186-3394-b849-8676652228db,Forest residue; processed and loaded; at landing system,0e6a0c9e-ced9-3e7e-8fbf-a8cf18791884,"Transformation, to industrial area",PRODUCT_FLOW,-1.3070013e-05,m2,,,기본 공급자가 없거나 그 공정의 기준 흐름을 읽지 못했다.
515c5359-a186-3394-b849-8676652228db,Forest residue; processed and loaded; at landing system,84b65d8f-2edd-4ddd-8f68-ca28d1c681b0,"Transformation, to water bodies, artificial",PRODUCT_FLOW,-0.00019496948,m2,,,기본 공급자가 없거나 그 공정의 기준 흐름을 읽지 못했다.
515c5359-a186-3394-b849-8676652228db,Forest residue; processed and loaded; at landing system,edcff96f-a878-393c-8c34-cb968e15d4ee,"Transformation, to dump site, sanitary landfill",PRODUCT_FLOW,-6.1441088e-08,m2,,,기본 공급자가 없거나 그 공정의 기준 흐름을 읽지 못했다.
515c5359-a186-3394-b849-8676652228db,Forest residue; processed and loaded; at landing system,e71f95a5-fd82-4128-9fd1-be3f0e85d0fc,"Transformation, from tropical rain forest",PRODUCT_FLOW,-2.1405338e-06,m2,,,기본 공급자가 없거나 그 공정의 기준 흐름을 읽지 못했다.
515c5359-a186-3394-b849-8676652228db,Forest residue; processed and loaded; at landing system,4eeb9ea6-997c-35ad-a6b1-42b21f2a1098,"Transformation, to unknown",PRODUCT_FLOW,-4.5281326e-06,m2,,,기본 공급자가 없거나 그 공정의 기준 흐름을 읽지 못했다.
515c5359-a186-3394-b849-8676652228db,Forest residue; processed and loaded; at landing system,2b80c3d3-e1ce-3d9c-afbd-c81f0b49d891,"Transformation, to pasture and meadow",PRODUCT_FLOW,-3.0581617e-07,m2,,,기본 공급자가 없거나 그 공정의 기준 흐름을 읽지 못했다.
515c5359-a186-3394-b849-8676652228db,Forest residue; processed and loaded; at landing system,e8aa9145-7148-3421-81ac-76dbbd712326,"Transformation, to forest, intensive, clear-cutting",PRODUCT_FLOW,-2.1405338e-06,m2,,,기본 공급자가 없거나 그 공정의 기준 흐름을 읽지 못했다.
515c5359-a186-3394-b849-8676652228db,Forest residue; processed and loaded; at landing system,3bf2ce54-b04f-3676-89e0-13ffb9ea1c62,"Transformation, from industrial area, benthos",PRODUCT_FLOW,-1.2048978e-09,m2,,,기본 공급자가 없거나 그 공정의 기준 흐름을 읽지 못했다.
515c5359-a186-3394-b849-8676652228db,Forest residue; processed and loaded; at landing system,f05cca02-ec18-4acc-9939-59658ff9a554,"Transformation, from arable",PRODUCT_FLOW,-8.8312785e-07,m2,,,기본 공급자가 없거나 그 공정의 기준 흐름을 읽지 못했다.
515c5359-a186-3394-b849-8676652228db,Forest residue; processed and loaded; at landing system,856e86c8-764f-3c63-b59b-256ce7ece182,"Transformation, to forest, intensive, short-cycle",PRODUCT_FLOW,-2.1405338e-06,m2,,,기본 공급자가 없거나 그 공정의 기준 흐름을 읽지 못했다.
515c5359-a186-3394-b849-8676652228db,Forest residue; processed and loaded; at landing system,a7ae6413-6ad4-3024-acdd-b2975738bd4d,"Transformation, to dump site, slag compartment",PRODUCT_FLOW,-4.4923182e-08,m2,,,기본 공급자가 없거나 그 공정의 기준 흐름을 읽지 못했다.
515c5359-a186-3394-b849-8676652228db,Forest residue; processed and loaded; at landing system,54b82481-32a3-4e82-bac7-1df475dbc80c,"Transformation, to arable, non-irrigated, fallow",PRODUCT_FLOW,-3.0849871e-07,m2,,,기본 공급자가 없거나 그 공정의 기준 흐름을 읽지 못했다.
515c5359-a186-3394-b849-8676652228db,Forest residue; processed and loaded; at landing system,b44dd5be-1bac-3696-9bb3-0dd49fe301f6,"Transformation, to urban, discontinuously built",PRODUCT_FLOW,-9.8485305e-09,m2,,,기본 공급자가 없거나 그 공정의 기준 흐름을 읽지 못했다.
515c5359-a186-3394-b849-8676652228db,Forest residue; processed and loaded; at landing system,64d99cb5-3b4f-4195-b86f-c5f45b4dcd19,"Transformation, from mineral extraction site",PRODUCT_FLOW,-7.2547313e-05,m2,,,기본 공급자가 없거나 그 공정의 기준 흐름을 읽지 못했다.
515c5359-a186-3394-b849-8676652228db,Forest residue; processed and loaded; at landing system,4624deff-2016-41d4-b2bf-3db8dab88779,"Transformation, to industrial area, built up",PRODUCT_FLOW,-1.5905222e-05,m2,,,기본 공급자가 없거나 그 공정의 기준 흐름을 읽지 못했다.
515c5359-a186-3394-b849-8676652228db,Forest residue; processed and loaded; at landing system,4b420f19-0421-461e-a0b6-7efbf580089b,"Transformation, from arable, non-irrigated",PRODUCT_FLOW,-0.00061591423,m2,,,기본 공급자가 없거나 그 공정의 기준 흐름을 읽지 못했다.
515c5359-a186-3394-b849-8676652228db,Forest residue; processed and loaded; at landing system,8bd9eac4-8316-3f8e-a72d-90197e54204a,"Transformation, to arable, non-irrigated",PRODUCT_FLOW,-0.0006164134,m2,,,기본 공급자가 없거나 그 공정의 기준 흐름을 읽지 못했다.
515c5359-a186-3394-b849-8676652228db,Forest residue; processed and loaded; at landing system,90a5a447-af6f-421a-8201-011f07ad1150,"Transformation, to dump site",PRODUCT_FLOW,-1.2740205e-05,m2,,,기본 공급자가 없거나 그 공정의 기준 흐름을 읽지 못했다.
515c5359-a186-3394-b849-8676652228db,Forest residue; processed and loaded; at landing system,928ba839-d6e5-4d1e-b5fd-122998a9bbe2,"Transformation, from sea and ocean",PRODUCT_FLOW,-0.00091286558,m2,,,기본 공급자가 없거나 그 공정의 기준 흐름을 읽지 못했다.
515c5359-a186-3394-b849-8676652228db,Forest residue; processed and loaded; at landing system,e094f356-40c3-3c4b-a487-4f9934331f4c,"Transformation, to water courses, artificial",PRODUCT_FLOW,-1.3881106e-05,m2,,,기본 공급자가 없거나 그 공정의 기준 흐름을 읽지 못했다.
515c5359-a186-3394-b849-8676652228db,Forest residue; processed and loaded; at landing system,34373106-840d-3e3b-8fa4-9d51348e8b7b,"Transformation, from dump site, residual material landfill",PRODUCT_FLOW,-2.3803024e-06,m2,,,기본 공급자가 없거나 그 공정의 기준 흐름을 읽지 못했다.
515c5359-a186-3394-b849-8676652228db,Forest residue; processed and loaded; at landing system,5daf29c5-8832-357d-b27a-4d068394562e,"Transformation, to forest, intensive",PRODUCT_FLOW,-5.4884188e-06,m2,,,기본 공급자가 없거나 그 공정의 기준 흐름을 읽지 못했다.
515c5359-a186-3394-b849-8676652228db,Forest residue; processed and loaded; at landing system,26f468f3-c163-3da4-8caf-812645b2b33b,"Transformation, to dump site, inert material landfill",PRODUCT_FLOW,-1.2045435e-05,m2,,,기본 공급자가 없거나 그 공정의 기준 흐름을 읽지 못했다.
515c5359-a186-3394-b849-8676652228db,Forest residue; processed and loaded; at landing system,0abf9db7-b5a2-4c18-8ec6-aca3a7fb5579,"Transformation, to traffic area, rail network",PRODUCT_FLOW,-4.8191193e-07,m2,,,기본 공급자가 없거나 그 공정의 기준 흐름을 읽지 못했다.
515c5359-a186-3394-b849-8676652228db,Forest residue; processed and loaded; at landing system,aeb069d0-80b3-3256-a566-bed567886744,"Transformation, to arable",PRODUCT_FLOW,-7.5986728e-06,m2,,,기본 공급자가 없거나 그 공정의 기준 흐름을 읽지 못했다.
515c5359-a186-3394-b849-8676652228db,Forest residue; processed and loaded; at landing system,9052ad49-8cc6-31ac-a5f6-a92077ce1ca9,"Transformation, from forest, intensive, clear-cutting",PRODUCT_FLOW,-2.1405338e-06,m2,,,기본 공급자가 없거나 그 공정의 기준 흐름을 읽지 못했다.
515c5359-a186-3394-b849-8676652228db,Forest residue; processed and loaded; at landing system,b79e26a0-88db-441f-b79b-508506e81b93,"Transformation, from dump site, sanitary landfill",PRODUCT_FLOW,-6.1441088e-08,m2,,,기본 공급자가 없거나 그 공정의 기준 흐름을 읽지 못했다.
520ecb54-7b55-42ca-97c3-4b8192189356,Ethylene; at plant,74291898-f3b6-4823-92d5-e966bc4d4f9c,Landfill gas; at cracker,PRODUCT_FLOW,-0.00072,m3,,,기본 공급자가 없거나 그 공정의 기준 흐름을 읽지 못했다.
520ecb54-7b55-42ca-97c3-4b8192189356,Ethylene; at plant,8191e38b-421f-4348-a2e0-29303147f2d1,"Recycling, solid waste; to recycling or reuse",WASTE_FLOW,0.0003,kg,,,기본 공급자가 없거나 그 공정의 기준 흐름을 읽지 못했다.
520ecb54-7b55-42ca-97c3-4b8192189356,Ethylene; at plant,bf366291-fb38-4901-9c96-16472193b680,Fuel gas; produced onsite; at cracker,PRODUCT_FLOW,-0.113,m3,,,기본 공급자가 없거나 그 공정의 기준 흐름을 읽지 못했다.
520ecb54-7b55-42ca-97c3-4b8192189356,Ethylene; at plant,ac003090-67b7-4364-b690-807d12019627,"Disposal, hazardous waste; to incineration without energy recovery",WASTE_FLOW,0.0014,kg,,,기본 공급자가 없거나 그 공정의 기준 흐름을 읽지 못했다.
520ecb54-7b55-42ca-97c3-4b8192189356,Ethylene; at plant,c3a414cf-44c3-409b-8481-7c0fafdb225c,"Disposal, solid waste; to incineration without energy recovery",WASTE_FLOW,0.006,kg,,,기본 공급자가 없거나 그 공정의 기준 흐름을 읽지 못했다.
520ecb54-7b55-42ca-97c3-4b8192189356,Ethylene; at plant,42929598-5cd9-4fac-a79d-fd0ab85a4176,"Disposal, hazardous waste; to unspecified hazardous waste landfill",WASTE_FLOW,3.1e-06,kg,,,기본 공급자가 없거나 그 공정의 기준 흐름을 읽지 못했다.
53804132-4bd6-3b18-bfbd-14ac762431ef,Diesel; combusted in industrial boiler,f3e91c19-c838-3aed-a668-c861bf957f46,"Diesel combustion; boilers, industrial, 10-100 million Btu/hr, uncontrolled",PRODUCT_FLOW,-0.00025,m3,88094e05-01bc-3917-a7e5-24407273f8b3,"Diesel combustion; boilers, industrial, 10-100 million Btu/hr, uncontrolled; at boiler",기본 공급자가 없거나 그 공정의 기준 흐름을 읽지 못했다.
53804132-4bd6-3b18-bfbd-14ac762431ef,Diesel; combusted in industrial boiler,10402ced-2927-3cc1-9c96-8361d337c06c,"Diesel combustion; boilers, industrial, <10 million Btu/hr, uncontrolled",PRODUCT_FLOW,-1e-05,m3,8f590de6-d5e2-3357-af3b-70877655b36d,"Diesel combustion; boilers, industrial, <10 million Btu/hr, uncontrolled; at boiler",기본 공급자가 없거나 그 공정의 기준 흐름을 읽지 못했다.
53804132-4bd6-3b18-bfbd-14ac762431ef,Diesel; combusted in industrial boiler,59771d30-3d9a-388e-a714-2ec015689323,"Diesel combustion; boilers, industrial, >100 million Btu/hr, low NOx burners",PRODUCT_FLOW,-0.00074,m3,ddaf316e-e5c7-342c-ab49-e547f8244993,"Diesel combustion; boilers, industrial, >100 million Btu/hr, low NOx burners; at boiler",기본 공급자가 없거나 그 공정의 기준 흐름을 읽지 못했다.
53bb995e-2b64-4464-87f4-a3b79dcd1c32,"Ethylene dichloride-vinyl chloride monomer, EDC-VCM; at plant",4faba199-4e52-418f-988b-0cc3b08aae65,"Disposal, non-hazardous waste; to incineration",WASTE_FLOW,0.000526491,kg,,,기본 공급자가 없거나 그 공정의 기준 흐름을 읽지 못했다.
54ae7721-2a23-3aa3-a917-4687581a5015,"Electricity - MIXED - Southern Company Services, Inc. - Trans",21cf0466-d28e-3708-b6dc-619013141c26,SODIUM AZIDE,WASTE_FLOW,3.51954648759614e-08,kg,,,기본 공급자가 없거나 그 공정의 기준 흐름을 읽지 못했다.
54ae7721-2a23-3aa3-a917-4687581a5015,"Electricity - MIXED - Southern Company Services, Inc. - Trans",b6710fd3-910b-3169-9046-a56e39651c77,TETRACHLOROETHYLENE,WASTE_FLOW,2.097649706607299e-05,kg,,,기본 공급자가 없거나 그 공정의 기준 흐름을 읽지 못했다.
54ae7721-2a23-3aa3-a917-4687581a5015,"Electricity - MIXED - Southern Company Services, Inc. - Trans",2bd7a4df-f129-36b1-b6fa-7d547f2f8273,SODIUM CYANIDE (OR) SODIUM CYANIDE NA(CN),WASTE_FLOW,8.79886621899035e-09,kg,,,기본 공급자가 없거나 그 공정의 기준 흐름을 읽지 못했다.
54ae7721-2a23-3aa3-a917-4687581a5015,"Electricity - MIXED - Southern Company Services, Inc. - Trans",f5bb2272-b96d-30c8-bbd2-97ac661eb879,"THE FOLLOWING SPENT NONHALOGENATED SOLVENTS: XYLENE, ACETONE, ETHYL ACETATE, ETHYL BENZENE, ETHYL ETHER, METHYL ISOBUTYL KETONE, N-BUTYL ALCOHOL, CYCLOHEXANONE, AND METHANOL; ALL SPENT SOLVENT MIXTURES/BLENDS CONTAINING, BEFORE USE, ONLY THE ABOVE SPENT N",WASTE_FLOW,1.407818595038456e-05,kg,,,기본 공급자가 없거나 그 공정의 기준 흐름을 읽지 못했다.
54ae7721-2a23-3aa3-a917-4687581a5015,"Electricity - MIXED - Southern Company Services, Inc. - Trans",14d67c68-0a06-328b-9347-1aaa9bc5f53a,"Water, reclaimed",PRODUCT_FLOW,-219.65372277928444,kg,,,기본 공급자가 없거나 그 공정의 기준 흐름을 읽지 못했다.
54ae7721-2a23-3aa3-a917-4687581a5015,"Electricity - MIXED - Southern Company Services, Inc. - Trans",18c6b770-4063-37d6-930c-64bf5a274910,IGNITABLE WASTE,WASTE_FLOW,2.6396598656971046e-06,kg,,,기본 공급자가 없거나 그 공정의 기준 흐름을 읽지 못했다.
54ae7721-2a23-3aa3-a917-4687581a5015,"Electricity - MIXED - Southern Company Services, Inc. - Trans",e382de33-5d82-3ead-a045-f676eebd7667,OTH INORGANIC SOLIDS,WASTE_FLOW,6.247195015483147e-05,kg,,,기본 공급자가 없거나 그 공정의 기준 흐름을 읽지 못했다.
54ae7721-2a23-3aa3-a917-4687581a5015,"Electricity - MIXED - Southern Company Services, Inc. - Trans",cd7a2acd-6b88-37cb-b0f4-938ab7ddb780,"PAINT, INK, ETC.",WASTE_FLOW,0.0002606928083362461,kg,,,기본 공급자가 없거나 그 공정의 기준 흐름을 읽지 못했다.
54ae7721-2a23-3aa3-a917-4687581a5015,"Electricity - MIXED - Southern Company Services, Inc. - Trans",2c0313f3-cd99-363f-9f3c-f34d8a1d0208,LEAD,WASTE_FLOW,5.349710661146132e-06,kg,,,기본 공급자가 없거나 그 공정의 기준 흐름을 읽지 못했다.
54ae7721-2a23-3aa3-a917-4687581a5015,"Electricity - MIXED - Southern Company Services, Inc. - Trans",d5d165f8-aad3-3b82-a849-1d158c5d031d,CORROSIVE WASTE,WASTE_FLOW,0.0023973742854909866,kg,,,기본 공급자가 없거나 그 공정의 기준 흐름을 읽지 못했다.
54ae7721-2a23-3aa3-a917-4687581a5015,"Electricity - MIXED - Southern Company Services, Inc. - Trans",a889649a-281a-3444-90ba-7fbe9296b0be,LAB PACK,WASTE_FLOW,1.1473721549563417e-05,kg,,,기본 공급자가 없거나 그 공정의 기준 흐름을 읽지 못했다.
54ae7721-2a23-3aa3-a917-4687581a5015,"Electricity - MIXED - Southern Company Services, Inc. - Trans",029f9542-bd37-30e2-96e5-6a556776cb0c,REACTIVE ORG. LIQUID,WASTE_FLOW,4.575410433874982e-06,kg,,,기본 공급자가 없거나 그 공정의 기준 흐름을 읽지 못했다.
54ae7721-2a23-3aa3-a917-4687581a5015,"Electricity - MIXED - Southern Company Services, Inc. - Trans",3943bd3e-5354-3f3b-9d2a-ad12d1250b14,MERCURY,WASTE_FLOW,5.27931973139421e-07,kg,,,기본 공급자가 없거나 그 공정의 기준 흐름을 읽지 못했다.
54ae7721-2a23-3aa3-a917-4687581a5015,"Electricity - MIXED - Southern Company Services, Inc. - Trans",50a90a6b-bb89-32e4-bc27-7725250477bc,OTH ORGANIC LIQUID,WASTE_FLOW,5.27931973139421e-07,kg,,,기본 공급자가 없거나 그 공정의 기준 흐름을 읽지 못했다.
55a0025a-c41a-3de6-9afa-20e1f138ad6c,Electricity - GAS - Portland General Electric Company,3943bd3e-5354-3f3b-9d2a-ad12d1250b14,MERCURY,WASTE_FLOW,2.139612891478858e-06,kg,,,기본 공급자가 없거나 그 공정의 기준 흐름을 읽지 못했다.
55a0025a-c41a-3de6-9afa-20e1f138ad6c,Electricity - GAS - Portland General Electric Company,66e610e1-1733-390a-82e0-d801990b71ba,LAB PACKS/NO ACUTE,WASTE_FLOW,2.139612891478858e-07,kg,,,기본 공급자가 없거나 그 공정의 기준 흐름을 읽지 못했다.
55a0025a-c41a-3de6-9afa-20e1f138ad6c,Electricity - GAS - Portland General Electric Company,d5d165f8-aad3-3b82-a849-1d158c5d031d,CORROSIVE WASTE,WASTE_FLOW,0.0008825903177350289,kg,,,기본 공급자가 없거나 그 공정의 기준 흐름을 읽지 못했다.
55a0025a-c41a-3de6-9afa-20e1f138ad6c,Electricity - GAS - Portland General Electric Company,cd7a2acd-6b88-37cb-b0f4-938ab7ddb780,"PAINT, INK, ETC.",WASTE_FLOW,2.139612891478858e-05,kg,,,기본 공급자가 없거나 그 공정의 기준 흐름을 읽지 못했다.
55d8bf4f-025a-3927-bb96-235d37ba79fc,Lime application for corn production; at field,81040c58-d108-3d5e-8b1a-06c2126da24a,Fertilising; by broadcaster,PRODUCT_FLOW,-10000.0,m2,,,기본 공급자가 없거나 그 공정의 기준 흐름을 읽지 못했다.
571456c8-e003-48d6-aa50-4658da208d7a,"Wood combusted; at boiler, at softwood lumber mill",27eb16da-5cbe-393a-a616-1022c15a8d72,Hexane; at plant,PRODUCT_FLOW,-6.707e-07,kg,,,기본 공급자가 없거나 그 공정의 기준 흐름을 읽지 못했다.
571456c8-e003-48d6-aa50-4658da208d7a,"Wood combusted; at boiler, at softwood lumber mill",7224edad-d8e7-48db-9fa7-0e49bbca75b6,"Disposal, solid waste; to unspecified landfill",WASTE_FLOW,7.26421e-06,kg,,,기본 공급자가 없거나 그 공정의 기준 흐름을 읽지 못했다.
571456c8-e003-48d6-aa50-4658da208d7a,"Wood combusted; at boiler, at softwood lumber mill",3d19e1b9-94ff-4a62-9a91-fb356ec5886c,"Dry coproducts, softwood; fuel; at planer",PRODUCT_FLOW,-0.0654,kg,bc33e50d-116a-40b7-b628-fc061e1b3f44,"Sawn lumber, softwood; planed, kiln-dried, packaged; at planer",차원이 다르다: kg(mass) -> m3(volume)
571456c8-e003-48d6-aa50-4658da208d7a,"Wood combusted; at boiler, at softwood lumber mill",857b6119-e3cf-4403-9541-c3c64f5620ef,"Green coproducts, softwood; fuel; at sawmill",PRODUCT_FLOW,-0.935,kg,8614ca58-dd7d-4102-9fd5-ea6852fb5a2c,"Sawn lumber, softwood; rough, green; at sawmill",차원이 다르다: kg(mass) -> m3(volume)
571456c8-e003-48d6-aa50-4658da208d7a,"Wood combusted; at boiler, at softwood lumber mill",7b3ba311-7a8a-32a3-be49-0dcab73542b8,Wood ash; at boiler; at mill,PRODUCT_FLOW,0.019097,kg,,,기본 공급자가 없거나 그 공정의 기준 흐름을 읽지 못했다.
571456c8-e003-48d6-aa50-4658da208d7a,"Wood combusted; at boiler, at softwood lumber mill",628c07ec-0802-39c1-ab88-1c62848ef436,Transport; combination truck; diesel powered,PRODUCT_FLOW,-0.00528,t*km,,,기본 공급자가 없거나 그 공정의 기준 흐름을 읽지 못했다.
571456c8-e003-48d6-aa50-4658da208d7a,"Wood combusted; at boiler, at softwood lumber mill",27eb16da-5cbe-393a-a616-1022c15a8d72,Hexane; at plant,PRODUCT_FLOW,-4.617e-08,kg,,,기본 공급자가 없거나 그 공정의 기준 흐름을 읽지 못했다.
571456c8-e003-48d6-aa50-4658da208d7a,"Wood combusted; at boiler, at softwood lumber mill",fb62f38b-09c1-42c0-aaa1-53a1c7b53200,"Disposal, nuclear waste; low and medium active",WASTE_FLOW,3.96e-08,kg,,,기본 공급자가 없거나 그 공정의 기준 흐름을 읽지 못했다.
571456c8-e003-48d6-aa50-4658da208d7a,"Wood combusted; at boiler, at softwood lumber mill",08f2b558-7aa9-4bfd-aa38-67f8b619095f,"Disposal, mineral waste; underground deposit",WASTE_FLOW,0.007586181,kg,,,기본 공급자가 없거나 그 공정의 기준 흐름을 읽지 못했다.
5a782377-d196-304c-baec-fea559a4dfe2,"Enzyme; glucoamylase, novozyme spirizyme",2c126bcc-bb63-4d63-bd72-f02a1e616809,"Transformation, from pasture and meadow",PRODUCT_FLOW,-1.0,m2,,,기본 공급자가 없거나 그 공정의 기준 흐름을 읽지 못했다.
5a782377-d196-304c-baec-fea559a4dfe2,"Enzyme; glucoamylase, novozyme spirizyme",0e6a0c9e-ced9-3e7e-8fbf-a8cf18791884,"Transformation, to industrial area",PRODUCT_FLOW,-1.0,m2,,,기본 공급자가 없거나 그 공정의 기준 흐름을 읽지 못했다.
5ad4d191-c3b5-47ba-8ed6-1e446cd6e547,Wastewater treatment; conventional plug flow activated sludge; level 1; at plant,1475f6cd-7fae-31d2-ab63-3b93b84c5b08,Metal product manufacturing; average metal working,PRODUCT_FLOW,-3.231561305698741e-05,kg,,,기본 공급자가 없거나 그 공정의 기준 흐름을 읽지 못했다.
5dd973e3-0fc2-38d8-a25b-51b82ee2c2de,Wood fuel; unspecified,25d73e00-0b36-4a76-b168-087f1ab49c03,"Disposal, solid waste; to unspecified treatment",WASTE_FLOW,0.003,kg,,,기본 공급자가 없거나 그 공정의 기준 흐름을 읽지 못했다.
5ff1bab0-ccc2-3360-bd66-fb32cafdf886,"coal extraction and processing - Rocky Mountain, BIT, Processing",2db44184-7fa2-300c-b4ab-7fa9227bc0ed,zinc,PRODUCT_FLOW,-1.3755938014459287e-10,kg,,,기본 공급자가 없거나 그 공정의 기준 흐름을 읽지 못했다.
5ff1bab0-ccc2-3360-bd66-fb32cafdf886,"coal extraction and processing - Rocky Mountain, BIT, Processing",7e540229-9844-4be6-b0e8-af5d8d70c11a,Ammonium nitrate,PRODUCT_FLOW,-1.3342071475291992,kg,,,기본 공급자가 없거나 그 공정의 기준 흐름을 읽지 못했다.
5ff1bab0-ccc2-3360-bd66-fb32cafdf886,"coal extraction and processing - Rocky Mountain, BIT, Processing",66b3cd21-7664-3778-86d6-52f45f1af823,copper,PRODUCT_FLOW,-1.7241420788065418e-10,kg,,,기본 공급자가 없거나 그 공정의 기준 흐름을 읽지 못했다.
5ff1bab0-ccc2-3360-bd66-fb32cafdf886,"coal extraction and processing - Rocky Mountain, BIT, Processing",aab4c1d4-d871-40b1-8188-35999f9b751a,"Waste, solid",WASTE_FLOW,0.0008820300738241872,kg,,,기본 공급자가 없거나 그 공정의 기준 흐름을 읽지 못했다.
5ff1bab0-ccc2-3360-bd66-fb32cafdf886,"coal extraction and processing - Rocky Mountain, BIT, Processing",e6653400-5caf-43f6-b1f2-89b4c01ca58d,petroleum coke,PRODUCT_FLOW,-0.00010596010101334968,kg,,,기본 공급자가 없거나 그 공정의 기준 흐름을 읽지 못했다.
5ff1bab0-ccc2-3360-bd66-fb32cafdf886,"coal extraction and processing - Rocky Mountain, BIT, Processing",14d67c68-0a06-328b-9347-1aaa9bc5f53a,"Water, reclaimed",PRODUCT_FLOW,-90.38048397441678,kg,,,기본 공급자가 없거나 그 공정의 기준 흐름을 읽지 못했다.
5ff1bab0-ccc2-3360-bd66-fb32cafdf886,"coal extraction and processing - Rocky Mountain, BIT, Processing",2b325037-62f4-4658-ab68-2aaf30da8ae6,liquefied petroleum gas,PRODUCT_FLOW,-3.605911975079021e-08,kg,,,기본 공급자가 없거나 그 공정의 기준 흐름을 읽지 못했다.
5ff1bab0-ccc2-3360-bd66-fb32cafdf886,"coal extraction and processing - Rocky Mountain, BIT, Processing",8a5b6ae2-63d7-4e5a-950e-7d1d8b0bea80,"natural gas, delivered",PRODUCT_FLOW,-7.834611283353987e-05,kg,,,기본 공급자가 없거나 그 공정의 기준 흐름을 읽지 못했다.
5ff1bab0-ccc2-3360-bd66-fb32cafdf886,"coal extraction and processing - Rocky Mountain, BIT, Processing",9f723736-35c3-4218-8dbe-a1331f56be46,Light fuel oil,PRODUCT_FLOW,-0.0010257610709106216,kg,,,기본 공급자가 없거나 그 공정의 기준 흐름을 읽지 못했다.
5ff1bab0-ccc2-3360-bd66-fb32cafdf886,"coal extraction and processing - Rocky Mountain, BIT, Processing",2b69310a-e90f-3417-8b35-d23d5eeac99f,asphalt,PRODUCT_FLOW,-0.5475694272855038,kg,,,기본 공급자가 없거나 그 공정의 기준 흐름을 읽지 못했다.
5ff1bab0-ccc2-3360-bd66-fb32cafdf886,"coal extraction and processing - Rocky Mountain, BIT, Processing",8fe56530-fbb6-3f64-a436-c460029321b4,"rubber, styrene-butadiene",PRODUCT_FLOW,-0.00020973532399624678,kg,,,기본 공급자가 없거나 그 공정의 기준 흐름을 읽지 못했다.
5ff1bab0-ccc2-3360-bd66-fb32cafdf886,"coal extraction and processing - Rocky Mountain, BIT, Processing",66c312ea-5071-3a57-9940-25a403d38dea,cast iron,PRODUCT_FLOW,-7.1896236668633235e-09,kg,,,기본 공급자가 없거나 그 공정의 기준 흐름을 읽지 못했다.
5ff1bab0-ccc2-3360-bd66-fb32cafdf886,"coal extraction and processing - Rocky Mountain, BIT, Processing",25804c89-c3cd-34f7-b5e6-4160fc17a7dc,polyvinyl chloride (PVC),PRODUCT_FLOW,-2.7534590536796797e-09,kg,,,기본 공급자가 없거나 그 공정의 기준 흐름을 읽지 못했다.
5ff1bab0-ccc2-3360-bd66-fb32cafdf886,"coal extraction and processing - Rocky Mountain, BIT, Processing",6aec53b7-c1e1-4f37-9997-bad469fa567b,residual oil,PRODUCT_FLOW,-1.7257132186256928e-06,kg,,,기본 공급자가 없거나 그 공정의 기준 흐름을 읽지 못했다.
61b90600-9d0a-33bf-92a7-d2573e248722,Electricity - SOLARTHERMAL - California Independent System Operator,1b0ee7da-153d-34a5-86b3-723efa6e177b,CHROMIUM,WASTE_FLOW,0.0007303233722591137,kg,,,기본 공급자가 없거나 그 공정의 기준 흐름을 읽지 못했다.
61b90600-9d0a-33bf-92a7-d2573e248722,Electricity - SOLARTHERMAL - California Independent System Operator,18c6b770-4063-37d6-930c-64bf5a274910,IGNITABLE WASTE,WASTE_FLOW,0.0007477120239795688,kg,,,기본 공급자가 없거나 그 공정의 기준 흐름을 읽지 못했다.
61b90600-9d0a-33bf-92a7-d2573e248722,Electricity - SOLARTHERMAL - California Independent System Operator,2c0313f3-cd99-363f-9f3c-f34d8a1d0208,LEAD,WASTE_FLOW,0.24358718876082303,kg,,,기본 공급자가 없거나 그 공정의 기준 흐름을 읽지 못했다.
62993671-574c-3fc5-b66a-6be3bb21ad3d,Portland cement; at plant,362766f2-92c0-4ef4-a11f-86257a266609,"Disposal, cement kiln dust; in residual material landfill",WASTE_FLOW,0.0373,kg,,,기본 공급자가 없거나 그 공정의 기준 흐름을 읽지 못했다.
62993671-574c-3fc5-b66a-6be3bb21ad3d,Portland cement; at plant,2a933594-27c4-388e-aac7-e4a6401578a6,Foundry sand; at mine,PRODUCT_FLOW,-0.00382,kg,,,기본 공급자가 없거나 그 공정의 기준 흐름을 읽지 못했다.
62993671-574c-3fc5-b66a-6be3bb21ad3d,Portland cement; at plant,22f3302c-fc6f-3f5b-9880-580498a20cfa,Grinding media; at plant,PRODUCT_FLOW,-0.00014,kg,,,기본 공급자가 없거나 그 공정의 기준 흐름을 읽지 못했다.
62993671-574c-3fc5-b66a-6be3bb21ad3d,Portland cement; at plant,bf82ee43-e344-38b0-aaee-135d817e1624,Cement bags; at plant,PRODUCT_FLOW,-0.00068,kg,,,기본 공급자가 없거나 그 공정의 기준 흐름을 읽지 못했다.
62993671-574c-3fc5-b66a-6be3bb21ad3d,Portland cement; at plant,924da6d4-2818-4a68-b20f-894d6e263d19,"Waste, miscellaneous; combusted in industrial boiler",WASTE_FLOW,0.00148,kg,,,기본 공급자가 없거나 그 공정의 기준 흐름을 읽지 못했다.
62993671-574c-3fc5-b66a-6be3bb21ad3d,Portland cement; at plant,6ad39736-422a-486c-b12c-0ae88d3ad013,"Waste, tire derived; combusted in industrial boiler",WASTE_FLOW,0.00337,kg,,,기본 공급자가 없거나 그 공정의 기준 흐름을 읽지 못했다.
62993671-574c-3fc5-b66a-6be3bb21ad3d,Portland cement; at plant,897a3e0c-8216-4b7f-a9f1-5247e2796efc,"Waste, other solid; combusted in industrial boiler",WASTE_FLOW,0.000934,kg,,,기본 공급자가 없거나 그 공정의 기준 흐름을 읽지 못했다.
62993671-574c-3fc5-b66a-6be3bb21ad3d,Portland cement; at plant,d0abd58d-6344-3c1d-86eb-7fe98ca69a4a,Explosives; at plant,PRODUCT_FLOW,-0.000295,kg,,,기본 공급자가 없거나 그 공정의 기준 흐름을 읽지 못했다.
62993671-574c-3fc5-b66a-6be3bb21ad3d,Portland cement; at plant,89095462-b368-33cc-9d23-fe9d0d69201c,Grinding aids; at plant,PRODUCT_FLOW,-0.00036,kg,,,기본 공급자가 없거나 그 공정의 기준 흐름을 읽지 못했다.
62993671-574c-3fc5-b66a-6be3bb21ad3d,Portland cement; at plant,03f7870f-062a-3dd1-b3ec-1566c69918b8,Fly ash; unspecified origin,PRODUCT_FLOW,-0.0135,kg,,,기본 공급자가 없거나 그 공정의 기준 흐름을 읽지 못했다.
62993671-574c-3fc5-b66a-6be3bb21ad3d,Portland cement; at plant,dae8a18a-3a1d-46a4-90bd-d5e7fcc83ca0,"Waste, solvents; combusted in industrial boiler",WASTE_FLOW,0.00881,kg,,,기본 공급자가 없거나 그 공정의 기준 흐름을 읽지 못했다.
62993671-574c-3fc5-b66a-6be3bb21ad3d,Portland cement; at plant,ef4c9027-8b70-3574-9c1a-2bcbef04e79b,Bottom ash; unspecified origin,PRODUCT_FLOW,-0.0101,kg,,,기본 공급자가 없거나 그 공정의 기준 흐름을 읽지 못했다.
62993671-574c-3fc5-b66a-6be3bb21ad3d,Portland cement; at plant,93c9a0ce-c8d8-37a3-a81d-860f37198ae8,Recycled cement kiln dust,PRODUCT_FLOW,-0.00965,kg,,,기본 공급자가 없거나 그 공정의 기준 흐름을 읽지 못했다.
62993671-574c-3fc5-b66a-6be3bb21ad3d,Portland cement; at plant,9ab9dc1f-c24b-34c1-8532-498c278451ee,Slag; at blast furnace,PRODUCT_FLOW,-0.0198,kg,,,기본 공급자가 없거나 그 공정의 기준 흐름을 읽지 못했다.
62993671-574c-3fc5-b66a-6be3bb21ad3d,Portland cement; at plant,13d77da3-d8ff-3842-a905-fe55e0f22d30,Filter bags; at plant,PRODUCT_FLOW,-1.92e-05,kg,,,기본 공급자가 없거나 그 공정의 기준 흐름을 읽지 못했다.
62993671-574c-3fc5-b66a-6be3bb21ad3d,Portland cement; at plant,19da3075-55aa-4875-8e3e-0fa38df9aa8d,"Waste, oil; combusted in industrial boiler",WASTE_FLOW,4.87e-07,m3,,,기본 공급자가 없거나 그 공정의 기준 흐름을 읽지 못했다.
62993671-574c-3fc5-b66a-6be3bb21ad3d,Portland cement; at plant,7dbbc8ce-f278-3771-92b2-084f2f5ce82b,Petroleum coke; combusted in industrial boiler,PRODUCT_FLOW,-0.0223,kg,,,기본 공급자가 없거나 그 공정의 기준 흐름을 읽지 못했다.
62993671-574c-3fc5-b66a-6be3bb21ad3d,Portland cement; at plant,1df283c4-4624-3757-9f4e-aaba69ead26f,Chains; at plant,PRODUCT_FLOW,-2.01e-05,kg,,,기본 공급자가 없거나 그 공정의 기준 흐름을 읽지 못했다.
630010e9-27e1-3ea8-9845-b87832b536f4,"Harvest; corn, single pass",c996b71a-7c35-3f2b-9c91-050653e2da43,Combine harvesting,PRODUCT_FLOW,-1.38,m2,,,기본 공급자가 없거나 그 공정의 기준 흐름을 읽지 못했다.
6373ec73-ca57-47bd-8284-2f3cc25b8637,Copper; at storage Bridge; USLCI to USEEIO,f27b71ac-d4aa-3fae-9544-203037df3a67,"Copper, gold and silver concentrates",PRODUCT_FLOW,-9.13,USD,,,기본 공급자가 없거나 그 공정의 기준 흐름을 읽지 못했다.
64c379de-b24a-36d0-9170-d61d9d9d7278,Ethanol; 85%; at blending terminal,77b15cd4-4d36-3f26-8c86-fc10c1e8c6f5,Liquid storage tank; chemicals; organics,PRODUCT_FLOW,-8.5e-11,Item(s),,,기본 공급자가 없거나 그 공정의 기준 흐름을 읽지 못했다.
64c379de-b24a-36d0-9170-d61d9d9d7278,Ethanol; 85%; at blending terminal,68c4b3e8-492b-3327-b39f-53005c9f235a,"Energy; output, from gasoline",PRODUCT_FLOW,-8.26,MJ,,,기본 공급자가 없거나 그 공정의 기준 흐름을 읽지 못했다.
6663366b-e85d-3913-8330-e0a00b503a53,"Electricity - NUCLEAR - Dominion Energy South Carolina, Inc.",79d7ff97-744b-3343-9b2e-26cd2758424c,CONT. DEBRIS,WASTE_FLOW,4.0737986229908584e-05,kg,,,기본 공급자가 없거나 그 공정의 기준 흐름을 읽지 못했다.
6663366b-e85d-3913-8330-e0a00b503a53,"Electricity - NUCLEAR - Dominion Energy South Carolina, Inc.",e2c670e5-7d2b-35f9-a30e-caddbaa8e497,WASTE OIL,WASTE_FLOW,1.8407534518699432e-05,kg,,,기본 공급자가 없거나 그 공정의 기준 흐름을 읽지 못했다.
6663366b-e85d-3913-8330-e0a00b503a53,"Electricity - NUCLEAR - Dominion Energy South Carolina, Inc.",d5d165f8-aad3-3b82-a849-1d158c5d031d,CORROSIVE WASTE,WASTE_FLOW,3.965163993044435e-05,kg,,,기본 공급자가 없거나 그 공정의 기준 흐름을 읽지 못했다.
6663366b-e85d-3913-8330-e0a00b503a53,"Electricity - NUCLEAR - Dominion Energy South Carolina, Inc.",f7ea6d18-d226-339f-a4be-4fc98bcc3fb6,"THE FOLLOWING SPENT HALOGENATED SOLVENTS: TETRACHLOROETHYLENE, METHYLENE CHLORIDE, TRICHLOROETHYLENE, 1,1,1-TRICHLOROETHANE, CHLOROBENZENE, 1,1,2-TRICHLORO-1,2,2-TRIFLUOROETHANE, ORTHO-DICHLOROBENZENE, TRICHLOROFLUOROMETHANE, AND 1,1,2, TRICHLOROETHANE; A",WASTE_FLOW,1.3096508165763205e-05,kg,,,기본 공급자가 없거나 그 공정의 기준 흐름을 읽지 못했다.
6663366b-e85d-3913-8330-e0a00b503a53,"Electricity - NUCLEAR - Dominion Energy South Carolina, Inc.",2c0313f3-cd99-363f-9f3c-f34d8a1d0208,LEAD,WASTE_FLOW,5.431731497321144e-06,kg,,,기본 공급자가 없거나 그 공정의 기준 흐름을 읽지 못했다.
6663366b-e85d-3913-8330-e0a00b503a53,"Electricity - NUCLEAR - Dominion Energy South Carolina, Inc.",cd7a2acd-6b88-37cb-b0f4-938ab7ddb780,"PAINT, INK, ETC.",WASTE_FLOW,6.699135513362745e-06,kg,,,기본 공급자가 없거나 그 공정의 기준 흐름을 읽지 못했다.
6663366b-e85d-3913-8330-e0a00b503a53,"Electricity - NUCLEAR - Dominion Energy South Carolina, Inc.",18c6b770-4063-37d6-930c-64bf5a274910,IGNITABLE WASTE,WASTE_FLOW,0.00011515270774320826,kg,,,기본 공급자가 없거나 그 공정의 기준 흐름을 읽지 못했다.
6663366b-e85d-3913-8330-e0a00b503a53,"Electricity - NUCLEAR - Dominion Energy South Carolina, Inc.",6a41027e-3557-329e-be45-1ae193bf2740,BARIUM,WASTE_FLOW,7.4837189518646875e-06,kg,,,기본 공급자가 없거나 그 공정의 기준 흐름을 읽지 못했다.
68f4d066-5043-34cc-a944-5041732f8e7a,Corn steep liquor,153cadce-ae16-3fa0-9741-0eb91f1c77eb,Disposal; industrial waste,WASTE_FLOW,5.8042e-07,kg,,,기본 공급자가 없거나 그 공정의 기준 흐름을 읽지 못했다.
68f4d066-5043-34cc-a944-5041732f8e7a,Corn steep liquor,f11972ff-cf21-42c9-85b6-339fffcd1e08,"Disposal, waste; unspecified",WASTE_FLOW,0.00042041,kg,,,기본 공급자가 없거나 그 공정의 기준 흐름을 읽지 못했다.
69c79dda-0edc-4b7e-8a62-ca87e782a628,Corn Starch Bridge; USLCI to USEEIO,c9cddaa3-97b2-3f93-a2f2-8edcdaeb9845,Corn products,PRODUCT_FLOW,-0.288801905,USD,,,기본 공급자가 없거나 그 공정의 기준 흐름을 읽지 못했다.
6a12cba1-889d-4515-90f8-89feb8d662f2,"Low-density polyethylene, LDPE; virgin resin; at plant",8191e38b-421f-4348-a2e0-29303147f2d1,"Recycling, solid waste; to recycling or reuse",WASTE_FLOW,0.0048,kg,,,기본 공급자가 없거나 그 공정의 기준 흐름을 읽지 못했다.
6a12cba1-889d-4515-90f8-89feb8d662f2,"Low-density polyethylene, LDPE; virgin resin; at plant",42929598-5cd9-4fac-a79d-fd0ab85a4176,"Disposal, hazardous waste; to unspecified hazardous waste landfill",WASTE_FLOW,2.1e-05,kg,,,기본 공급자가 없거나 그 공정의 기준 흐름을 읽지 못했다.
6a12cba1-889d-4515-90f8-89feb8d662f2,"Low-density polyethylene, LDPE; virgin resin; at plant",c3a414cf-44c3-409b-8481-7c0fafdb225c,"Disposal, solid waste; to incineration without energy recovery",WASTE_FLOW,0.0014,kg,,,기본 공급자가 없거나 그 공정의 기준 흐름을 읽지 못했다.
6a12cba1-889d-4515-90f8-89feb8d662f2,"Low-density polyethylene, LDPE; virgin resin; at plant",ac003090-67b7-4364-b690-807d12019627,"Disposal, hazardous waste; to incineration without energy recovery",WASTE_FLOW,8.2e-06,kg,,,기본 공급자가 없거나 그 공정의 기준 흐름을 읽지 못했다.
6a12cba1-889d-4515-90f8-89feb8d662f2,"Low-density polyethylene, LDPE; virgin resin; at plant",a98db096-441e-4783-900f-b6693ecde0c9,"Disposal, hazardous waste; to incineration with energy recovery",WASTE_FLOW,0.00095,kg,,,기본 공급자가 없거나 그 공정의 기준 흐름을 읽지 못했다.
6b0d74c7-e880-4b93-aa2f-b777ac183f84,Methanol; at plant,8191e38b-421f-4348-a2e0-29303147f2d1,"Recycling, solid waste; to recycling or reuse",WASTE_FLOW,0.000209,kg,,,기본 공급자가 없거나 그 공정의 기준 흐름을 읽지 못했다.
6b0d74c7-e880-4b93-aa2f-b777ac183f84,Methanol; at plant,42929598-5cd9-4fac-a79d-fd0ab85a4176,"Disposal, hazardous waste; to unspecified hazardous waste landfill",WASTE_FLOW,6.93e-06,kg,,,기본 공급자가 없거나 그 공정의 기준 흐름을 읽지 못했다.
6b0d74c7-e880-4b93-aa2f-b777ac183f84,Methanol; at plant,ba9e55fd-c5a6-41ef-9488-d6a6ee08f510,"Recycling, hazardous waste; to recovery",WASTE_FLOW,8.49e-06,kg,,,기본 공급자가 없거나 그 공정의 기준 흐름을 읽지 못했다.
6baa9816-6151-3af1-b230-d28bebfb5227,Roundwood; hardwood; green; at mill; SE,cbb91e4a-0a0f-3b79-9f6f-d54d716e05ea,Bark; hardwood; green; at mill,PRODUCT_FLOW,21.6,kg,,,기본 공급자가 없거나 그 공정의 기준 흐름을 읽지 못했다.
6ce2af92-11dd-3e96-8f77-4d215ac13b96,"Melamine urea formaldehyde, MF; resin, neat; 60% solids",7224edad-d8e7-48db-9fa7-0e49bbca75b6,"Disposal, solid waste; to unspecified landfill",WASTE_FLOW,5.09e-05,kg,,,기본 공급자가 없거나 그 공정의 기준 흐름을 읽지 못했다.
6ce2af92-11dd-3e96-8f77-4d215ac13b96,"Melamine urea formaldehyde, MF; resin, neat; 60% solids",712f5239-6b2b-34f5-ae19-5b5265bd123c,Ammonium sulfate; at plant,PRODUCT_FLOW,-2.94e-05,kg,,,기본 공급자가 없거나 그 공정의 기준 흐름을 읽지 못했다.
6ce2af92-11dd-3e96-8f77-4d215ac13b96,"Melamine urea formaldehyde, MF; resin, neat; 60% solids",00a48238-2097-3fa1-a352-47c9563953c5,Urea; at regional storehouse,PRODUCT_FLOW,-0.397,kg,,,기본 공급자가 없거나 그 공정의 기준 흐름을 읽지 못했다.
6cee16d2-c0ba-3951-8e70-513f9ad3aa62,"coal extraction and processing - Illinois Basin, BIT, Surface",9f723736-35c3-4218-8dbe-a1331f56be46,Light fuel oil,PRODUCT_FLOW,-0.0002898867537137422,kg,,,기본 공급자가 없거나 그 공정의 기준 흐름을 읽지 못했다.
6cee16d2-c0ba-3951-8e70-513f9ad3aa62,"coal extraction and processing - Illinois Basin, BIT, Surface",aab4c1d4-d871-40b1-8188-35999f9b751a,"Waste, solid",WASTE_FLOW,0.0014835198003763557,kg,,,기본 공급자가 없거나 그 공정의 기준 흐름을 읽지 못했다.
6cee16d2-c0ba-3951-8e70-513f9ad3aa62,"coal extraction and processing - Illinois Basin, BIT, Surface",e6653400-5caf-43f6-b1f2-89b4c01ca58d,petroleum coke,PRODUCT_FLOW,-0.00017819637089015579,kg,,,기본 공급자가 없거나 그 공정의 기준 흐름을 읽지 못했다.
6cee16d2-c0ba-3951-8e70-513f9ad3aa62,"coal extraction and processing - Illinois Basin, BIT, Surface",25804c89-c3cd-34f7-b5e6-4160fc17a7dc,polyvinyl chloride (PVC),PRODUCT_FLOW,-8.908025398487219e-05,kg,,,기본 공급자가 없거나 그 공정의 기준 흐름을 읽지 못했다.
6cee16d2-c0ba-3951-8e70-513f9ad3aa62,"coal extraction and processing - Illinois Basin, BIT, Surface",2db44184-7fa2-300c-b4ab-7fa9227bc0ed,zinc,PRODUCT_FLOW,-4.438885899093014e-06,kg,,,기본 공급자가 없거나 그 공정의 기준 흐름을 읽지 못했다.
6cee16d2-c0ba-3951-8e70-513f9ad3aa62,"coal extraction and processing - Illinois Basin, BIT, Surface",8fe56530-fbb6-3f64-a436-c460029321b4,"rubber, styrene-butadiene",PRODUCT_FLOW,-0.0008771717780215826,kg,,,기본 공급자가 없거나 그 공정의 기준 흐름을 읽지 못했다.
6cee16d2-c0ba-3951-8e70-513f9ad3aa62,"coal extraction and processing - Illinois Basin, BIT, Surface",66c312ea-5071-3a57-9940-25a403d38dea,cast iron,PRODUCT_FLOW,-0.0002319756558727416,kg,,,기본 공급자가 없거나 그 공정의 기준 흐름을 읽지 못했다.
6cee16d2-c0ba-3951-8e70-513f9ad3aa62,"coal extraction and processing - Illinois Basin, BIT, Surface",14d67c68-0a06-328b-9347-1aaa9bc5f53a,"Water, reclaimed",PRODUCT_FLOW,-0.6883725528624729,kg,,,기본 공급자가 없거나 그 공정의 기준 흐름을 읽지 못했다.
6cee16d2-c0ba-3951-8e70-513f9ad3aa62,"coal extraction and processing - Illinois Basin, BIT, Surface",66b3cd21-7664-3778-86d6-52f45f1af823,copper,PRODUCT_FLOW,-5.5622286503475065e-06,kg,,,기본 공급자가 없거나 그 공정의 기준 흐름을 읽지 못했다.
6cee16d2-c0ba-3951-8e70-513f9ad3aa62,"coal extraction and processing - Illinois Basin, BIT, Surface",2b69310a-e90f-3417-8b35-d23d5eeac99f,asphalt,PRODUCT_FLOW,-0.00042886527408229517,kg,,,기본 공급자가 없거나 그 공정의 기준 흐름을 읽지 못했다.
6cee16d2-c0ba-3951-8e70-513f9ad3aa62,"coal extraction and processing - Illinois Basin, BIT, Surface",6aec53b7-c1e1-4f37-9997-bad469fa567b,residual oil,PRODUCT_FLOW,-2.902159252010515e-06,kg,,,기본 공급자가 없거나 그 공정의 기준 흐름을 읽지 못했다.
6cee16d2-c0ba-3951-8e70-513f9ad3aa62,"coal extraction and processing - Illinois Basin, BIT, Surface",8a5b6ae2-63d7-4e5a-950e-7d1d8b0bea80,"natural gas, delivered",PRODUCT_FLOW,-0.000138428555104807,kg,,,기본 공급자가 없거나 그 공정의 기준 흐름을 읽지 못했다.
6cee16d2-c0ba-3951-8e70-513f9ad3aa62,"coal extraction and processing - Illinois Basin, BIT, Surface",7e540229-9844-4be6-b0e8-af5d8d70c11a,Ammonium nitrate,PRODUCT_FLOW,-1.4769544526136822,kg,,,기본 공급자가 없거나 그 공정의 기준 흐름을 읽지 못했다.
6cee16d2-c0ba-3951-8e70-513f9ad3aa62,"coal extraction and processing - Illinois Basin, BIT, Surface",2b325037-62f4-4658-ab68-2aaf30da8ae6,liquefied petroleum gas,PRODUCT_FLOW,-6.064062497583322e-08,kg,,,기본 공급자가 없거나 그 공정의 기준 흐름을 읽지 못했다.
6dbb050e-deb8-3c19-a411-1418c6848a1c,"coal extraction and processing - Central Appalachia, BIT, Underground",2b69310a-e90f-3417-8b35-d23d5eeac99f,asphalt,PRODUCT_FLOW,-0.7279860496103036,kg,,,기본 공급자가 없거나 그 공정의 기준 흐름을 읽지 못했다.
6dbb050e-deb8-3c19-a411-1418c6848a1c,"coal extraction and processing - Central Appalachia, BIT, Underground",14d67c68-0a06-328b-9347-1aaa9bc5f53a,"Water, reclaimed",PRODUCT_FLOW,-0.6946117089831088,kg,,,기본 공급자가 없거나 그 공정의 기준 흐름을 읽지 못했다.
6dbb050e-deb8-3c19-a411-1418c6848a1c,"coal extraction and processing - Central Appalachia, BIT, Underground",25804c89-c3cd-34f7-b5e6-4160fc17a7dc,polyvinyl chloride (PVC),PRODUCT_FLOW,-8.700207754377983e-05,kg,,,기본 공급자가 없거나 그 공정의 기준 흐름을 읽지 못했다.
6dbb050e-deb8-3c19-a411-1418c6848a1c,"coal extraction and processing - Central Appalachia, BIT, Underground",6aec53b7-c1e1-4f37-9997-bad469fa567b,residual oil,PRODUCT_FLOW,-3.258033281465987e-06,kg,,,기본 공급자가 없거나 그 공정의 기준 흐름을 읽지 못했다.
6dbb050e-deb8-3c19-a411-1418c6848a1c,"coal extraction and processing - Central Appalachia, BIT, Underground",aab4c1d4-d871-40b1-8188-35999f9b751a,"Waste, solid",WASTE_FLOW,0.0016650860374112883,kg,,,기본 공급자가 없거나 그 공정의 기준 흐름을 읽지 못했다.
6dbb050e-deb8-3c19-a411-1418c6848a1c,"coal extraction and processing - Central Appalachia, BIT, Underground",2db44184-7fa2-300c-b4ab-7fa9227bc0ed,zinc,PRODUCT_FLOW,-4.335282268170923e-06,kg,,,기본 공급자가 없거나 그 공정의 기준 흐름을 읽지 못했다.
6dbb050e-deb8-3c19-a411-1418c6848a1c,"coal extraction and processing - Central Appalachia, BIT, Underground",9f723736-35c3-4218-8dbe-a1331f56be46,Light fuel oil,PRODUCT_FLOW,-0.0014658698486255625,kg,,,기본 공급자가 없거나 그 공정의 기준 흐름을 읽지 못했다.
6dbb050e-deb8-3c19-a411-1418c6848a1c,"coal extraction and processing - Central Appalachia, BIT, Underground",e6653400-5caf-43f6-b1f2-89b4c01ca58d,petroleum coke,PRODUCT_FLOW,-0.00020004675074934445,kg,,,기본 공급자가 없거나 그 공정의 기준 흐름을 읽지 못했다.
6dbb050e-deb8-3c19-a411-1418c6848a1c,"coal extraction and processing - Central Appalachia, BIT, Underground",8fe56530-fbb6-3f64-a436-c460029321b4,"rubber, styrene-butadiene",PRODUCT_FLOW,-0.0002705934673530091,kg,,,기본 공급자가 없거나 그 공정의 기준 흐름을 읽지 못했다.
6dbb050e-deb8-3c19-a411-1418c6848a1c,"coal extraction and processing - Central Appalachia, BIT, Underground",2b325037-62f4-4658-ab68-2aaf30da8ae6,liquefied petroleum gas,PRODUCT_FLOW,-6.807694436307395e-08,kg,,,기본 공급자가 없거나 그 공정의 기준 흐름을 읽지 못했다.
6dbb050e-deb8-3c19-a411-1418c6848a1c,"coal extraction and processing - Central Appalachia, BIT, Underground",8a5b6ae2-63d7-4e5a-950e-7d1d8b0bea80,"natural gas, delivered",PRODUCT_FLOW,-0.00015300046388996345,kg,,,기본 공급자가 없거나 그 공정의 기준 흐름을 읽지 못했다.
6dbb050e-deb8-3c19-a411-1418c6848a1c,"coal extraction and processing - Central Appalachia, BIT, Underground",66c312ea-5071-3a57-9940-25a403d38dea,cast iron,PRODUCT_FLOW,-0.00022656219297332588,kg,,,기본 공급자가 없거나 그 공정의 기준 흐름을 읽지 못했다.
6dbb050e-deb8-3c19-a411-1418c6848a1c,"coal extraction and processing - Central Appalachia, BIT, Underground",7e540229-9844-4be6-b0e8-af5d8d70c11a,Ammonium nitrate,PRODUCT_FLOW,-1.7599189780421944,kg,,,기본 공급자가 없거나 그 공정의 기준 흐름을 읽지 못했다.
6dbb050e-deb8-3c19-a411-1418c6848a1c,"coal extraction and processing - Central Appalachia, BIT, Underground",66b3cd21-7664-3778-86d6-52f45f1af823,copper,PRODUCT_FLOW,-5.432396414967336e-06,kg,,,기본 공급자가 없거나 그 공정의 기준 흐름을 읽지 못했다.
6f15af3b-5738-3376-80b1-9edce6b803be,Electricity - SOLAR - ISO New England,febaa7d3-9f4f-3bd2-98ea-39b627db2913,SPENT ACID,WASTE_FLOW,0.9705456356734931,kg,,,기본 공급자가 없거나 그 공정의 기준 흐름을 읽지 못했다.
6f15af3b-5738-3376-80b1-9edce6b803be,Electricity - SOLAR - ISO New England,664766ca-f133-3de9-9926-c74fca69e5c8,SPENT CYANIDE PLATING BATH SOLUTIONS FROM ELECTROPLATING OPERATIONS.,WASTE_FLOW,0.6441345438897291,kg,,,기본 공급자가 없거나 그 공정의 기준 흐름을 읽지 못했다.
6f15af3b-5738-3376-80b1-9edce6b803be,Electricity - SOLAR - ISO New England,7fdc2f5e-70bd-3dd4-a6c0-288a85597858,OTHER AQUEOUS WST,WASTE_FLOW,2.8029783612114394,kg,,,기본 공급자가 없거나 그 공정의 기준 흐름을 읽지 못했다.
6f15af3b-5738-3376-80b1-9edce6b803be,Electricity - SOLAR - ISO New England,6b93c5a5-c395-37e4-915e-188fc143d033,AQUEOUS W/O CYANIDES,WASTE_FLOW,2.584415499134993,kg,,,기본 공급자가 없거나 그 공정의 기준 흐름을 읽지 못했다.
6f15af3b-5738-3376-80b1-9edce6b803be,Electricity - SOLAR - ISO New England,5a5bd8b3-54b4-34e2-bb86-45fd5862a9eb,"HYDROFLUORIC ACID (C,T) (OR) HYDROGEN FLUORIDE (C,T)",WASTE_FLOW,0.0019174877078440582,kg,,,기본 공급자가 없거나 그 공정의 기준 흐름을 읽지 못했다.
6f15af3b-5738-3376-80b1-9edce6b803be,Electricity - SOLAR - ISO New England,25d6a001-078d-3f10-8905-d280b3f0a9f8,ACIDIC AQUEOUS WST,WASTE_FLOW,0.44137939366229845,kg,,,기본 공급자가 없거나 그 공정의 기준 흐름을 읽지 못했다.
6f15af3b-5738-3376-80b1-9edce6b803be,Electricity - SOLAR - ISO New England,d2a7f29d-7c5b-3c67-b4a6-04aaf17cea15,FORMALDEHYDE,WASTE_FLOW,0.0007101806325348365,kg,,,기본 공급자가 없거나 그 공정의 기준 흐름을 읽지 못했다.
6f15af3b-5738-3376-80b1-9edce6b803be,Electricity - SOLAR - ISO New England,455e4bb6-174d-3f14-9cbe-e85d103b32aa,SELENIUM,WASTE_FLOW,0.4456383469156099,kg,,,기본 공급자가 없거나 그 공정의 기준 흐름을 읽지 못했다.
6f15af3b-5738-3376-80b1-9edce6b803be,Electricity - SOLAR - ISO New England,171438fe-24cb-3dea-8aa6-d5a7205f9067,OIL-WATER EMULSION,WASTE_FLOW,0.032668309096602476,kg,,,기본 공급자가 없거나 그 공정의 기준 흐름을 읽지 못했다.
6f15af3b-5738-3376-80b1-9edce6b803be,Electricity - SOLAR - ISO New England,50a90a6b-bb89-32e4-bc27-7725250477bc,OTH ORGANIC LIQUID,WASTE_FLOW,0.4050870327978707,kg,,,기본 공급자가 없거나 그 공정의 기준 흐름을 읽지 못했다.
6f15af3b-5738-3376-80b1-9edce6b803be,Electricity - SOLAR - ISO New England,751445c0-1204-3973-b58d-bdf0112cfbe5,ELECTRICAL DEVICES,WASTE_FLOW,0.010794745614529514,kg,,,기본 공급자가 없거나 그 공정의 기준 흐름을 읽지 못했다.
6f15af3b-5738-3376-80b1-9edce6b803be,Electricity - SOLAR - ISO New England,1cfabc08-7e1a-3bbd-b5e4-8ce8954dfc54,"WASTEWATER TREATMENT SLUDGES FROM ELECTROPLATING OPERATIONS, EXCEPT FROM THE FOLLOWING PROCESSES: (1) SULFURIC ACID ANODIZING OF ALUMINUM; (2) TIN PLATING ON CARBON STEEL; (3) ZINC PLATING (SEGREGATED BASIS) ON CARBON STEEL; (4) ALUMINUM OR ZINC-ALUMINUM ",WASTE_FLOW,1.8836831097354003,kg,,,기본 공급자가 없거나 그 공정의 기준 흐름을 읽지 못했다.
6f15af3b-5738-3376-80b1-9edce6b803be,Electricity - SOLAR - ISO New England,fd3ea7cc-46b0-3b73-abee-d5c1cd58dad2,"METAL SCALE, ETC.",WASTE_FLOW,0.0017044335180836075,kg,,,기본 공급자가 없거나 그 공정의 기준 흐름을 읽지 못했다.
6f15af3b-5738-3376-80b1-9edce6b803be,Electricity - SOLAR - ISO New England,d2f561ce-cd4d-3351-ab34-ce4f7681230c,PLATING BATH RESIDUES FROM THE BOTTOM OF PLATING BATHS FROM ELECTROPLATING OPERATIONS IN WHICH CYANIDES ARE USED IN THE PROCESS.,WASTE_FLOW,0.050919951352747767,kg,,,기본 공급자가 없거나 그 공정의 기준 흐름을 읽지 못했다.
6f15af3b-5738-3376-80b1-9edce6b803be,Electricity - SOLAR - ISO New England,f8398592-014f-3f3c-a4ac-a792b6f6dada,WASTE PHARMACEUTICAL,WASTE_FLOW,0.06391625692813528,kg,,,기본 공급자가 없거나 그 공정의 기준 흐름을 읽지 못했다.
6f15af3b-5738-3376-80b1-9edce6b803be,Electricity - SOLAR - ISO New England,1b0ee7da-153d-34a5-86b3-723efa6e177b,CHROMIUM,WASTE_FLOW,0.8583243124816032,kg,,,기본 공급자가 없거나 그 공정의 기준 흐름을 읽지 못했다.
6f15af3b-5738-3376-80b1-9edce6b803be,Electricity - SOLAR - ISO New England,0efe8844-010c-3d0c-9068-e9d003d9bddc,CYAN. BEARING SLUDGE,WASTE_FLOW,0.0035509031626741825,kg,,,기본 공급자가 없거나 그 공정의 기준 흐름을 읽지 못했다.
6f15af3b-5738-3376-80b1-9edce6b803be,Electricity - SOLAR - ISO New England,6a41027e-3557-329e-be45-1ae193bf2740,BARIUM,WASTE_FLOW,0.1263411345279474,kg,,,기본 공급자가 없거나 그 공정의 기준 흐름을 읽지 못했다.
6f15af3b-5738-3376-80b1-9edce6b803be,Electricity - SOLAR - ISO New England,2c0313f3-cd99-363f-9f3c-f34d8a1d0208,LEAD,WASTE_FLOW,11.194328719018015,kg,,,기본 공급자가 없거나 그 공정의 기준 흐름을 읽지 못했다.
6f15af3b-5738-3376-80b1-9edce6b803be,Electricity - SOLAR - ISO New England,36693162-edff-38f9-8112-55fb1e802159,COMPRESSED GAS,WASTE_FLOW,0.024004105379677475,kg,,,기본 공급자가 없거나 그 공정의 기준 흐름을 읽지 못했다.
6f15af3b-5738-3376-80b1-9edce6b803be,Electricity - SOLAR - ISO New England,208a0308-3ccf-3c0b-bc69-51889c1055d9,2-PROPANONE (I) (OR) ACETONE (I),WASTE_FLOW,0.0061075534397995925,kg,,,기본 공급자가 없거나 그 공정의 기준 흐름을 읽지 못했다.
6f15af3b-5738-3376-80b1-9edce6b803be,Electricity - SOLAR - ISO New England,f7ea6d18-d226-339f-a4be-4fc98bcc3fb6,"THE FOLLOWING SPENT HALOGENATED SOLVENTS: TETRACHLOROETHYLENE, METHYLENE CHLORIDE, TRICHLOROETHYLENE, 1,1,1-TRICHLOROETHANE, CHLOROBENZENE, 1,1,2-TRICHLORO-1,2,2-TRIFLUOROETHANE, ORTHO-DICHLOROBENZENE, TRICHLOROFLUOROMETHANE, AND 1,1,2, TRICHLOROETHANE; A",WASTE_FLOW,0.017044335180836073,kg,,,기본 공급자가 없거나 그 공정의 기준 흐름을 읽지 못했다.
6f15af3b-5738-3376-80b1-9edce6b803be,Electricity - SOLAR - ISO New England,ac647bd3-bc3d-3033-a9d9-fab4f44889d0,OTH ORGANIC SOLIDS,WASTE_FLOW,0.5616818622718022,kg,,,기본 공급자가 없거나 그 공정의 기준 흐름을 읽지 못했다.
6f15af3b-5738-3376-80b1-9edce6b803be,Electricity - SOLAR - ISO New England,cba57723-fb37-34c5-afcb-a8ef46813b2a,SOLVENT MIXTURE,WASTE_FLOW,0.0967976202144982,kg,,,기본 공급자가 없거나 그 공정의 기준 흐름을 읽지 못했다.
6f15af3b-5738-3376-80b1-9edce6b803be,Electricity - SOLAR - ISO New England,d5d165f8-aad3-3b82-a849-1d158c5d031d,CORROSIVE WASTE,WASTE_FLOW,2.5009010974714263,kg,,,기본 공급자가 없거나 그 공정의 기준 흐름을 읽지 못했다.
6f15af3b-5738-3376-80b1-9edce6b803be,Electricity - SOLAR - ISO New England,e755b899-f70a-3aef-ab6a-95c52be5747a,METAL SALTS/CHEM.,WASTE_FLOW,0.004190065731955534,kg,,,기본 공급자가 없거나 그 공정의 기준 흐름을 읽지 못했다.
6f15af3b-5738-3376-80b1-9edce6b803be,Electricity - SOLAR - ISO New England,3943bd3e-5354-3f3b-9d2a-ad12d1250b14,MERCURY,WASTE_FLOW,0.00681773407233443,kg,,,기본 공급자가 없거나 그 공정의 기준 흐름을 읽지 못했다.
6f15af3b-5738-3376-80b1-9edce6b803be,Electricity - SOLAR - ISO New England,66e610e1-1733-390a-82e0-d801990b71ba,LAB PACKS/NO ACUTE,WASTE_FLOW,0.057737685425082196,kg,,,기본 공급자가 없거나 그 공정의 기준 흐름을 읽지 못했다.
6f15af3b-5738-3376-80b1-9edce6b803be,Electricity - SOLAR - ISO New England,8db806f7-3ac1-344d-a5b9-1e616a705c51,"ZINC PHOSPHIDE ZN3P2, WHEN PRESENT AT CONCENTRATIONS OF 10% OR LESS",WASTE_FLOW,0.039983169611711285,kg,,,기본 공급자가 없거나 그 공정의 기준 흐름을 읽지 못했다.
6f15af3b-5738-3376-80b1-9edce6b803be,Electricity - SOLAR - ISO New England,fec1ec90-e0a9-33cd-9cb7-01218fce4760,OTH INORGANIC LIQUID,WASTE_FLOW,0.8843169236323782,kg,,,기본 공급자가 없거나 그 공정의 기준 흐름을 읽지 못했다.
6f15af3b-5738-3376-80b1-9edce6b803be,Electricity - SOLAR - ISO New England,e2c670e5-7d2b-35f9-a30e-caddbaa8e497,WASTE OIL,WASTE_FLOW,0.02847824336464694,kg,,,기본 공급자가 없거나 그 공정의 기준 흐름을 읽지 못했다.
6f15af3b-5738-3376-80b1-9edce6b803be,Electricity - SOLAR - ISO New England,32a230d7-c15c-3206-8fc3-67a9867b3d1d,DILUTE AQUEOUS WST,WASTE_FLOW,0.039770115421950844,kg,,,기본 공급자가 없거나 그 공정의 기준 흐름을 읽지 못했다.
6f15af3b-5738-3376-80b1-9edce6b803be,Electricity - SOLAR - ISO New England,18c6b770-4063-37d6-930c-64bf5a274910,IGNITABLE WASTE,WASTE_FLOW,1.0518450975730849,kg,,,기본 공급자가 없거나 그 공정의 기준 흐름을 읽지 못했다.
6f15af3b-5738-3376-80b1-9edce6b803be,Electricity - SOLAR - ISO New England,1296b2d3-2fc0-3a8a-b913-45da9093c4df,REACTIVE WASTE,WASTE_FLOW,0.07123111744324409,kg,,,기본 공급자가 없거나 그 공정의 기준 흐름을 읽지 못했다.
6f15af3b-5738-3376-80b1-9edce6b803be,Electricity - SOLAR - ISO New England,e50e1a15-cc5a-3d3a-8bf2-6f695268acae,SPENT FILTERS,WASTE_FLOW,0.01654720873806169,kg,,,기본 공급자가 없거나 그 공정의 기준 흐름을 읽지 못했다.
6f75e0d7-7944-3a61-ab81-5b7822c883fd,"Electricity - GAS - PJM Interconnection, LLC",3943bd3e-5354-3f3b-9d2a-ad12d1250b14,MERCURY,WASTE_FLOW,0.0012920133982020114,kg,,,기본 공급자가 없거나 그 공정의 기준 흐름을 읽지 못했다.
6f75e0d7-7944-3a61-ab81-5b7822c883fd,"Electricity - GAS - PJM Interconnection, LLC",f7ea6d18-d226-339f-a4be-4fc98bcc3fb6,"THE FOLLOWING SPENT HALOGENATED SOLVENTS: TETRACHLOROETHYLENE, METHYLENE CHLORIDE, TRICHLOROETHYLENE, 1,1,1-TRICHLOROETHANE, CHLOROBENZENE, 1,1,2-TRICHLORO-1,2,2-TRIFLUOROETHANE, ORTHO-DICHLOROBENZENE, TRICHLOROFLUOROMETHANE, AND 1,1,2, TRICHLOROETHANE; A",WASTE_FLOW,0.0006037116385207372,kg,,,기본 공급자가 없거나 그 공정의 기준 흐름을 읽지 못했다.
6f75e0d7-7944-3a61-ab81-5b7822c883fd,"Electricity - GAS - PJM Interconnection, LLC",eb57fdb2-dc92-378b-8727-29e05ff89d35,NONHALOGEN. SOLVENT,WASTE_FLOW,0.010812094454686097,kg,,,기본 공급자가 없거나 그 공정의 기준 흐름을 읽지 못했다.
6f75e0d7-7944-3a61-ab81-5b7822c883fd,"Electricity - GAS - PJM Interconnection, LLC",18c6b770-4063-37d6-930c-64bf5a274910,IGNITABLE WASTE,WASTE_FLOW,0.0014638790411948487,kg,,,기본 공급자가 없거나 그 공정의 기준 흐름을 읽지 못했다.
6f75e0d7-7944-3a61-ab81-5b7822c883fd,"Electricity - GAS - PJM Interconnection, LLC",fec1ec90-e0a9-33cd-9cb7-01218fce4760,OTH INORGANIC LIQUID,WASTE_FLOW,0.0008425444607656662,kg,,,기본 공급자가 없거나 그 공정의 기준 흐름을 읽지 못했다.
6f75e0d7-7944-3a61-ab81-5b7822c883fd,"Electricity - GAS - PJM Interconnection, LLC",d5d165f8-aad3-3b82-a849-1d158c5d031d,CORROSIVE WASTE,WASTE_FLOW,0.00013678759671793185,kg,,,기본 공급자가 없거나 그 공정의 기준 흐름을 읽지 못했다.
6f75e0d7-7944-3a61-ab81-5b7822c883fd,"Electricity - GAS - PJM Interconnection, LLC",2c0313f3-cd99-363f-9f3c-f34d8a1d0208,LEAD,WASTE_FLOW,1.8462129618371172e-05,kg,,,기본 공급자가 없거나 그 공정의 기준 흐름을 읽지 못했다.
6f75e0d7-7944-3a61-ab81-5b7822c883fd,"Electricity - GAS - PJM Interconnection, LLC",66e610e1-1733-390a-82e0-d801990b71ba,LAB PACKS/NO ACUTE,WASTE_FLOW,5.169396293143928e-05,kg,,,기본 공급자가 없거나 그 공정의 기준 흐름을 읽지 못했다.
6f75e0d7-7944-3a61-ab81-5b7822c883fd,"Electricity - GAS - PJM Interconnection, LLC",1296b2d3-2fc0-3a8a-b913-45da9093c4df,REACTIVE WASTE,WASTE_FLOW,2.3497255877926946e-05,kg,,,기본 공급자가 없거나 그 공정의 기준 흐름을 읽지 못했다.
6f75e0d7-7944-3a61-ab81-5b7822c883fd,"Electricity - GAS - PJM Interconnection, LLC",50a90a6b-bb89-32e4-bc27-7725250477bc,OTH ORGANIC LIQUID,WASTE_FLOW,0.002045939636799496,kg,,,기본 공급자가 없거나 그 공정의 기준 흐름을 읽지 못했다.
703522ed-beb8-3f32-9925-506b82d1b041,Electricity - HYDRO - Tennessee Valley Authority,1b0ee7da-153d-34a5-86b3-723efa6e177b,CHROMIUM,WASTE_FLOW,0.0001740763482803015,kg,,,기본 공급자가 없거나 그 공정의 기준 흐름을 읽지 못했다.
703522ed-beb8-3f32-9925-506b82d1b041,Electricity - HYDRO - Tennessee Valley Authority,fd3ea7cc-46b0-3b73-abee-d5c1cd58dad2,"METAL SCALE, ETC.",WASTE_FLOW,0.0001063323506736817,kg,,,기본 공급자가 없거나 그 공정의 기준 흐름을 읽지 못했다.
703522ed-beb8-3f32-9925-506b82d1b041,Electricity - HYDRO - Tennessee Valley Authority,50a90a6b-bb89-32e4-bc27-7725250477bc,OTH ORGANIC LIQUID,WASTE_FLOW,0.00011983827424715339,kg,,,기본 공급자가 없거나 그 공정의 기준 흐름을 읽지 못했다.
703522ed-beb8-3f32-9925-506b82d1b041,Electricity - HYDRO - Tennessee Valley Authority,2c0313f3-cd99-363f-9f3c-f34d8a1d0208,LEAD,WASTE_FLOW,0.005046713441953913,kg,,,기본 공급자가 없거나 그 공정의 기준 흐름을 읽지 못했다.
703522ed-beb8-3f32-9925-506b82d1b041,Electricity - HYDRO - Tennessee Valley Authority,79d7ff97-744b-3343-9b2e-26cd2758424c,CONT. DEBRIS,WASTE_FLOW,3.730207463149318e-05,kg,,,기본 공급자가 없거나 그 공정의 기준 흐름을 읽지 못했다.
703522ed-beb8-3f32-9925-506b82d1b041,Electricity - HYDRO - Tennessee Valley Authority,f5bb2272-b96d-30c8-bbd2-97ac661eb879,"THE FOLLOWING SPENT NONHALOGENATED SOLVENTS: XYLENE, ACETONE, ETHYL ACETATE, ETHYL BENZENE, ETHYL ETHER, METHYL ISOBUTYL KETONE, N-BUTYL ALCOHOL, CYCLOHEXANONE, AND METHANOL; ALL SPENT SOLVENT MIXTURES/BLENDS CONTAINING, BEFORE USE, ONLY THE ABOVE SPENT N",WASTE_FLOW,0.0008504444256501923,kg,,,기본 공급자가 없거나 그 공정의 기준 흐름을 읽지 못했다.
703522ed-beb8-3f32-9925-506b82d1b041,Electricity - HYDRO - Tennessee Valley Authority,cd7a2acd-6b88-37cb-b0f4-938ab7ddb780,"PAINT, INK, ETC.",WASTE_FLOW,0.0002617576616382366,kg,,,기본 공급자가 없거나 그 공정의 기준 흐름을 읽지 못했다.
703522ed-beb8-3f32-9925-506b82d1b041,Electricity - HYDRO - Tennessee Valley Authority,78a9fb6c-59e9-34fc-b019-ecfa8060855c,METAL BEARING SLUDGE,WASTE_FLOW,1.0718986963072755e-05,kg,,,기본 공급자가 없거나 그 공정의 기준 흐름을 읽지 못했다.
703522ed-beb8-3f32-9925-506b82d1b041,Electricity - HYDRO - Tennessee Valley Authority,7afc2175-5d4a-3114-949b-729dfed6d6d8,"ACETIC ACID, ETHYL ESTER (I) (OR) ETHYL ACETATE (I)",WASTE_FLOW,1.0718986963072754e-06,kg,,,기본 공급자가 없거나 그 공정의 기준 흐름을 읽지 못했다.
703522ed-beb8-3f32-9925-506b82d1b041,Electricity - HYDRO - Tennessee Valley Authority,1217c8af-4ecd-32ca-810a-98b50600cbc7,DRIED PAINT,WASTE_FLOW,4.2447188373768104e-05,kg,,,기본 공급자가 없거나 그 공정의 기준 흐름을 읽지 못했다.
703522ed-beb8-3f32-9925-506b82d1b041,Electricity - HYDRO - Tennessee Valley Authority,9108d69c-0266-3105-ba49-c0dc765ce931,PAINT THINNER,WASTE_FLOW,7.074531395628016e-05,kg,,,기본 공급자가 없거나 그 공정의 기준 흐름을 읽지 못했다.
703522ed-beb8-3f32-9925-506b82d1b041,Electricity - HYDRO - Tennessee Valley Authority,3943bd3e-5354-3f3b-9d2a-ad12d1250b14,MERCURY,WASTE_FLOW,4.287594785229101e-07,kg,,,기본 공급자가 없거나 그 공정의 기준 흐름을 읽지 못했다.
70d2004a-9f80-48ce-a86c-50e85dd6a637,Petroleum refined; for material use; at plant,5f96ad43-abab-3b62-bcf8-c71f9d6c7881,Petroleum refining coproduct; at refinery,PRODUCT_FLOW,-1.0,kg,0aaf1e13-5d80-37f9-b7bb-81a6b8965c71,Petroleum refining; at refinery,차원이 다르다: kg(mass) -> m3(volume)
713d1f72-b73e-3a4f-a0e2-33931eb463ac,"coal extraction and processing - Northern Appalachia, BIT, Surface",7e540229-9844-4be6-b0e8-af5d8d70c11a,Ammonium nitrate,PRODUCT_FLOW,-1.4487927599438797,kg,,,기본 공급자가 없거나 그 공정의 기준 흐름을 읽지 못했다.
713d1f72-b73e-3a4f-a0e2-33931eb463ac,"coal extraction and processing - Northern Appalachia, BIT, Surface",25804c89-c3cd-34f7-b5e6-4160fc17a7dc,polyvinyl chloride (PVC),PRODUCT_FLOW,-8.261061136380677e-05,kg,,,기본 공급자가 없거나 그 공정의 기준 흐름을 읽지 못했다.
713d1f72-b73e-3a4f-a0e2-33931eb463ac,"coal extraction and processing - Northern Appalachia, BIT, Surface",2b325037-62f4-4658-ab68-2aaf30da8ae6,liquefied petroleum gas,PRODUCT_FLOW,-5.8212387282339315e-08,kg,,,기본 공급자가 없거나 그 공정의 기준 흐름을 읽지 못했다.
713d1f72-b73e-3a4f-a0e2-33931eb463ac,"coal extraction and processing - Northern Appalachia, BIT, Surface",8a5b6ae2-63d7-4e5a-950e-7d1d8b0bea80,"natural gas, delivered",PRODUCT_FLOW,-0.0001331126155750162,kg,,,기본 공급자가 없거나 그 공정의 기준 흐름을 읽지 못했다.
713d1f72-b73e-3a4f-a0e2-33931eb463ac,"coal extraction and processing - Northern Appalachia, BIT, Surface",14d67c68-0a06-328b-9347-1aaa9bc5f53a,"Water, reclaimed",PRODUCT_FLOW,-0.08407170052747687,kg,,,기본 공급자가 없거나 그 공정의 기준 흐름을 읽지 못했다.
713d1f72-b73e-3a4f-a0e2-33931eb463ac,"coal extraction and processing - Northern Appalachia, BIT, Surface",2db44184-7fa2-300c-b4ab-7fa9227bc0ed,zinc,PRODUCT_FLOW,-4.116506129307786e-06,kg,,,기본 공급자가 없거나 그 공정의 기준 흐름을 읽지 못했다.
713d1f72-b73e-3a4f-a0e2-33931eb463ac,"coal extraction and processing - Northern Appalachia, BIT, Surface",e6653400-5caf-43f6-b1f2-89b4c01ca58d,petroleum coke,PRODUCT_FLOW,-0.0001710607252670291,kg,,,기본 공급자가 없거나 그 공정의 기준 흐름을 읽지 못했다.
713d1f72-b73e-3a4f-a0e2-33931eb463ac,"coal extraction and processing - Northern Appalachia, BIT, Surface",aab4c1d4-d871-40b1-8188-35999f9b751a,"Waste, solid",WASTE_FLOW,0.0014241175042155134,kg,,,기본 공급자가 없거나 그 공정의 기준 흐름을 읽지 못했다.
713d1f72-b73e-3a4f-a0e2-33931eb463ac,"coal extraction and processing - Northern Appalachia, BIT, Surface",9f723736-35c3-4218-8dbe-a1331f56be46,Light fuel oil,PRODUCT_FLOW,-0.0001774202325300845,kg,,,기본 공급자가 없거나 그 공정의 기준 흐름을 읽지 못했다.
713d1f72-b73e-3a4f-a0e2-33931eb463ac,"coal extraction and processing - Northern Appalachia, BIT, Surface",8fe56530-fbb6-3f64-a436-c460029321b4,"rubber, styrene-butadiene",PRODUCT_FLOW,-0.000859956274088551,kg,,,기본 공급자가 없거나 그 공정의 기준 흐름을 읽지 못했다.
713d1f72-b73e-3a4f-a0e2-33931eb463ac,"coal extraction and processing - Northern Appalachia, BIT, Surface",2b69310a-e90f-3417-8b35-d23d5eeac99f,asphalt,PRODUCT_FLOW,-0.000881671054281282,kg,,,기본 공급자가 없거나 그 공정의 기준 흐름을 읽지 못했다.
713d1f72-b73e-3a4f-a0e2-33931eb463ac,"coal extraction and processing - Northern Appalachia, BIT, Surface",6aec53b7-c1e1-4f37-9997-bad469fa567b,residual oil,PRODUCT_FLOW,-2.785949695369202e-06,kg,,,기본 공급자가 없거나 그 공정의 기준 흐름을 읽지 못했다.
713d1f72-b73e-3a4f-a0e2-33931eb463ac,"coal extraction and processing - Northern Appalachia, BIT, Surface",66b3cd21-7664-3778-86d6-52f45f1af823,copper,PRODUCT_FLOW,-5.158262790742277e-06,kg,,,기본 공급자가 없거나 그 공정의 기준 흐름을 읽지 못했다.
713d1f72-b73e-3a4f-a0e2-33931eb463ac,"coal extraction and processing - Northern Appalachia, BIT, Surface",66c312ea-5071-3a57-9940-25a403d38dea,cast iron,PRODUCT_FLOW,-0.0002151281971785569,kg,,,기본 공급자가 없거나 그 공정의 기준 흐름을 읽지 못했다.
727c4049-41db-3645-a4f9-af66fa92dee0,Switchgrass; carted,6cf4a5b2-0890-3733-99c9-9c7e05e8ebc7,Transport; tractor and trailer,PRODUCT_FLOW,-7.42,t*km,,,기본 공급자가 없거나 그 공정의 기준 흐름을 읽지 못했다.
72f54d39-a95f-3eff-a078-0adeb72df05b,"Electricity - COAL - Midcontinent Independent System Operator, Inc.",79d7ff97-744b-3343-9b2e-26cd2758424c,CONT. DEBRIS,WASTE_FLOW,1.0319513673580919e-05,kg,,,기본 공급자가 없거나 그 공정의 기준 흐름을 읽지 못했다.
72f54d39-a95f-3eff-a078-0adeb72df05b,"Electricity - COAL - Midcontinent Independent System Operator, Inc.",ac647bd3-bc3d-3033-a9d9-fab4f44889d0,OTH ORGANIC SOLIDS,WASTE_FLOW,1.375935156477456e-05,kg,,,기본 공급자가 없거나 그 공정의 기준 흐름을 읽지 못했다.
72f54d39-a95f-3eff-a078-0adeb72df05b,"Electricity - COAL - Midcontinent Independent System Operator, Inc.",b45cfd87-f3c4-3a78-944c-b03759e5caa6,BENZENE,WASTE_FLOW,5.847724415029188e-06,kg,,,기본 공급자가 없거나 그 공정의 기준 흐름을 읽지 못했다.
72f54d39-a95f-3eff-a078-0adeb72df05b,"Electricity - COAL - Midcontinent Independent System Operator, Inc.",208a0308-3ccf-3c0b-bc69-51889c1055d9,2-PROPANONE (I) (OR) ACETONE (I),WASTE_FLOW,2.751870312954912e-06,kg,,,기본 공급자가 없거나 그 공정의 기준 흐름을 읽지 못했다.
72f54d39-a95f-3eff-a078-0adeb72df05b,"Electricity - COAL - Midcontinent Independent System Operator, Inc.",66e610e1-1733-390a-82e0-d801990b71ba,LAB PACKS/NO ACUTE,WASTE_FLOW,1.375935156477456e-06,kg,,,기본 공급자가 없거나 그 공정의 기준 흐름을 읽지 못했다.
72f54d39-a95f-3eff-a078-0adeb72df05b,"Electricity - COAL - Midcontinent Independent System Operator, Inc.",3943bd3e-5354-3f3b-9d2a-ad12d1250b14,MERCURY,WASTE_FLOW,3.302244375545894e-06,kg,,,기본 공급자가 없거나 그 공정의 기준 흐름을 읽지 못했다.
72f54d39-a95f-3eff-a078-0adeb72df05b,"Electricity - COAL - Midcontinent Independent System Operator, Inc.",cd7a2acd-6b88-37cb-b0f4-938ab7ddb780,"PAINT, INK, ETC.",WASTE_FLOW,2.751870312954912e-05,kg,,,기본 공급자가 없거나 그 공정의 기준 흐름을 읽지 못했다.
72f54d39-a95f-3eff-a078-0adeb72df05b,"Electricity - COAL - Midcontinent Independent System Operator, Inc.",50a90a6b-bb89-32e4-bc27-7725250477bc,OTH ORGANIC LIQUID,WASTE_FLOW,0.0006890242964389025,kg,,,기본 공급자가 없거나 그 공정의 기준 흐름을 읽지 못했다.
72f54d39-a95f-3eff-a078-0adeb72df05b,"Electricity - COAL - Midcontinent Independent System Operator, Inc.",7fdc2f5e-70bd-3dd4-a6c0-288a85597858,OTHER AQUEOUS WST,WASTE_FLOW,2.4078865238355476e-05,kg,,,기본 공급자가 없거나 그 공정의 기준 흐름을 읽지 못했다.
72f54d39-a95f-3eff-a078-0adeb72df05b,"Electricity - COAL - Midcontinent Independent System Operator, Inc.",2c0313f3-cd99-363f-9f3c-f34d8a1d0208,LEAD,WASTE_FLOW,4.815773047671095e-05,kg,,,기본 공급자가 없거나 그 공정의 기준 흐름을 읽지 못했다.
72f54d39-a95f-3eff-a078-0adeb72df05b,"Electricity - COAL - Midcontinent Independent System Operator, Inc.",d5d165f8-aad3-3b82-a849-1d158c5d031d,CORROSIVE WASTE,WASTE_FLOW,0.0001450276932981933,kg,,,기본 공급자가 없거나 그 공정의 기준 흐름을 읽지 못했다.
72f54d39-a95f-3eff-a078-0adeb72df05b,"Electricity - COAL - Midcontinent Independent System Operator, Inc.",6ae1efe5-e28f-3d9a-9936-e31f3763a4f2,"1-PROPANOL, 2,3-DIBROMO-, PHOSPHATE (3:1) (OR) TRIS(2,3,-DIBROMOPROPYL) PHOSPHATE",WASTE_FLOW,6.87967578238728e-06,kg,,,기본 공급자가 없거나 그 공정의 기준 흐름을 읽지 못했다.
7598c235-2d87-32e4-a940-25e07f114022,Electricity - HYDRO - Bonneville Power Administration,fec1ec90-e0a9-33cd-9cb7-01218fce4760,OTH INORGANIC LIQUID,WASTE_FLOW,7.549031716067339e-05,kg,,,기본 공급자가 없거나 그 공정의 기준 흐름을 읽지 못했다.
7598c235-2d87-32e4-a940-25e07f114022,Electricity - HYDRO - Bonneville Power Administration,2c0313f3-cd99-363f-9f3c-f34d8a1d0208,LEAD,WASTE_FLOW,0.0006795779895148493,kg,,,기본 공급자가 없거나 그 공정의 기준 흐름을 읽지 못했다.
7598c235-2d87-32e4-a940-25e07f114022,Electricity - HYDRO - Bonneville Power Administration,1b0ee7da-153d-34a5-86b3-723efa6e177b,CHROMIUM,WASTE_FLOW,5.897681028177607e-06,kg,,,기본 공급자가 없거나 그 공정의 기준 흐름을 읽지 못했다.
7598c235-2d87-32e4-a940-25e07f114022,Electricity - HYDRO - Bonneville Power Administration,18c6b770-4063-37d6-930c-64bf5a274910,IGNITABLE WASTE,WASTE_FLOW,8.23316271533594e-06,kg,,,기본 공급자가 없거나 그 공정의 기준 흐름을 읽지 못했다.
7598c235-2d87-32e4-a940-25e07f114022,Electricity - HYDRO - Bonneville Power Administration,36693162-edff-38f9-8112-55fb1e802159,COMPRESSED GAS,WASTE_FLOW,8.563432852913886e-06,kg,,,기본 공급자가 없거나 그 공정의 기준 흐름을 읽지 못했다.
7598c235-2d87-32e4-a940-25e07f114022,Electricity - HYDRO - Bonneville Power Administration,f5bb2272-b96d-30c8-bbd2-97ac661eb879,"THE FOLLOWING SPENT NONHALOGENATED SOLVENTS: XYLENE, ACETONE, ETHYL ACETATE, ETHYL BENZENE, ETHYL ETHER, METHYL ISOBUTYL KETONE, N-BUTYL ALCOHOL, CYCLOHEXANONE, AND METHANOL; ALL SPENT SOLVENT MIXTURES/BLENDS CONTAINING, BEFORE USE, ONLY THE ABOVE SPENT N",WASTE_FLOW,7.313124474940234e-06,kg,,,기본 공급자가 없거나 그 공정의 기준 흐름을 읽지 못했다.
7598c235-2d87-32e4-a940-25e07f114022,Electricity - HYDRO - Bonneville Power Administration,ae6699f4-beff-3f26-8ec1-0d58b5deae89,"THE FOLLOWING SPENT NONHALOGENATED SOLVENTS: TOLUENE, METHYL ETHYL KETONE, CARBON DISULFIDE, ISOBUTANOL, PYRIDINE, BENZENE, 2-ETHOXYETHANOL, AND 2-NITROPROPANE; ALL SPENT SOLVENT MIXTURES/BLENDS CONTAINING, BEFORE USE, A TOTAL OF TEN PERCENT OR MORE (BY V",WASTE_FLOW,0.0004046752814294347,kg,,,기본 공급자가 없거나 그 공정의 기준 흐름을 읽지 못했다.
7598c235-2d87-32e4-a940-25e07f114022,Electricity - HYDRO - Bonneville Power Administration,c4d543ac-e7b8-3b6c-b24f-035fc35f262b,"DICHLORODIFLUOROMETHANE (OR) METHANE, DICHLORODIFLUORO-",WASTE_FLOW,5.897681028177608e-07,kg,,,기본 공급자가 없거나 그 공정의 기준 흐름을 읽지 못했다.
769b5382-a7ae-3c79-aedc-4c228b2e1ef0,Electricity - WIND - California Independent System Operator,1b0ee7da-153d-34a5-86b3-723efa6e177b,CHROMIUM,WASTE_FLOW,13.904799151346392,kg,,,기본 공급자가 없거나 그 공정의 기준 흐름을 읽지 못했다.
769b5382-a7ae-3c79-aedc-4c228b2e1ef0,Electricity - WIND - California Independent System Operator,18c6b770-4063-37d6-930c-64bf5a274910,IGNITABLE WASTE,WASTE_FLOW,0.03469953870869033,kg,,,기본 공급자가 없거나 그 공정의 기준 흐름을 읽지 못했다.
769b5382-a7ae-3c79-aedc-4c228b2e1ef0,Electricity - WIND - California Independent System Operator,d5d165f8-aad3-3b82-a849-1d158c5d031d,CORROSIVE WASTE,WASTE_FLOW,0.11805738000001714,kg,,,기본 공급자가 없거나 그 공정의 기준 흐름을 읽지 못했다.
76a47261-8a9c-30a2-93a6-f5a029aded6f,Bauxite; at mine,25d73e00-0b36-4a76-b168-087f1ab49c03,"Disposal, solid waste; to unspecified treatment",WASTE_FLOW,0.13604,kg,,,기본 공급자가 없거나 그 공정의 기준 흐름을 읽지 못했다.
7799609b-05f9-3c4e-a2b2-8200f267941c,"Electricity - GAS - Electric Reliability Council of Texas, Inc.",14d67c68-0a06-328b-9347-1aaa9bc5f53a,"Water, reclaimed",PRODUCT_FLOW,-242.2127586824257,kg,,,기본 공급자가 없거나 그 공정의 기준 흐름을 읽지 못했다.
786522bf-e3a2-3db6-8794-a8d26a370faa,Wheat harvest; single pass,c996b71a-7c35-3f2b-9c91-050653e2da43,Combine harvesting,PRODUCT_FLOW,-1.4,m2,,,기본 공급자가 없거나 그 공정의 기준 흐름을 읽지 못했다.
7aa8e2ff-0e2f-3e6c-b168-ec5168b4be6a,"Ethanol; denatured; wheat straw, biochemical",400b2d60-d2b9-3e36-a89f-53a7f1349f86,Chemicals organic; at plant,PRODUCT_FLOW,-24.9,kg,,,기본 공급자가 없거나 그 공정의 기준 흐름을 읽지 못했다.
7aa8e2ff-0e2f-3e6c-b168-ec5168b4be6a,"Ethanol; denatured; wheat straw, biochemical",f670bb2d-c28a-3a08-9b9c-cc50bca5d126,Energy; output,PRODUCT_FLOW,-70560.0,MJ,,,기본 공급자가 없거나 그 공정의 기준 흐름을 읽지 못했다.
7aa8e2ff-0e2f-3e6c-b168-ec5168b4be6a,"Ethanol; denatured; wheat straw, biochemical",91f5f6a2-c435-36ba-9adf-64512fcff252,Chemicals inorganic; at plant,PRODUCT_FLOW,-1.9,kg,,,기본 공급자가 없거나 그 공정의 기준 흐름을 읽지 못했다.
7aa8e2ff-0e2f-3e6c-b168-ec5168b4be6a,"Ethanol; denatured; wheat straw, biochemical",ef92f640-ee9a-3199-8961-1decb41e875e,Ethanol fermentation plant,PRODUCT_FLOW,-2.97e-05,Item(s),,,기본 공급자가 없거나 그 공정의 기준 흐름을 읽지 못했다.
7aa8e2ff-0e2f-3e6c-b168-ec5168b4be6a,"Ethanol; denatured; wheat straw, biochemical",57ce615d-ee8c-3c8d-8693-356b330f8445,Sulphite; at plant,PRODUCT_FLOW,-0.333,kg,,,기본 공급자가 없거나 그 공정의 기준 흐름을 읽지 못했다.
7b02a420-ca37-3ce9-9dfd-02405076fa4c,"Electricity - MIXED - PJM Interconnection, LLC",f5bb2272-b96d-30c8-bbd2-97ac661eb879,"THE FOLLOWING SPENT NONHALOGENATED SOLVENTS: XYLENE, ACETONE, ETHYL ACETATE, ETHYL BENZENE, ETHYL ETHER, METHYL ISOBUTYL KETONE, N-BUTYL ALCOHOL, CYCLOHEXANONE, AND METHANOL; ALL SPENT SOLVENT MIXTURES/BLENDS CONTAINING, BEFORE USE, ONLY THE ABOVE SPENT N",WASTE_FLOW,0.00010591601522980226,kg,,,기본 공급자가 없거나 그 공정의 기준 흐름을 읽지 못했다.
7b02a420-ca37-3ce9-9dfd-02405076fa4c,"Electricity - MIXED - PJM Interconnection, LLC",14d67c68-0a06-328b-9347-1aaa9bc5f53a,"Water, reclaimed",PRODUCT_FLOW,-726.321236237962,kg,,,기본 공급자가 없거나 그 공정의 기준 흐름을 읽지 못했다.
7b02a420-ca37-3ce9-9dfd-02405076fa4c,"Electricity - MIXED - PJM Interconnection, LLC",18c6b770-4063-37d6-930c-64bf5a274910,IGNITABLE WASTE,WASTE_FLOW,7.498478954322284e-06,kg,,,기본 공급자가 없거나 그 공정의 기준 흐름을 읽지 못했다.
7b02a420-ca37-3ce9-9dfd-02405076fa4c,"Electricity - MIXED - PJM Interconnection, LLC",3943bd3e-5354-3f3b-9d2a-ad12d1250b14,MERCURY,WASTE_FLOW,6.02556344543755e-06,kg,,,기본 공급자가 없거나 그 공정의 기준 흐름을 읽지 못했다.
7b02a420-ca37-3ce9-9dfd-02405076fa4c,"Electricity - MIXED - PJM Interconnection, LLC",d5d165f8-aad3-3b82-a849-1d158c5d031d,CORROSIVE WASTE,WASTE_FLOW,0.0002830675805256662,kg,,,기본 공급자가 없거나 그 공정의 기준 흐름을 읽지 못했다.
7b02a420-ca37-3ce9-9dfd-02405076fa4c,"Electricity - MIXED - PJM Interconnection, LLC",e382de33-5d82-3ead-a045-f676eebd7667,OTH INORGANIC SOLIDS,WASTE_FLOW,0.0025173465060939096,kg,,,기본 공급자가 없거나 그 공정의 기준 흐름을 읽지 못했다.
7b02a420-ca37-3ce9-9dfd-02405076fa4c,"Electricity - MIXED - PJM Interconnection, LLC",2c0313f3-cd99-363f-9f3c-f34d8a1d0208,LEAD,WASTE_FLOW,5.3560563959444894e-05,kg,,,기본 공급자가 없거나 그 공정의 기준 흐름을 읽지 못했다.
7b02a420-ca37-3ce9-9dfd-02405076fa4c,"Electricity - MIXED - PJM Interconnection, LLC",7fdc2f5e-70bd-3dd4-a6c0-288a85597858,OTHER AQUEOUS WST,WASTE_FLOW,1.4059648039354282e-05,kg,,,기본 공급자가 없거나 그 공정의 기준 흐름을 읽지 못했다.
7b0a1fe7-1e20-3960-a03b-8f8caeaec34b,Electricity - SOLAR - California Independent System Operator,d5d165f8-aad3-3b82-a849-1d158c5d031d,CORROSIVE WASTE,WASTE_FLOW,0.1272658051918289,kg,,,기본 공급자가 없거나 그 공정의 기준 흐름을 읽지 못했다.
7b0a1fe7-1e20-3960-a03b-8f8caeaec34b,Electricity - SOLAR - California Independent System Operator,f5bb2272-b96d-30c8-bbd2-97ac661eb879,"THE FOLLOWING SPENT NONHALOGENATED SOLVENTS: XYLENE, ACETONE, ETHYL ACETATE, ETHYL BENZENE, ETHYL ETHER, METHYL ISOBUTYL KETONE, N-BUTYL ALCOHOL, CYCLOHEXANONE, AND METHANOL; ALL SPENT SOLVENT MIXTURES/BLENDS CONTAINING, BEFORE USE, ONLY THE ABOVE SPENT N",WASTE_FLOW,0.07128013455986336,kg,,,기본 공급자가 없거나 그 공정의 기준 흐름을 읽지 못했다.
7b0a1fe7-1e20-3960-a03b-8f8caeaec34b,Electricity - SOLAR - California Independent System Operator,e382de33-5d82-3ead-a045-f676eebd7667,OTH INORGANIC SOLIDS,WASTE_FLOW,0.0034062327871048404,kg,,,기본 공급자가 없거나 그 공정의 기준 흐름을 읽지 못했다.
7b0a1fe7-1e20-3960-a03b-8f8caeaec34b,Electricity - SOLAR - California Independent System Operator,2c0313f3-cd99-363f-9f3c-f34d8a1d0208,LEAD,WASTE_FLOW,0.17822514666279693,kg,,,기본 공급자가 없거나 그 공정의 기준 흐름을 읽지 못했다.
7b0a1fe7-1e20-3960-a03b-8f8caeaec34b,Electricity - SOLAR - California Independent System Operator,1a9de0ae-0cd6-3b0d-beb6-5c72f668115e,"CARBARYL (OR) 1-NAPHTHALENOL, METHYLCARBAMATE",WASTE_FLOW,0.0002964343128237185,kg,,,기본 공급자가 없거나 그 공정의 기준 흐름을 읽지 못했다.
7b0a1fe7-1e20-3960-a03b-8f8caeaec34b,Electricity - SOLAR - California Independent System Operator,ae6699f4-beff-3f26-8ec1-0d58b5deae89,"THE FOLLOWING SPENT NONHALOGENATED SOLVENTS: TOLUENE, METHYL ETHYL KETONE, CARBON DISULFIDE, ISOBUTANOL, PYRIDINE, BENZENE, 2-ETHOXYETHANOL, AND 2-NITROPROPANE; ALL SPENT SOLVENT MIXTURES/BLENDS CONTAINING, BEFORE USE, A TOTAL OF TEN PERCENT OR MORE (BY V",WASTE_FLOW,0.0063429578116627975,kg,,,기본 공급자가 없거나 그 공정의 기준 흐름을 읽지 못했다.
7b0a1fe7-1e20-3960-a03b-8f8caeaec34b,Electricity - SOLAR - California Independent System Operator,9e6a8a52-6512-39f4-868b-2770a065da09,SILVER,WASTE_FLOW,0.013775910115199144,kg,,,기본 공급자가 없거나 그 공정의 기준 흐름을 읽지 못했다.
7b0a1fe7-1e20-3960-a03b-8f8caeaec34b,Electricity - SOLAR - California Independent System Operator,f8398592-014f-3f3c-a4ac-a792b6f6dada,WASTE PHARMACEUTICAL,WASTE_FLOW,0.02585422745758171,kg,,,기본 공급자가 없거나 그 공정의 기준 흐름을 읽지 못했다.
7b0a1fe7-1e20-3960-a03b-8f8caeaec34b,Electricity - SOLAR - California Independent System Operator,21cf0466-d28e-3708-b6dc-619013141c26,SODIUM AZIDE,WASTE_FLOW,0.00010126638015717094,kg,,,기본 공급자가 없거나 그 공정의 기준 흐름을 읽지 못했다.
7b0a1fe7-1e20-3960-a03b-8f8caeaec34b,Electricity - SOLAR - California Independent System Operator,36693162-edff-38f9-8112-55fb1e802159,COMPRESSED GAS,WASTE_FLOW,0.006725928849348099,kg,,,기본 공급자가 없거나 그 공정의 기준 흐름을 읽지 못했다.
7b0a1fe7-1e20-3960-a03b-8f8caeaec34b,Electricity - SOLAR - California Independent System Operator,3943bd3e-5354-3f3b-9d2a-ad12d1250b14,MERCURY,WASTE_FLOW,0.004687712797821039,kg,,,기본 공급자가 없거나 그 공정의 기준 흐름을 읽지 못했다.
7b0a1fe7-1e20-3960-a03b-8f8caeaec34b,Electricity - SOLAR - California Independent System Operator,d2a7f29d-7c5b-3c67-b4a6-04aaf17cea15,FORMALDEHYDE,WASTE_FLOW,0.0002209448294338275,kg,,,기본 공급자가 없거나 그 공정의 기준 흐름을 읽지 못했다.
7b0a1fe7-1e20-3960-a03b-8f8caeaec34b,Electricity - SOLAR - California Independent System Operator,113939b4-7ab7-3869-940d-e447e26d88d3,"2H-1-BENZOPYRAN-2-ONE, 4-HYDROXY-3-(3-OXO-1-PHENYLBUTYL)-, & SALTS, WHEN PRESENT AT CONCENTRATIONS GREATER THAN 0.3% (OR) WARFARIN, & SALTS, WHEN PRESENT AT CONCENTRATIONS GREATER THAN 0.3%",WASTE_FLOW,0.00013072569074834792,kg,,,기본 공급자가 없거나 그 공정의 기준 흐름을 읽지 못했다.
7b0a1fe7-1e20-3960-a03b-8f8caeaec34b,Electricity - SOLAR - California Independent System Operator,1296b2d3-2fc0-3a8a-b913-45da9093c4df,REACTIVE WASTE,WASTE_FLOW,1.8412069119485623e-05,kg,,,기본 공급자가 없거나 그 공정의 기준 흐름을 읽지 못했다.
7b0a1fe7-1e20-3960-a03b-8f8caeaec34b,Electricity - SOLAR - California Independent System Operator,50a90a6b-bb89-32e4-bc27-7725250477bc,OTH ORGANIC LIQUID,WASTE_FLOW,0.03971115067690659,kg,,,기본 공급자가 없거나 그 공정의 기준 흐름을 읽지 못했다.
7b0a1fe7-1e20-3960-a03b-8f8caeaec34b,Electricity - SOLAR - California Independent System Operator,97feaf00-5ed9-3505-945f-f345d544d528,NAPHTHALENE,WASTE_FLOW,7.733069030183962e-05,kg,,,기본 공급자가 없거나 그 공정의 기준 흐름을 읽지 못했다.
7b0a1fe7-1e20-3960-a03b-8f8caeaec34b,Electricity - SOLAR - California Independent System Operator,febaa7d3-9f4f-3bd2-98ea-39b627db2913,SPENT ACID,WASTE_FLOW,0.010586939743704232,kg,,,기본 공급자가 없거나 그 공정의 기준 흐름을 읽지 못했다.
7b0a1fe7-1e20-3960-a03b-8f8caeaec34b,Electricity - SOLAR - California Independent System Operator,6979e05b-10bb-370e-be59-6ebc9ac1ee14,PHENOL,WASTE_FLOW,0.005302675906411859,kg,,,기본 공급자가 없거나 그 공정의 기준 흐름을 읽지 못했다.
7b0a1fe7-1e20-3960-a03b-8f8caeaec34b,Electricity - SOLAR - California Independent System Operator,6b93c5a5-c395-37e4-915e-188fc143d033,AQUEOUS W/O CYANIDES,WASTE_FLOW,0.008186005930523307,kg,,,기본 공급자가 없거나 그 공정의 기준 흐름을 읽지 못했다.
7b0a1fe7-1e20-3960-a03b-8f8caeaec34b,Electricity - SOLAR - California Independent System Operator,66e610e1-1733-390a-82e0-d801990b71ba,LAB PACKS/NO ACUTE,WASTE_FLOW,0.03557891159235131,kg,,,기본 공급자가 없거나 그 공정의 기준 흐름을 읽지 못했다.
7b0a1fe7-1e20-3960-a03b-8f8caeaec34b,Electricity - SOLAR - California Independent System Operator,fec1ec90-e0a9-33cd-9cb7-01218fce4760,OTH INORGANIC LIQUID,WASTE_FLOW,0.003056421885903733,kg,,,기본 공급자가 없거나 그 공정의 기준 흐름을 읽지 못했다.
7b0a1fe7-1e20-3960-a03b-8f8caeaec34b,Electricity - SOLAR - California Independent System Operator,455e4bb6-174d-3f14-9cbe-e85d103b32aa,SELENIUM,WASTE_FLOW,0.014320907361135919,kg,,,기본 공급자가 없거나 그 공정의 기준 흐름을 읽지 못했다.
7b0a1fe7-1e20-3960-a03b-8f8caeaec34b,Electricity - SOLAR - California Independent System Operator,a3835f5d-6425-3a65-b6d7-6ab3132e228a,BATTERIES,WASTE_FLOW,3.498293132702268e-05,kg,,,기본 공급자가 없거나 그 공정의 기준 흐름을 읽지 못했다.
7b0a1fe7-1e20-3960-a03b-8f8caeaec34b,Electricity - SOLAR - California Independent System Operator,dfb4b5ad-233d-3d04-86f0-c3b361ca5475,CHLOROFORM,WASTE_FLOW,1.1047241471691375e-05,kg,,,기본 공급자가 없거나 그 공정의 기준 흐름을 읽지 못했다.
7b0a1fe7-1e20-3960-a03b-8f8caeaec34b,Electricity - SOLAR - California Independent System Operator,cba57723-fb37-34c5-afcb-a8ef46813b2a,SOLVENT MIXTURE,WASTE_FLOW,0.004428102623236291,kg,,,기본 공급자가 없거나 그 공정의 기준 흐름을 읽지 못했다.
7b0a1fe7-1e20-3960-a03b-8f8caeaec34b,Electricity - SOLAR - California Independent System Operator,25d6a001-078d-3f10-8905-d280b3f0a9f8,ACIDIC AQUEOUS WST,WASTE_FLOW,0.0337675138203072,kg,,,기본 공급자가 없거나 그 공정의 기준 흐름을 읽지 못했다.
7b0a1fe7-1e20-3960-a03b-8f8caeaec34b,Electricity - SOLAR - California Independent System Operator,10ce21c1-ec96-3705-99d2-98020a4daa25,"ETHENE, TETRACHLORO- (OR) TETRACHLOROETHYLENE",WASTE_FLOW,4.41889658867655e-05,kg,,,기본 공급자가 없거나 그 공정의 기준 흐름을 읽지 못했다.
7b0a1fe7-1e20-3960-a03b-8f8caeaec34b,Electricity - SOLAR - California Independent System Operator,1b0ee7da-153d-34a5-86b3-723efa6e177b,CHROMIUM,WASTE_FLOW,0.0011047241471691372,kg,,,기본 공급자가 없거나 그 공정의 기준 흐름을 읽지 못했다.
7b0a1fe7-1e20-3960-a03b-8f8caeaec34b,Electricity - SOLAR - California Independent System Operator,18c6b770-4063-37d6-930c-64bf5a274910,IGNITABLE WASTE,WASTE_FLOW,0.05578120460439364,kg,,,기본 공급자가 없거나 그 공정의 기준 흐름을 읽지 못했다.
7b0a1fe7-1e20-3960-a03b-8f8caeaec34b,Electricity - SOLAR - California Independent System Operator,842813ca-6b14-36d4-b35b-5b5ee4b8bf61,LAB PACKS/ACUTE,WASTE_FLOW,0.00015097896677978212,kg,,,기본 공급자가 없거나 그 공정의 기준 흐름을 읽지 못했다.
7b0a1fe7-1e20-3960-a03b-8f8caeaec34b,Electricity - SOLAR - California Independent System Operator,7fdc2f5e-70bd-3dd4-a6c0-288a85597858,OTHER AQUEOUS WST,WASTE_FLOW,0.0007788305237542418,kg,,,기본 공급자가 없거나 그 공정의 기준 흐름을 읽지 못했다.
7b0a1fe7-1e20-3960-a03b-8f8caeaec34b,Electricity - SOLAR - California Independent System Operator,ac647bd3-bc3d-3033-a9d9-fab4f44889d0,OTH ORGANIC SOLIDS,WASTE_FLOW,0.0016165796686908379,kg,,,기본 공급자가 없거나 그 공정의 기준 흐름을 읽지 못했다.
7b0a1fe7-1e20-3960-a03b-8f8caeaec34b,Electricity - SOLAR - California Independent System Operator,eb57fdb2-dc92-378b-8727-29e05ff89d35,NONHALOGEN. SOLVENT,WASTE_FLOW,0.0813684570597428,kg,,,기본 공급자가 없거나 그 공정의 기준 흐름을 읽지 못했다.
7b0a1fe7-1e20-3960-a03b-8f8caeaec34b,Electricity - SOLAR - California Independent System Operator,751445c0-1204-3973-b58d-bdf0112cfbe5,ELECTRICAL DEVICES,WASTE_FLOW,0.001031075870691195,kg,,,기본 공급자가 없거나 그 공정의 기준 흐름을 읽지 못했다.
7b850e46-a80c-3a8f-b3e1-d0dc5f060c2f,Electricity - GAS - PacifiCorp East,d5d165f8-aad3-3b82-a849-1d158c5d031d,CORROSIVE WASTE,WASTE_FLOW,0.0026732216142554437,kg,,,기본 공급자가 없거나 그 공정의 기준 흐름을 읽지 못했다.
7c799039-b9af-30fd-a902-9a7e296796e8,Electricity - ALL - Hydro-Quebec TransEnergie,14d67c68-0a06-328b-9347-1aaa9bc5f53a,"Water, reclaimed",PRODUCT_FLOW,-5723.972306933821,kg,,,기본 공급자가 없거나 그 공정의 기준 흐름을 읽지 못했다.
7cab87cf-094d-45b8-805e-f39f5ba8e9dc,Excavation; hydraulic digger Bridge; USLCI to USEEIO,583bfc0a-5269-3196-bda3-41809ae1d4a5,Construction machinery,PRODUCT_FLOW,-2.33,USD,,,기본 공급자가 없거나 그 공정의 기준 흐름을 읽지 못했다.
7d143c72-8fbc-3be3-855c-120b67483970,Electricity - MIXED - Florida Municipal Power Pool,14d67c68-0a06-328b-9347-1aaa9bc5f53a,"Water, reclaimed",PRODUCT_FLOW,-1729.0839651790482,kg,,,기본 공급자가 없거나 그 공정의 기준 흐름을 읽지 못했다.
7f3d1b8c-b3e4-4466-86dc-0af4454a65a9,Potassium chloride Bridge; USLCI to USEEIO,21b680dd-c1f7-3f23-a1f6-5d21826b609e,Other basic inorganic chemicals,PRODUCT_FLOW,-0.228426316,USD,,,기본 공급자가 없거나 그 공정의 기준 흐름을 읽지 못했다.
7f4e8f7a-d36f-4237-a47f-63c7d4082ff1,Sodium tripolyphosphate Bridge; USLCI to USEEIO,21b680dd-c1f7-3f23-a1f6-5d21826b609e,Other basic inorganic chemicals,PRODUCT_FLOW,-0.64,USD,,,기본 공급자가 없거나 그 공정의 기준 흐름을 읽지 못했다.
7ff65272-ba66-36e0-9b21-c1ef518c9a3a,Electricity - HYDRO - New York Independent System Operator,cc41b6e9-d395-3cf7-9091-58a459a9bd08,"THE FOLLOWING SPENT HALOGENATED SOLVENTS USED IN DEGREASING: TETRACHLOROETHYLENE, TRICHLORETHYLENE, METHYLENE CHLORIDE, 1,1,1-TRICHLOROETHANE, CARBON TETRACHLORIDE AND CHLORINATED FLUOROCARBONS; ALL SPENT SOLVENT MIXTURES/BLENDS USED IN DEGREASING CONTAIN",WASTE_FLOW,0.000666325750045294,kg,,,기본 공급자가 없거나 그 공정의 기준 흐름을 읽지 못했다.
80730212-f887-362f-8385-66d5ac76c1b4,Electricity - OIL - New York Independent System Operator,d5d165f8-aad3-3b82-a849-1d158c5d031d,CORROSIVE WASTE,WASTE_FLOW,7.892764960937501,kg,,,기본 공급자가 없거나 그 공정의 기준 흐름을 읽지 못했다.
80730212-f887-362f-8385-66d5ac76c1b4,Electricity - OIL - New York Independent System Operator,f5bb2272-b96d-30c8-bbd2-97ac661eb879,"THE FOLLOWING SPENT NONHALOGENATED SOLVENTS: XYLENE, ACETONE, ETHYL ACETATE, ETHYL BENZENE, ETHYL ETHER, METHYL ISOBUTYL KETONE, N-BUTYL ALCOHOL, CYCLOHEXANONE, AND METHANOL; ALL SPENT SOLVENT MIXTURES/BLENDS CONTAINING, BEFORE USE, ONLY THE ABOVE SPENT N",WASTE_FLOW,0.42782007625000007,kg,,,기본 공급자가 없거나 그 공정의 기준 흐름을 읽지 못했다.
80730212-f887-362f-8385-66d5ac76c1b4,Electricity - OIL - New York Independent System Operator,18c6b770-4063-37d6-930c-64bf5a274910,IGNITABLE WASTE,WASTE_FLOW,6.2021024909375,kg,,,기본 공급자가 없거나 그 공정의 기준 흐름을 읽지 못했다.
80730212-f887-362f-8385-66d5ac76c1b4,Electricity - OIL - New York Independent System Operator,ae6699f4-beff-3f26-8ec1-0d58b5deae89,"THE FOLLOWING SPENT NONHALOGENATED SOLVENTS: TOLUENE, METHYL ETHYL KETONE, CARBON DISULFIDE, ISOBUTANOL, PYRIDINE, BENZENE, 2-ETHOXYETHANOL, AND 2-NITROPROPANE; ALL SPENT SOLVENT MIXTURES/BLENDS CONTAINING, BEFORE USE, A TOTAL OF TEN PERCENT OR MORE (BY V",WASTE_FLOW,0.038658440625000005,kg,,,기본 공급자가 없거나 그 공정의 기준 흐름을 읽지 못했다.
80730212-f887-362f-8385-66d5ac76c1b4,Electricity - OIL - New York Independent System Operator,3943bd3e-5354-3f3b-9d2a-ad12d1250b14,MERCURY,WASTE_FLOW,0.05154458750000001,kg,,,기본 공급자가 없거나 그 공정의 기준 흐름을 읽지 못했다.
80c78d15-eb23-3e8c-91bf-24942d4130b9,Electricity - MIXED - Southwest Power Pool,1b0ee7da-153d-34a5-86b3-723efa6e177b,CHROMIUM,WASTE_FLOW,5.169386524926719e-06,kg,,,기본 공급자가 없거나 그 공정의 기준 흐름을 읽지 못했다.
80c78d15-eb23-3e8c-91bf-24942d4130b9,Electricity - MIXED - Southwest Power Pool,f5bb2272-b96d-30c8-bbd2-97ac661eb879,"THE FOLLOWING SPENT NONHALOGENATED SOLVENTS: XYLENE, ACETONE, ETHYL ACETATE, ETHYL BENZENE, ETHYL ETHER, METHYL ISOBUTYL KETONE, N-BUTYL ALCOHOL, CYCLOHEXANONE, AND METHANOL; ALL SPENT SOLVENT MIXTURES/BLENDS CONTAINING, BEFORE USE, ONLY THE ABOVE SPENT N",WASTE_FLOW,8.684569361876887e-06,kg,,,기본 공급자가 없거나 그 공정의 기준 흐름을 읽지 못했다.
80c78d15-eb23-3e8c-91bf-24942d4130b9,Electricity - MIXED - Southwest Power Pool,18c6b770-4063-37d6-930c-64bf5a274910,IGNITABLE WASTE,WASTE_FLOW,2.4813055319648254e-05,kg,,,기본 공급자가 없거나 그 공정의 기준 흐름을 읽지 못했다.
80c78d15-eb23-3e8c-91bf-24942d4130b9,Electricity - MIXED - Southwest Power Pool,50a90a6b-bb89-32e4-bc27-7725250477bc,OTH ORGANIC LIQUID,WASTE_FLOW,1.0338773049853438e-07,kg,,,기본 공급자가 없거나 그 공정의 기준 흐름을 읽지 못했다.
80c78d15-eb23-3e8c-91bf-24942d4130b9,Electricity - MIXED - Southwest Power Pool,36693162-edff-38f9-8112-55fb1e802159,COMPRESSED GAS,WASTE_FLOW,6.513427021407666e-05,kg,,,기본 공급자가 없거나 그 공정의 기준 흐름을 읽지 못했다.
80c78d15-eb23-3e8c-91bf-24942d4130b9,Electricity - MIXED - Southwest Power Pool,d5d165f8-aad3-3b82-a849-1d158c5d031d,CORROSIVE WASTE,WASTE_FLOW,0.0005065998794428184,kg,,,기본 공급자가 없거나 그 공정의 기준 흐름을 읽지 못했다.
80c78d15-eb23-3e8c-91bf-24942d4130b9,Electricity - MIXED - Southwest Power Pool,79d7ff97-744b-3343-9b2e-26cd2758424c,CONT. DEBRIS,WASTE_FLOW,8.167630709384215e-05,kg,,,기본 공급자가 없거나 그 공정의 기준 흐름을 읽지 못했다.
80c78d15-eb23-3e8c-91bf-24942d4130b9,Electricity - MIXED - Southwest Power Pool,4a8c4a2b-bd20-32aa-b554-d8fd57d0655f,"FORMIC ACID (C,T)",WASTE_FLOW,1.0338773049853438e-07,kg,,,기본 공급자가 없거나 그 공정의 기준 흐름을 읽지 못했다.
80c78d15-eb23-3e8c-91bf-24942d4130b9,Electricity - MIXED - Southwest Power Pool,66e610e1-1733-390a-82e0-d801990b71ba,LAB PACKS/NO ACUTE,WASTE_FLOW,1.0235385319354903e-05,kg,,,기본 공급자가 없거나 그 공정의 기준 흐름을 읽지 못했다.
80c78d15-eb23-3e8c-91bf-24942d4130b9,Electricity - MIXED - Southwest Power Pool,3943bd3e-5354-3f3b-9d2a-ad12d1250b14,MERCURY,WASTE_FLOW,3.856362347595332e-05,kg,,,기본 공급자가 없거나 그 공정의 기준 흐름을 읽지 못했다.
8504caf4-bea5-3ab2-b8f9-d4861e819f92,Corn grain; harvested; at storage,6cf4a5b2-0890-3733-99c9-9c7e05e8ebc7,Transport; tractor and trailer,PRODUCT_FLOW,-16.4,t*km,,,기본 공급자가 없거나 그 공정의 기준 흐름을 읽지 못했다.
8504caf4-bea5-3ab2-b8f9-d4861e819f92,Corn grain; harvested; at storage,b9b48819-4f4c-3518-92c0-33591198c46c,Dried roughage store; non ventilated,PRODUCT_FLOW,-1.2035e-06,m3,,,기본 공급자가 없거나 그 공정의 기준 흐름을 읽지 못했다.
8504caf4-bea5-3ab2-b8f9-d4861e819f92,Corn grain; harvested; at storage,5a5e261a-2f46-3391-8bf9-84e626efeb59,Conveyor belt; at plant,PRODUCT_FLOW,-3.4747e-05,m,,,기본 공급자가 없거나 그 공정의 기준 흐름을 읽지 못했다.
8504caf4-bea5-3ab2-b8f9-d4861e819f92,Corn grain; harvested; at storage,ded62531-fa5b-3666-b34e-e2c76e81d172,Fodder loading; by self-loading trailer,PRODUCT_FLOW,-28.317,m3,,,기본 공급자가 없거나 그 공정의 기준 흐름을 읽지 못했다.
8614ca58-dd7d-4102-9fd5-ea6852fb5a2c,"Sawn lumber, softwood; rough, green; at sawmill",b003f26f-e4d9-334a-8c25-e60d46315eb7,Sawdust; softwood; green; at sawmill,PRODUCT_FLOW,51.22,kg,,,기본 공급자가 없거나 그 공정의 기준 흐름을 읽지 못했다.
8614ca58-dd7d-4102-9fd5-ea6852fb5a2c,"Sawn lumber, softwood; rough, green; at sawmill",73c7494d-4e93-3769-896b-8bb82f0dfccc,"Transport, train, diesel powered",PRODUCT_FLOW,-13.78,t*km,,,기본 공급자가 없거나 그 공정의 기준 흐름을 읽지 못했다.
8614ca58-dd7d-4102-9fd5-ea6852fb5a2c,"Sawn lumber, softwood; rough, green; at sawmill",f4e19741-e926-3559-bf34-d54bd937ab6a,"Chips, softwood; green; at sawmill",PRODUCT_FLOW,387.02,kg,,,기본 공급자가 없거나 그 공정의 기준 흐름을 읽지 못했다.
8614ca58-dd7d-4102-9fd5-ea6852fb5a2c,"Sawn lumber, softwood; rough, green; at sawmill",628c07ec-0802-39c1-ab88-1c62848ef436,Transport; combination truck; diesel powered,PRODUCT_FLOW,-181.78,t*km,,,기본 공급자가 없거나 그 공정의 기준 흐름을 읽지 못했다.
8614ca58-dd7d-4102-9fd5-ea6852fb5a2c,"Sawn lumber, softwood; rough, green; at sawmill",8eefe5ec-36e3-34d8-94cc-58780605e2a2,Bark; softwood; green; at sawmill,PRODUCT_FLOW,78.77,kg,,,기본 공급자가 없거나 그 공정의 기준 흐름을 읽지 못했다.
8614ca58-dd7d-4102-9fd5-ea6852fb5a2c,"Sawn lumber, softwood; rough, green; at sawmill",857b6119-e3cf-4403-9541-c3c64f5620ef,"Green coproducts, softwood; fuel; at sawmill",PRODUCT_FLOW,130.07,kg,,,기본 공급자가 없거나 그 공정의 기준 흐름을 읽지 못했다.
86b82e86-9e15-346e-a754-cb77b1d36d5d,Electricity - ALL - New Brunswick System Operator,14d67c68-0a06-328b-9347-1aaa9bc5f53a,"Water, reclaimed",PRODUCT_FLOW,-4351.635566249885,kg,,,기본 공급자가 없거나 그 공정의 기준 흐름을 읽지 못했다.
86f13a15-a773-4945-8b1a-46158a77d131,Sodium hydrogen sulfite; 40% in solution Bridge; USLCI to USEEIO,21b680dd-c1f7-3f23-a1f6-5d21826b609e,Other basic inorganic chemicals,PRODUCT_FLOW,-1.37,USD,,,기본 공급자가 없거나 그 공정의 기준 흐름을 읽지 못했다.
88aee762-4aa0-301f-b579-cca5d636aa0d,"Soybean oil; crude, degummed; at plant",7e842806-8f5e-3986-9a3b-a6398fae9cbf,Heat; from landfill gas,PRODUCT_FLOW,-31.5699369747899,MJ,,,기본 공급자가 없거나 그 공정의 기준 흐름을 읽지 못했다.
88aee762-4aa0-301f-b579-cca5d636aa0d,"Soybean oil; crude, degummed; at plant",b80efd1d-92b2-377d-9795-3796c6553784,Heat; from biomass,PRODUCT_FLOW,-63.1398739495798,MJ,,,기본 공급자가 없거나 그 공정의 기준 흐름을 읽지 못했다.
88aee762-4aa0-301f-b579-cca5d636aa0d,"Soybean oil; crude, degummed; at plant",7224edad-d8e7-48db-9fa7-0e49bbca75b6,"Disposal, solid waste; to unspecified landfill",WASTE_FLOW,8.7,kg,,,기본 공급자가 없거나 그 공정의 기준 흐름을 읽지 못했다.
88aee762-4aa0-301f-b579-cca5d636aa0d,"Soybean oil; crude, degummed; at plant",27eb16da-5cbe-393a-a616-1022c15a8d72,Hexane; at plant,PRODUCT_FLOW,-2.96,kg,,,기본 공급자가 없거나 그 공정의 기준 흐름을 읽지 못했다.
88aee762-4aa0-301f-b579-cca5d636aa0d,"Soybean oil; crude, degummed; at plant",0a09b436-a529-3355-b5b7-120a90eac178,"Soybean oil; crude, degummed; at plant",PRODUCT_FLOW,1000.0,kg,,,기본 공급자가 없거나 그 공정의 기준 흐름을 읽지 못했다.
88b44b36-2322-39a8-9c54-6b89b1b43cd4,Iron and steel; production mix,87f08e97-c8ca-3ff5-9cfe-0b2e7271180a,Steel; secondary; at plant,PRODUCT_FLOW,-0.56,kg,,,기본 공급자가 없거나 그 공정의 기준 흐름을 읽지 못했다.
88f64730-8d2a-4b09-9eac-6a2c616045e8,Polydadmac Bridge; USLCI to USEEIO,73c55a19-ecdc-3918-8dcb-8e6f7f1bf9bd,Other basic organic chemicals,PRODUCT_FLOW,-1.01,USD,,,기본 공급자가 없거나 그 공정의 기준 흐름을 읽지 못했다.
894fa440-ba2e-4433-95f3-faecbc4a7a97,Chemical; unspecified; for wastewater treatment Bridge; USLCI to USEEIO,21b680dd-c1f7-3f23-a1f6-5d21826b609e,Other basic inorganic chemicals,PRODUCT_FLOW,-0.330292105,USD,,,기본 공급자가 없거나 그 공정의 기준 흐름을 읽지 못했다.
89a2b59a-1ca2-34f5-acc8-a8eaaa6fa870,Injection molding; rigid polypropylene part; at plant,f6d02520-2139-30b7-9445-5ffe68b4fb5c,Colorant; at plant,PRODUCT_FLOW,-0.0194,kg,,,기본 공급자가 없거나 그 공정의 기준 흐름을 읽지 못했다.
89a2b59a-1ca2-34f5-acc8-a8eaaa6fa870,Injection molding; rigid polypropylene part; at plant,1001ec37-92aa-476b-b7da-ef7ca70e4f50,"Disposal, industrial solid waste",WASTE_FLOW,0.1,kg,,,기본 공급자가 없거나 그 공정의 기준 흐름을 읽지 못했다.
89a2b59a-1ca2-34f5-acc8-a8eaaa6fa870,Injection molding; rigid polypropylene part; at plant,f7da6efe-3cc2-4e7e-ad77-0d2160f2bf4b,"Disposal, chemical waste; unspecified; to residual material landfill",WASTE_FLOW,0.045,kg,,,기본 공급자가 없거나 그 공정의 기준 흐름을 읽지 못했다.
8a62a285-537e-36b0-bdc3-3af4bfd205a3,"Wood fuel; hardwood, generated at lumber mill; combusted in industrial boiler",25d73e00-0b36-4a76-b168-087f1ab49c03,"Disposal, solid waste; to unspecified treatment",WASTE_FLOW,0.0882,kg,,,기본 공급자가 없거나 그 공정의 기준 흐름을 읽지 못했다.
8a62a285-537e-36b0-bdc3-3af4bfd205a3,"Wood fuel; hardwood, generated at lumber mill; combusted in industrial boiler",23de2b44-d931-39f7-b2c8-d56346794608,Wood fuel; hardwood; kiln-dried; at planer mill,PRODUCT_FLOW,-0.32,kg,35bd31d8-b0b1-3da8-a553-df33ccd9e452,Sawn lumber; hardwood; rough; kiln dried; at kiln; SE,차원이 다르다: kg(mass) -> m3(volume)
8d01a30f-06f4-3478-adda-dfa1eb8e3772,Electricity - SOLAR - Public Service Company of Colorado,66e610e1-1733-390a-82e0-d801990b71ba,LAB PACKS/NO ACUTE,WASTE_FLOW,0.3544119668685646,kg,,,기본 공급자가 없거나 그 공정의 기준 흐름을 읽지 못했다.
8d01a30f-06f4-3478-adda-dfa1eb8e3772,Electricity - SOLAR - Public Service Company of Colorado,ac647bd3-bc3d-3033-a9d9-fab4f44889d0,OTH ORGANIC SOLIDS,WASTE_FLOW,0.4982372883070865,kg,,,기본 공급자가 없거나 그 공정의 기준 흐름을 읽지 못했다.
8d01a30f-06f4-3478-adda-dfa1eb8e3772,Electricity - SOLAR - Public Service Company of Colorado,d5d165f8-aad3-3b82-a849-1d158c5d031d,CORROSIVE WASTE,WASTE_FLOW,1.6136179589671316,kg,,,기본 공급자가 없거나 그 공정의 기준 흐름을 읽지 못했다.
8d01a30f-06f4-3478-adda-dfa1eb8e3772,Electricity - SOLAR - Public Service Company of Colorado,e382de33-5d82-3ead-a045-f676eebd7667,OTH INORGANIC SOLIDS,WASTE_FLOW,0.01909428813749243,kg,,,기본 공급자가 없거나 그 공정의 기준 흐름을 읽지 못했다.
8d01a30f-06f4-3478-adda-dfa1eb8e3772,Electricity - SOLAR - Public Service Company of Colorado,50a90a6b-bb89-32e4-bc27-7725250477bc,OTH ORGANIC LIQUID,WASTE_FLOW,0.5926097771592975,kg,,,기본 공급자가 없거나 그 공정의 기준 흐름을 읽지 못했다.
8d01a30f-06f4-3478-adda-dfa1eb8e3772,Electricity - SOLAR - Public Service Company of Colorado,6a41027e-3557-329e-be45-1ae193bf2740,BARIUM,WASTE_FLOW,0.12239576065112054,kg,,,기본 공급자가 없거나 그 공정의 기준 흐름을 읽지 못했다.
8d01a30f-06f4-3478-adda-dfa1eb8e3772,Electricity - SOLAR - Public Service Company of Colorado,d2df6bc1-bff9-3bc1-8c80-5aa3a2fc236a,"NICOTINE, & SALTS (OR) PYRIDINE, 3-(1-METHYL-2-PYRROLIDINYL)-,(S)-, & SALTS",WASTE_FLOW,0.003681488648092066,kg,,,기본 공급자가 없거나 그 공정의 기준 흐름을 읽지 못했다.
8d01a30f-06f4-3478-adda-dfa1eb8e3772,Electricity - SOLAR - Public Service Company of Colorado,7fdc2f5e-70bd-3dd4-a6c0-288a85597858,OTHER AQUEOUS WST,WASTE_FLOW,0.0560465435978195,kg,,,기본 공급자가 없거나 그 공정의 기준 흐름을 읽지 못했다.
8d01a30f-06f4-3478-adda-dfa1eb8e3772,Electricity - SOLAR - Public Service Company of Colorado,19a373c5-af0a-3a97-ac48-4c3bc2fb6958,METHANOL (I) (OR) METHYL ALCOHOL (I),WASTE_FLOW,0.049866642899875226,kg,,,기본 공급자가 없거나 그 공정의 기준 흐름을 읽지 못했다.
8d01a30f-06f4-3478-adda-dfa1eb8e3772,Electricity - SOLAR - Public Service Company of Colorado,febaa7d3-9f4f-3bd2-98ea-39b627db2913,SPENT ACID,WASTE_FLOW,0.010529689430848577,kg,,,기본 공급자가 없거나 그 공정의 기준 흐름을 읽지 못했다.
8d01a30f-06f4-3478-adda-dfa1eb8e3772,Electricity - SOLAR - Public Service Company of Colorado,7dcba92a-dbe1-3252-bef7-1eba8a42353d,"2-BUTANONE, PEROXIDE (R,T) (OR) METHYL ETHYL KETONE PEROXIDE (R,T)",WASTE_FLOW,0.0016484277528770444,kg,,,기본 공급자가 없거나 그 공정의 기준 흐름을 읽지 못했다.
8d01a30f-06f4-3478-adda-dfa1eb8e3772,Electricity - SOLAR - Public Service Company of Colorado,2c0313f3-cd99-363f-9f3c-f34d8a1d0208,LEAD,WASTE_FLOW,2.1647977464657786,kg,,,기본 공급자가 없거나 그 공정의 기준 흐름을 읽지 못했다.
8d01a30f-06f4-3478-adda-dfa1eb8e3772,Electricity - SOLAR - Public Service Company of Colorado,fec1ec90-e0a9-33cd-9cb7-01218fce4760,OTH INORGANIC LIQUID,WASTE_FLOW,0.05027704646274985,kg,,,기본 공급자가 없거나 그 공정의 기준 흐름을 읽지 못했다.
8d01a30f-06f4-3478-adda-dfa1eb8e3772,Electricity - SOLAR - Public Service Company of Colorado,18c6b770-4063-37d6-930c-64bf5a274910,IGNITABLE WASTE,WASTE_FLOW,1.010074105575409,kg,,,기본 공급자가 없거나 그 공정의 기준 흐름을 읽지 못했다.
8d01a30f-06f4-3478-adda-dfa1eb8e3772,Electricity - SOLAR - Public Service Company of Colorado,5a5bd8b3-54b4-34e2-bb86-45fd5862a9eb,"HYDROFLUORIC ACID (C,T) (OR) HYDROGEN FLUORIDE (C,T)",WASTE_FLOW,0.016759015487583285,kg,,,기본 공급자가 없거나 그 공정의 기준 흐름을 읽지 못했다.
8d01a30f-06f4-3478-adda-dfa1eb8e3772,Electricity - SOLAR - Public Service Company of Colorado,79d7ff97-744b-3343-9b2e-26cd2758424c,CONT. DEBRIS,WASTE_FLOW,0.012912684064203513,kg,,,기본 공급자가 없거나 그 공정의 기준 흐름을 읽지 못했다.
8d01a30f-06f4-3478-adda-dfa1eb8e3772,Electricity - SOLAR - Public Service Company of Colorado,a3835f5d-6425-3a65-b6d7-6ab3132e228a,BATTERIES,WASTE_FLOW,0.0030221175469412474,kg,,,기본 공급자가 없거나 그 공정의 기준 흐름을 읽지 못했다.
8d01a30f-06f4-3478-adda-dfa1eb8e3772,Electricity - SOLAR - Public Service Company of Colorado,3943bd3e-5354-3f3b-9d2a-ad12d1250b14,MERCURY,WASTE_FLOW,0.09038878844942459,kg,,,기본 공급자가 없거나 그 공정의 기준 흐름을 읽지 못했다.
8e3e47ea-ed49-329e-8931-29115917bc81,"Ethanol; denatured, corn dry mill",ef92f640-ee9a-3199-8961-1decb41e875e,Ethanol fermentation plant,PRODUCT_FLOW,-7.19e-06,Item(s),,,기본 공급자가 없거나 그 공정의 기준 흐름을 읽지 못했다.
8e3e47ea-ed49-329e-8931-29115917bc81,"Ethanol; denatured, corn dry mill",382e1e84-36d0-31b8-88b4-5ceaf7c46106,Yeast paste; from whey; at fermentation,PRODUCT_FLOW,-60.0,kg,,,기본 공급자가 없거나 그 공정의 기준 흐름을 읽지 못했다.
8e3e47ea-ed49-329e-8931-29115917bc81,"Ethanol; denatured, corn dry mill",0a61808a-df04-3ec0-8c2b-93d4f5cf9fbf,Distillers dried grains with solubles,PRODUCT_FLOW,15000.0,kg,,,기본 공급자가 없거나 그 공정의 기준 흐름을 읽지 못했다.
8e3e47ea-ed49-329e-8931-29115917bc81,"Ethanol; denatured, corn dry mill",39fa5db7-4bae-36f9-ae67-e2ccd67c318a,Heat; at cogen with ignition biogas engine; allocation exergy,PRODUCT_FLOW,-12457.0,MJ,,,기본 공급자가 없거나 그 공정의 기준 흐름을 읽지 못했다.
8e3e47ea-ed49-329e-8931-29115917bc81,"Ethanol; denatured, corn dry mill",f670bb2d-c28a-3a08-9b9c-cc50bca5d126,Energy; output,PRODUCT_FLOW,-299000.0,MJ,,,기본 공급자가 없거나 그 공정의 기준 흐름을 읽지 못했다.
900aab9b-753f-3c6c-ab88-b108bbb62f6c,Electricity - HYDRO - California Independent System Operator,2c0313f3-cd99-363f-9f3c-f34d8a1d0208,LEAD,WASTE_FLOW,0.059475890343814536,kg,,,기본 공급자가 없거나 그 공정의 기준 흐름을 읽지 못했다.
900aab9b-753f-3c6c-ab88-b108bbb62f6c,Electricity - HYDRO - California Independent System Operator,18c6b770-4063-37d6-930c-64bf5a274910,IGNITABLE WASTE,WASTE_FLOW,0.0005231094518058501,kg,,,기본 공급자가 없거나 그 공정의 기준 흐름을 읽지 못했다.
900aab9b-753f-3c6c-ab88-b108bbb62f6c,Electricity - HYDRO - California Independent System Operator,66e610e1-1733-390a-82e0-d801990b71ba,LAB PACKS/NO ACUTE,WASTE_FLOW,0.0002852287087272901,kg,,,기본 공급자가 없거나 그 공정의 기준 흐름을 읽지 못했다.
900aab9b-753f-3c6c-ab88-b108bbb62f6c,Electricity - HYDRO - California Independent System Operator,d5d165f8-aad3-3b82-a849-1d158c5d031d,CORROSIVE WASTE,WASTE_FLOW,0.009515229723142398,kg,,,기본 공급자가 없거나 그 공정의 기준 흐름을 읽지 못했다.
900aab9b-753f-3c6c-ab88-b108bbb62f6c,Electricity - HYDRO - California Independent System Operator,79d7ff97-744b-3343-9b2e-26cd2758424c,CONT. DEBRIS,WASTE_FLOW,0.0013462795051928092,kg,,,기본 공급자가 없거나 그 공정의 기준 흐름을 읽지 못했다.
900aab9b-753f-3c6c-ab88-b108bbb62f6c,Electricity - HYDRO - California Independent System Operator,9411c75c-9039-3692-ae7f-ef4e58ab6653,HALOGENATED SOLVENT,WASTE_FLOW,2.281829669818321e-05,kg,,,기본 공급자가 없거나 그 공정의 기준 흐름을 읽지 못했다.
900aab9b-753f-3c6c-ab88-b108bbb62f6c,Electricity - HYDRO - California Independent System Operator,cba57723-fb37-34c5-afcb-a8ef46813b2a,SOLVENT MIXTURE,WASTE_FLOW,2.281829669818321e-05,kg,,,기본 공급자가 없거나 그 공정의 기준 흐름을 읽지 못했다.
905eb1d3-2325-3c65-8fb9-3cff31c784a3,Electricity - GAS - Los Angeles Department of Water and Power,14d67c68-0a06-328b-9347-1aaa9bc5f53a,"Water, reclaimed",PRODUCT_FLOW,-225.3889335529041,kg,,,기본 공급자가 없거나 그 공정의 기준 흐름을 읽지 못했다.
905eb1d3-2325-3c65-8fb9-3cff31c784a3,Electricity - GAS - Los Angeles Department of Water and Power,1b0ee7da-153d-34a5-86b3-723efa6e177b,CHROMIUM,WASTE_FLOW,5.965994007453965e-05,kg,,,기본 공급자가 없거나 그 공정의 기준 흐름을 읽지 못했다.
905eb1d3-2325-3c65-8fb9-3cff31c784a3,Electricity - GAS - Los Angeles Department of Water and Power,455e4bb6-174d-3f14-9cbe-e85d103b32aa,SELENIUM,WASTE_FLOW,0.020112558997928805,kg,,,기본 공급자가 없거나 그 공정의 기준 흐름을 읽지 못했다.
905eb1d3-2325-3c65-8fb9-3cff31c784a3,Electricity - GAS - Los Angeles Department of Water and Power,621c2925-971c-33f3-ac23-fb7fed49d40a,METHYL ETHYL KETONE,WASTE_FLOW,5.965994007453965e-05,kg,,,기본 공급자가 없거나 그 공정의 기준 흐름을 읽지 못했다.
905eb1d3-2325-3c65-8fb9-3cff31c784a3,Electricity - GAS - Los Angeles Department of Water and Power,3943bd3e-5354-3f3b-9d2a-ad12d1250b14,MERCURY,WASTE_FLOW,0.0005035133220235384,kg,,,기본 공급자가 없거나 그 공정의 기준 흐름을 읽지 못했다.
905eb1d3-2325-3c65-8fb9-3cff31c784a3,Electricity - GAS - Los Angeles Department of Water and Power,18c6b770-4063-37d6-930c-64bf5a274910,IGNITABLE WASTE,WASTE_FLOW,0.0005724039806040554,kg,,,기본 공급자가 없거나 그 공정의 기준 흐름을 읽지 못했다.
905eb1d3-2325-3c65-8fb9-3cff31c784a3,Electricity - GAS - Los Angeles Department of Water and Power,f5bb2272-b96d-30c8-bbd2-97ac661eb879,"THE FOLLOWING SPENT NONHALOGENATED SOLVENTS: XYLENE, ACETONE, ETHYL ACETATE, ETHYL BENZENE, ETHYL ETHER, METHYL ISOBUTYL KETONE, N-BUTYL ALCOHOL, CYCLOHEXANONE, AND METHANOL; ALL SPENT SOLVENT MIXTURES/BLENDS CONTAINING, BEFORE USE, ONLY THE ABOVE SPENT N",WASTE_FLOW,9.081568655791034e-05,kg,,,기본 공급자가 없거나 그 공정의 기준 흐름을 읽지 못했다.
905eb1d3-2325-3c65-8fb9-3cff31c784a3,Electricity - GAS - Los Angeles Department of Water and Power,6a41027e-3557-329e-be45-1ae193bf2740,BARIUM,WASTE_FLOW,1.6572205576261015e-06,kg,,,기본 공급자가 없거나 그 공정의 기준 흐름을 읽지 못했다.
905eb1d3-2325-3c65-8fb9-3cff31c784a3,Electricity - GAS - Los Angeles Department of Water and Power,2c0313f3-cd99-363f-9f3c-f34d8a1d0208,LEAD,WASTE_FLOW,0.014071459754803228,kg,,,기본 공급자가 없거나 그 공정의 기준 흐름을 읽지 못했다.
905eb1d3-2325-3c65-8fb9-3cff31c784a3,Electricity - GAS - Los Angeles Department of Water and Power,e50e1a15-cc5a-3d3a-8bf2-6f695268acae,SPENT FILTERS,WASTE_FLOW,0.019886646691513216,kg,,,기본 공급자가 없거나 그 공정의 기준 흐름을 읽지 못했다.
905eb1d3-2325-3c65-8fb9-3cff31c784a3,Electricity - GAS - Los Angeles Department of Water and Power,1296b2d3-2fc0-3a8a-b913-45da9093c4df,REACTIVE WASTE,WASTE_FLOW,2.0715256970326264e-05,kg,,,기본 공급자가 없거나 그 공정의 기준 흐름을 읽지 못했다.
905eb1d3-2325-3c65-8fb9-3cff31c784a3,Electricity - GAS - Los Angeles Department of Water and Power,d5d165f8-aad3-3b82-a849-1d158c5d031d,CORROSIVE WASTE,WASTE_FLOW,0.0008899274394452165,kg,,,기본 공급자가 없거나 그 공정의 기준 흐름을 읽지 못했다.
906cf3a2-6299-3d9c-8a4b-1fe4240b71da,Pulpwood; softwood; average; at forest road; NE-NC,de8f43dc-235b-327d-a574-499977ac5bc2,"Pulpwood; softwood, average; high intensity management",PRODUCT_FLOW,-0.185483788188259,m3,,,기본 공급자가 없거나 그 공정의 기준 흐름을 읽지 못했다.
906cf3a2-6299-3d9c-8a4b-1fe4240b71da,Pulpwood; softwood; average; at forest road; NE-NC,5e3d4dbf-9399-3f10-97f0-282bad612fdb,Pulpwood; softwood; average; med intensity management,PRODUCT_FLOW,-0.361130044000828,m3,,,기본 공급자가 없거나 그 공정의 기준 흐름을 읽지 못했다.
906cf3a2-6299-3d9c-8a4b-1fe4240b71da,Pulpwood; softwood; average; at forest road; NE-NC,8775796f-170f-3c8d-8429-a91ba4badb35,Pulpwood; softwood; average; low intensity management,PRODUCT_FLOW,-0.453386167810913,m3,,,기본 공급자가 없거나 그 공정의 기준 흐름을 읽지 못했다.
913eb157-e5ef-3d3a-a064-53cf62d5184a,Electricity - MIXED - California Independent System Operator,6a41027e-3557-329e-be45-1ae193bf2740,BARIUM,WASTE_FLOW,0.0013611526003725167,kg,,,기본 공급자가 없거나 그 공정의 기준 흐름을 읽지 못했다.
913eb157-e5ef-3d3a-a064-53cf62d5184a,Electricity - MIXED - California Independent System Operator,f5bb2272-b96d-30c8-bbd2-97ac661eb879,"THE FOLLOWING SPENT NONHALOGENATED SOLVENTS: XYLENE, ACETONE, ETHYL ACETATE, ETHYL BENZENE, ETHYL ETHER, METHYL ISOBUTYL KETONE, N-BUTYL ALCOHOL, CYCLOHEXANONE, AND METHANOL; ALL SPENT SOLVENT MIXTURES/BLENDS CONTAINING, BEFORE USE, ONLY THE ABOVE SPENT N",WASTE_FLOW,0.0007979170415976822,kg,,,기본 공급자가 없거나 그 공정의 기준 흐름을 읽지 못했다.
913eb157-e5ef-3d3a-a064-53cf62d5184a,Electricity - MIXED - California Independent System Operator,1296b2d3-2fc0-3a8a-b913-45da9093c4df,REACTIVE WASTE,WASTE_FLOW,0.00023468148282284771,kg,,,기본 공급자가 없거나 그 공정의 기준 흐름을 읽지 못했다.
913eb157-e5ef-3d3a-a064-53cf62d5184a,Electricity - MIXED - California Independent System Operator,18c6b770-4063-37d6-930c-64bf5a274910,IGNITABLE WASTE,WASTE_FLOW,0.005209928918667219,kg,,,기본 공급자가 없거나 그 공정의 기준 흐름을 읽지 못했다.
913eb157-e5ef-3d3a-a064-53cf62d5184a,Electricity - MIXED - California Independent System Operator,a77fca67-da10-36e3-80a9-55e12b303750,POTASSIUM CYANIDE (OR) POTASSIUM CYANIDE K(CN),WASTE_FLOW,0.00028161777938741725,kg,,,기본 공급자가 없거나 그 공정의 기준 흐름을 읽지 못했다.
913eb157-e5ef-3d3a-a064-53cf62d5184a,Electricity - MIXED - California Independent System Operator,1fde4048-7ae7-3ecd-8fb9-b690f6b4c230,ARSENIC,WASTE_FLOW,0.12723784155214074,kg,,,기본 공급자가 없거나 그 공정의 기준 흐름을 읽지 못했다.
913eb157-e5ef-3d3a-a064-53cf62d5184a,Electricity - MIXED - California Independent System Operator,9e6a8a52-6512-39f4-868b-2770a065da09,SILVER,WASTE_FLOW,0.0006571081519039736,kg,,,기본 공급자가 없거나 그 공정의 기준 흐름을 읽지 못했다.
913eb157-e5ef-3d3a-a064-53cf62d5184a,Electricity - MIXED - California Independent System Operator,21cf0466-d28e-3708-b6dc-619013141c26,SODIUM AZIDE,WASTE_FLOW,0.0015958340831953644,kg,,,기본 공급자가 없거나 그 공정의 기준 흐름을 읽지 못했다.
913eb157-e5ef-3d3a-a064-53cf62d5184a,Electricity - MIXED - California Independent System Operator,ae6699f4-beff-3f26-8ec1-0d58b5deae89,"THE FOLLOWING SPENT NONHALOGENATED SOLVENTS: TOLUENE, METHYL ETHYL KETONE, CARBON DISULFIDE, ISOBUTANOL, PYRIDINE, BENZENE, 2-ETHOXYETHANOL, AND 2-NITROPROPANE; ALL SPENT SOLVENT MIXTURES/BLENDS CONTAINING, BEFORE USE, A TOTAL OF TEN PERCENT OR MORE (BY V",WASTE_FLOW,0.0031316929666405217,kg,,,기본 공급자가 없거나 그 공정의 기준 흐름을 읽지 못했다.
913eb157-e5ef-3d3a-a064-53cf62d5184a,Electricity - MIXED - California Independent System Operator,36693162-edff-38f9-8112-55fb1e802159,COMPRESSED GAS,WASTE_FLOW,0.002440687421357616,kg,,,기본 공급자가 없거나 그 공정의 기준 흐름을 읽지 못했다.
913eb157-e5ef-3d3a-a064-53cf62d5184a,Electricity - MIXED - California Independent System Operator,66e610e1-1733-390a-82e0-d801990b71ba,LAB PACKS/NO ACUTE,WASTE_FLOW,0.005319769239887625,kg,,,기본 공급자가 없거나 그 공정의 기준 흐름을 읽지 못했다.
913eb157-e5ef-3d3a-a064-53cf62d5184a,Electricity - MIXED - California Independent System Operator,d5d165f8-aad3-3b82-a849-1d158c5d031d,CORROSIVE WASTE,WASTE_FLOW,0.007744488933153973,kg,,,기본 공급자가 없거나 그 공정의 기준 흐름을 읽지 못했다.
91beb684-4d04-38b9-8800-a274762a9d44,Alumina; at plant,25d73e00-0b36-4a76-b168-087f1ab49c03,"Disposal, solid waste; to unspecified treatment",WASTE_FLOW,1.125,kg,,,기본 공급자가 없거나 그 공정의 기준 흐름을 읽지 못했다.
94b229a6-a02f-3844-89fd-39c6293447c3,"coal extraction and processing - Illinois Basin, BIT, Processing",25804c89-c3cd-34f7-b5e6-4160fc17a7dc,polyvinyl chloride (PVC),PRODUCT_FLOW,-8.969064325220469e-05,kg,,,기본 공급자가 없거나 그 공정의 기준 흐름을 읽지 못했다.
94b229a6-a02f-3844-89fd-39c6293447c3,"coal extraction and processing - Illinois Basin, BIT, Processing",14d67c68-0a06-328b-9347-1aaa9bc5f53a,"Water, reclaimed",PRODUCT_FLOW,-4.654111113533053,kg,,,기본 공급자가 없거나 그 공정의 기준 흐름을 읽지 못했다.
94b229a6-a02f-3844-89fd-39c6293447c3,"coal extraction and processing - Illinois Basin, BIT, Processing",9f723736-35c3-4218-8dbe-a1331f56be46,Light fuel oil,PRODUCT_FLOW,-0.00195993456815614,kg,,,기본 공급자가 없거나 그 공정의 기준 흐름을 읽지 못했다.
94b229a6-a02f-3844-89fd-39c6293447c3,"coal extraction and processing - Illinois Basin, BIT, Processing",aab4c1d4-d871-40b1-8188-35999f9b751a,"Waste, solid",WASTE_FLOW,0.0016689875988570553,kg,,,기본 공급자가 없거나 그 공정의 기준 흐름을 읽지 못했다.
94b229a6-a02f-3844-89fd-39c6293447c3,"coal extraction and processing - Illinois Basin, BIT, Processing",e6653400-5caf-43f6-b1f2-89b4c01ca58d,petroleum coke,PRODUCT_FLOW,-0.00020051106618133331,kg,,,기본 공급자가 없거나 그 공정의 기준 흐름을 읽지 못했다.
94b229a6-a02f-3844-89fd-39c6293447c3,"coal extraction and processing - Illinois Basin, BIT, Processing",2db44184-7fa2-300c-b4ab-7fa9227bc0ed,zinc,PRODUCT_FLOW,-4.46923401706514e-06,kg,,,기본 공급자가 없거나 그 공정의 기준 흐름을 읽지 못했다.
94b229a6-a02f-3844-89fd-39c6293447c3,"coal extraction and processing - Illinois Basin, BIT, Processing",66c312ea-5071-3a57-9940-25a403d38dea,cast iron,PRODUCT_FLOW,-0.00023356187778656243,kg,,,기본 공급자가 없거나 그 공정의 기준 흐름을 읽지 못했다.
94b229a6-a02f-3844-89fd-39c6293447c3,"coal extraction and processing - Illinois Basin, BIT, Processing",8fe56530-fbb6-3f64-a436-c460029321b4,"rubber, styrene-butadiene",PRODUCT_FLOW,-0.0003999365300996364,kg,,,기본 공급자가 없거나 그 공정의 기준 흐름을 읽지 못했다.
94b229a6-a02f-3844-89fd-39c6293447c3,"coal extraction and processing - Illinois Basin, BIT, Processing",7e540229-9844-4be6-b0e8-af5d8d70c11a,Ammonium nitrate,PRODUCT_FLOW,-1.7267714087782327,kg,,,기본 공급자가 없거나 그 공정의 기준 흐름을 읽지 못했다.
94b229a6-a02f-3844-89fd-39c6293447c3,"coal extraction and processing - Illinois Basin, BIT, Processing",6aec53b7-c1e1-4f37-9997-bad469fa567b,residual oil,PRODUCT_FLOW,-3.265567874999269e-06,kg,,,기본 공급자가 없거나 그 공정의 기준 흐름을 읽지 못했다.
94b229a6-a02f-3844-89fd-39c6293447c3,"coal extraction and processing - Illinois Basin, BIT, Processing",8a5b6ae2-63d7-4e5a-950e-7d1d8b0bea80,"natural gas, delivered",PRODUCT_FLOW,-0.00015222077941927123,kg,,,기본 공급자가 없거나 그 공정의 기준 흐름을 읽지 못했다.
94b229a6-a02f-3844-89fd-39c6293447c3,"coal extraction and processing - Illinois Basin, BIT, Processing",66b3cd21-7664-3778-86d6-52f45f1af823,copper,PRODUCT_FLOW,-5.600261913389448e-06,kg,,,기본 공급자가 없거나 그 공정의 기준 흐름을 읽지 못했다.
94b229a6-a02f-3844-89fd-39c6293447c3,"coal extraction and processing - Illinois Basin, BIT, Processing",2b69310a-e90f-3417-8b35-d23d5eeac99f,asphalt,PRODUCT_FLOW,-0.588014614941179,kg,,,기본 공급자가 없거나 그 공정의 기준 흐름을 읽지 못했다.
94b229a6-a02f-3844-89fd-39c6293447c3,"coal extraction and processing - Illinois Basin, BIT, Processing",2b325037-62f4-4658-ab68-2aaf30da8ae6,liquefied petroleum gas,PRODUCT_FLOW,-6.82345874998139e-08,kg,,,기본 공급자가 없거나 그 공정의 기준 흐름을 읽지 못했다.
956b53b9-dd05-35ae-a072-69f1f6906290,Soybean grains; at field,517e2dc3-1415-3feb-b7ae-45c65dca3802,Soybean residues; at field,PRODUCT_FLOW,2100.0,kg,,,기본 공급자가 없거나 그 공정의 기준 흐름을 읽지 못했다.
956b53b9-dd05-35ae-a072-69f1f6906290,Soybean grains; at field,b40da311-0bb6-33d0-9f09-4f77617426c5,"Potash fertilizer, K2O; at plant",PRODUCT_FLOW,-9.3,kg,,,기본 공급자가 없거나 그 공정의 기준 흐름을 읽지 못했다.
96087256-d181-30c8-ae17-f25e1f0eab0c,Forest residue; dried; at storage,ded62531-fa5b-3666-b34e-e2c76e81d172,Fodder loading; by self-loading trailer,PRODUCT_FLOW,-2.2653,m3,,,기본 공급자가 없거나 그 공정의 기준 흐름을 읽지 못했다.
96087256-d181-30c8-ae17-f25e1f0eab0c,Forest residue; dried; at storage,5a5e261a-2f46-3391-8bf9-84e626efeb59,Conveyor belt; at plant,PRODUCT_FLOW,-3.4747e-05,m,,,기본 공급자가 없거나 그 공정의 기준 흐름을 읽지 못했다.
96087256-d181-30c8-ae17-f25e1f0eab0c,Forest residue; dried; at storage,b9b48819-4f4c-3518-92c0-33591198c46c,Dried roughage store; non ventilated,PRODUCT_FLOW,-9.5711e-08,m3,,,기본 공급자가 없거나 그 공정의 기준 흐름을 읽지 못했다.
99898750-1f41-3c25-8ee0-aaae4b6697d0,Spring wheat straw; carted,6cf4a5b2-0890-3733-99c9-9c7e05e8ebc7,Transport; tractor and trailer,PRODUCT_FLOW,-0.38835,t*km,,,기본 공급자가 없거나 그 공정의 기준 흐름을 읽지 못했다.
99898750-1f41-3c25-8ee0-aaae4b6697d0,Spring wheat straw; carted,3fe4e0ca-d51b-3673-8fbc-49fdb489a1b8,Spring wheat straw; average production,PRODUCT_FLOW,-357.0,kg,,,기본 공급자가 없거나 그 공정의 기준 흐름을 읽지 못했다.
99898750-1f41-3c25-8ee0-aaae4b6697d0,Spring wheat straw; carted,60cb562b-0086-3c2f-bd09-097d361f8b29,Baling,PRODUCT_FLOW,-3970.0,m2,,,기본 공급자가 없거나 그 공정의 기준 흐름을 읽지 못했다.
99963138-ddf9-3b32-9e93-69593d76cb08,Aluminum; primary ingot; at plant,ada4bdda-6930-33b9-a9ce-1677e5503ecb,"Disposal, spoil; deposited",WASTE_FLOW,0.48623,kg,,,기본 공급자가 없거나 그 공정의 기준 흐름을 읽지 못했다.
99963138-ddf9-3b32-9e93-69593d76cb08,Aluminum; primary ingot; at plant,0d2cd48c-88a6-459c-964d-de2570850ccc,Disposal; radioactive tailings,WASTE_FLOW,0.0010121,kg,,,기본 공급자가 없거나 그 공정의 기준 흐름을 읽지 못했다.
99963138-ddf9-3b32-9e93-69593d76cb08,Aluminum; primary ingot; at plant,d9ff9e8c-6262-413a-9ff6-6f11ba905e27,Disposal; high radioactive waste,WASTE_FLOW,1.3005e-06,kg,,,기본 공급자가 없거나 그 공정의 기준 흐름을 읽지 못했다.
99963138-ddf9-3b32-9e93-69593d76cb08,Aluminum; primary ingot; at plant,ae9b6fe4-7936-3620-b88e-1d03301c0163,"Disposal, waste; deposited",WASTE_FLOW,2.7666,kg,,,기본 공급자가 없거나 그 공정의 기준 흐름을 읽지 못했다.
99963138-ddf9-3b32-9e93-69593d76cb08,Aluminum; primary ingot; at plant,0d809ffd-dffa-4b94-b307-e3ba85ac3e31,Disposal; low radioactive waste,WASTE_FLOW,2.1674e-05,kg,,,기본 공급자가 없거나 그 공정의 기준 흐름을 읽지 못했다.
99963138-ddf9-3b32-9e93-69593d76cb08,Aluminum; primary ingot; at plant,c3446115-c5d7-3721-81d4-d3b2cdbff8b5,"Disposal, overburden; deposited",WASTE_FLOW,32.5,kg,,,기본 공급자가 없거나 그 공정의 기준 흐름을 읽지 못했다.
99963138-ddf9-3b32-9e93-69593d76cb08,Aluminum; primary ingot; at plant,ae3d348a-6d3d-4d25-a27b-23662961197e,Disposal; medium radioactive waste,WASTE_FLOW,1.0929e-05,kg,,,기본 공급자가 없거나 그 공정의 기준 흐름을 읽지 못했다.
99963138-ddf9-3b32-9e93-69593d76cb08,Aluminum; primary ingot; at plant,e3dfc9b8-a8d8-3b5e-b222-e1f55c29f99f,"Disposal, tailings; deposited",WASTE_FLOW,0.063226,kg,,,기본 공급자가 없거나 그 공정의 기준 흐름을 읽지 못했다.
99963138-ddf9-3b32-9e93-69593d76cb08,Aluminum; primary ingot; at plant,673a53f7-bb3a-336a-8baa-588ac4f9bd82,Secondary fuel,PRODUCT_FLOW,-0.048179,MJ,,,기본 공급자가 없거나 그 공정의 기준 흐름을 읽지 못했다.
99963138-ddf9-3b32-9e93-69593d76cb08,Aluminum; primary ingot; at plant,090df302-0f79-3b9d-ba80-f65ff27fd97a,Ferromanganese; at furnace,PRODUCT_FLOW,-2.1827e-17,kg,,,기본 공급자가 없거나 그 공정의 기준 흐름을 읽지 못했다.
9a9570de-3614-4065-9e22-c6f332805eb6,Iron sulphate Bridge; USLCI to USEEIO,21b680dd-c1f7-3f23-a1f6-5d21826b609e,Other basic inorganic chemicals,PRODUCT_FLOW,-0.2,USD,,,기본 공급자가 없거나 그 공정의 기준 흐름을 읽지 못했다.
9c36427d-76de-314c-bfca-4d714b71c9a5,Switchgrass; at field,fcb77a5a-6882-4aeb-82a9-ba57688d2224,"Transformation, from permanent crop",PRODUCT_FLOW,-3330.0,m2,,,기본 공급자가 없거나 그 공정의 기준 흐름을 읽지 못했다.
9c36427d-76de-314c-bfca-4d714b71c9a5,Switchgrass; at field,f05cca02-ec18-4acc-9939-59658ff9a554,"Transformation, from arable",PRODUCT_FLOW,-3330.0,m2,,,기본 공급자가 없거나 그 공정의 기준 흐름을 읽지 못했다.
9c36427d-76de-314c-bfca-4d714b71c9a5,Switchgrass; at field,8bba463b-9122-3988-b302-bcc4dfedd8fb,Tillage; rotary cultivator,PRODUCT_FLOW,-1000.0,m2,,,기본 공급자가 없거나 그 공정의 기준 흐름을 읽지 못했다.
9c36427d-76de-314c-bfca-4d714b71c9a5,Switchgrass; at field,e600b640-5039-347e-a647-15779b4b5edc,Tillage; rolling,PRODUCT_FLOW,-1000.0,m2,,,기본 공급자가 없거나 그 공정의 기준 흐름을 읽지 못했다.
9c36427d-76de-314c-bfca-4d714b71c9a5,Switchgrass; at field,2c126bcc-bb63-4d63-bd72-f02a1e616809,"Transformation, from pasture and meadow",PRODUCT_FLOW,-3330.0,m2,,,기본 공급자가 없거나 그 공정의 기준 흐름을 읽지 못했다.
9d9b6815-9349-30af-869b-57362428c42e,Residual fuel oil; combusted in industrial boiler,25d73e00-0b36-4a76-b168-087f1ab49c03,"Disposal, solid waste; to unspecified treatment",WASTE_FLOW,0.0012702,kg,,,기본 공급자가 없거나 그 공정의 기준 흐름을 읽지 못했다.
9e8e26a1-3cdc-32c2-ad17-9f3a571f0f35,Electricity - SOLAR - Imperial Irrigation District,cf4136ee-4887-313f-848d-f1ceb123bda2,"SOLID RESINS, ETC.",WASTE_FLOW,0.0009248315253209898,kg,,,기본 공급자가 없거나 그 공정의 기준 흐름을 읽지 못했다.
9e8e26a1-3cdc-32c2-ad17-9f3a571f0f35,Electricity - SOLAR - Imperial Irrigation District,25d6a001-078d-3f10-8905-d280b3f0a9f8,ACIDIC AQUEOUS WST,WASTE_FLOW,0.0005998907191271285,kg,,,기본 공급자가 없거나 그 공정의 기준 흐름을 읽지 못했다.
9e8e26a1-3cdc-32c2-ad17-9f3a571f0f35,Electricity - SOLAR - Imperial Irrigation District,b45cfd87-f3c4-3a78-944c-b03759e5caa6,BENZENE,WASTE_FLOW,0.01259813502335174,kg,,,기본 공급자가 없거나 그 공정의 기준 흐름을 읽지 못했다.
9e8e26a1-3cdc-32c2-ad17-9f3a571f0f35,Electricity - SOLAR - Imperial Irrigation District,79d7ff97-744b-3343-9b2e-26cd2758424c,CONT. DEBRIS,WASTE_FLOW,0.0049490984327988105,kg,,,기본 공급자가 없거나 그 공정의 기준 흐름을 읽지 못했다.
9e8e26a1-3cdc-32c2-ad17-9f3a571f0f35,Electricity - SOLAR - Imperial Irrigation District,b6710fd3-910b-3169-9046-a56e39651c77,TETRACHLOROETHYLENE,WASTE_FLOW,0.027715896051555965,kg,,,기본 공급자가 없거나 그 공정의 기준 흐름을 읽지 못했다.
9e8e26a1-3cdc-32c2-ad17-9f3a571f0f35,Electricity - SOLAR - Imperial Irrigation District,f8398592-014f-3f3c-a4ac-a792b6f6dada,WASTE PHARMACEUTICAL,WASTE_FLOW,0.0002249590196726732,kg,,,기본 공급자가 없거나 그 공정의 기준 흐름을 읽지 못했다.
9e8e26a1-3cdc-32c2-ad17-9f3a571f0f35,Electricity - SOLAR - Imperial Irrigation District,18c6b770-4063-37d6-930c-64bf5a274910,IGNITABLE WASTE,WASTE_FLOW,0.00019996357304237616,kg,,,기본 공급자가 없거나 그 공정의 기준 흐름을 읽지 못했다.
9ee66dd5-dcc9-3e94-9da3-3a7cc6cddeb3,"Hydrochloric acid, HCl; without water, in 30% solution state; at plant",164869a7-0657-4889-af36-6643720e09e4,"Disposal, solid waste fuel; to municipal incineration",WASTE_FLOW,0.11786,kg,,,기본 공급자가 없거나 그 공정의 기준 흐름을 읽지 못했다.
a0a16c07-6965-3ed8-9b0c-3bd0e5d9aab3,"coal extraction and processing - Gulf Lignite, LIG, Surface",7e540229-9844-4be6-b0e8-af5d8d70c11a,Ammonium nitrate,PRODUCT_FLOW,-1.4754988073820696,kg,,,기본 공급자가 없거나 그 공정의 기준 흐름을 읽지 못했다.
a0a16c07-6965-3ed8-9b0c-3bd0e5d9aab3,"coal extraction and processing - Gulf Lignite, LIG, Surface",2b325037-62f4-4658-ab68-2aaf30da8ae6,liquefied petroleum gas,PRODUCT_FLOW,-6.077239998498574e-08,kg,,,기본 공급자가 없거나 그 공정의 기준 흐름을 읽지 못했다.
a0a16c07-6965-3ed8-9b0c-3bd0e5d9aab3,"coal extraction and processing - Gulf Lignite, LIG, Surface",14d67c68-0a06-328b-9347-1aaa9bc5f53a,"Water, reclaimed",PRODUCT_FLOW,-1.285786589708523,kg,,,기본 공급자가 없거나 그 공정의 기준 흐름을 읽지 못했다.
a0a16c07-6965-3ed8-9b0c-3bd0e5d9aab3,"coal extraction and processing - Gulf Lignite, LIG, Surface",6aec53b7-c1e1-4f37-9997-bad469fa567b,residual oil,PRODUCT_FLOW,-2.9084672210079297e-06,kg,,,기본 공급자가 없거나 그 공정의 기준 흐름을 읽지 못했다.
a0a16c07-6965-3ed8-9b0c-3bd0e5d9aab3,"coal extraction and processing - Gulf Lignite, LIG, Surface",e6653400-5caf-43f6-b1f2-89b4c01ca58d,petroleum coke,PRODUCT_FLOW,-0.00017858340679542713,kg,,,기본 공급자가 없거나 그 공정의 기준 흐름을 읽지 못했다.
a0a16c07-6965-3ed8-9b0c-3bd0e5d9aab3,"coal extraction and processing - Gulf Lignite, LIG, Surface",25804c89-c3cd-34f7-b5e6-4160fc17a7dc,polyvinyl chloride (PVC),PRODUCT_FLOW,-8.90617061769734e-05,kg,,,기본 공급자가 없거나 그 공정의 기준 흐름을 읽지 못했다.
a0a16c07-6965-3ed8-9b0c-3bd0e5d9aab3,"coal extraction and processing - Gulf Lignite, LIG, Surface",66b3cd21-7664-3778-86d6-52f45f1af823,copper,PRODUCT_FLOW,-5.561086219782286e-06,kg,,,기본 공급자가 없거나 그 공정의 기준 흐름을 읽지 못했다.
a0a16c07-6965-3ed8-9b0c-3bd0e5d9aab3,"coal extraction and processing - Gulf Lignite, LIG, Surface",2db44184-7fa2-300c-b4ab-7fa9227bc0ed,zinc,PRODUCT_FLOW,-4.43797494174341e-06,kg,,,기본 공급자가 없거나 그 공정의 기준 흐름을 읽지 못했다.
a0a16c07-6965-3ed8-9b0c-3bd0e5d9aab3,"coal extraction and processing - Gulf Lignite, LIG, Surface",9f723736-35c3-4218-8dbe-a1331f56be46,Light fuel oil,PRODUCT_FLOW,-0.00018870276571067218,kg,,,기본 공급자가 없거나 그 공정의 기준 흐름을 읽지 못했다.
a0a16c07-6965-3ed8-9b0c-3bd0e5d9aab3,"coal extraction and processing - Gulf Lignite, LIG, Surface",66c312ea-5071-3a57-9940-25a403d38dea,cast iron,PRODUCT_FLOW,-0.000231927946581014,kg,,,기본 공급자가 없거나 그 공정의 기준 흐름을 읽지 못했다.
a0a16c07-6965-3ed8-9b0c-3bd0e5d9aab3,"coal extraction and processing - Gulf Lignite, LIG, Surface",8a5b6ae2-63d7-4e5a-950e-7d1d8b0bea80,"natural gas, delivered",PRODUCT_FLOW,-0.00013842855510480702,kg,,,기본 공급자가 없거나 그 공정의 기준 흐름을 읽지 못했다.
a0a16c07-6965-3ed8-9b0c-3bd0e5d9aab3,"coal extraction and processing - Gulf Lignite, LIG, Surface",2b69310a-e90f-3417-8b35-d23d5eeac99f,asphalt,PRODUCT_FLOW,-3.6792266014985277e-06,kg,,,기본 공급자가 없거나 그 공정의 기준 흐름을 읽지 못했다.
a0a16c07-6965-3ed8-9b0c-3bd0e5d9aab3,"coal extraction and processing - Gulf Lignite, LIG, Surface",aab4c1d4-d871-40b1-8188-35999f9b751a,"Waste, solid",WASTE_FLOW,0.001486780312539109,kg,,,기본 공급자가 없거나 그 공정의 기준 흐름을 읽지 못했다.
a0a16c07-6965-3ed8-9b0c-3bd0e5d9aab3,"coal extraction and processing - Gulf Lignite, LIG, Surface",8fe56530-fbb6-3f64-a436-c460029321b4,"rubber, styrene-butadiene",PRODUCT_FLOW,-0.0008767594428910246,kg,,,기본 공급자가 없거나 그 공정의 기준 흐름을 읽지 못했다.
a0bada1b-1891-46af-81af-90d0664bee40,Formic acid; electrochemical reduction of CO2; at plant,c80c94e7-68f7-4c5f-9ac6-bcc004a33405,Nafion membrane; at plant,PRODUCT_FLOW,-5.58e-05,kg,,,기본 공급자가 없거나 그 공정의 기준 흐름을 읽지 못했다.
a0bada1b-1891-46af-81af-90d0664bee40,Formic acid; electrochemical reduction of CO2; at plant,01be9dd1-11ae-4de1-ae7a-e51a9d7f9bb8,Nafion; at plant,PRODUCT_FLOW,-4.17e-09,kg,,,기본 공급자가 없거나 그 공정의 기준 흐름을 읽지 못했다.
a0bada1b-1891-46af-81af-90d0664bee40,Formic acid; electrochemical reduction of CO2; at plant,2b6244f8-61e7-4ebc-ab6d-b6299c3faf20,Tin foil; at plant,PRODUCT_FLOW,-1.25e-05,kg,,,기본 공급자가 없거나 그 공정의 기준 흐름을 읽지 못했다.
a0bada1b-1891-46af-81af-90d0664bee40,Formic acid; electrochemical reduction of CO2; at plant,56bd4f2a-efd7-4c5d-8d4c-1dc9d95229f5,Lead (II) sulphate; at plant,PRODUCT_FLOW,-2.14e-06,kg,,,기본 공급자가 없거나 그 공정의 기준 흐름을 읽지 못했다.
a176e34a-573a-44a9-b381-843a7d457df5,Combustion of mixed MSW,e3b06ae8-cedf-4bb7-a864-ff8c4c0950e9,Steel from combustion to recycling,PRODUCT_FLOW,19.07871392433719,kg,,,기본 공급자가 없거나 그 공정의 기준 흐름을 읽지 못했다.
a1e7dede-c76f-4888-b90c-30d4b02d6e24,"Zeolite, powder Bridge; USLCI to USEEIO",69aa6820-d5d6-3d08-b8c8-34c6c1b993c3,Other nonmetallic mineral products,PRODUCT_FLOW,-0.612943784,USD,,,기본 공급자가 없거나 그 공정의 기준 흐름을 읽지 못했다.
a39d2020-a8ca-3e60-ba5e-8474c1a695c3,"Electricity - HYDRO - PJM Interconnection, LLC",2c0313f3-cd99-363f-9f3c-f34d8a1d0208,LEAD,WASTE_FLOW,0.0007969175752521378,kg,,,기본 공급자가 없거나 그 공정의 기준 흐름을 읽지 못했다.
a3e150d0-770e-4e2a-9b19-f7daa8cda38b,Chlorine; chlor-alkali electrolysis; at plant,7232fd21-230a-4fee-a402-03dd23e2adf5,Calcium chloride; 38%; at plant,PRODUCT_FLOW,-2.58659636924805e-06,kg,,,기본 공급자가 없거나 그 공정의 기준 흐름을 읽지 못했다.
a3e150d0-770e-4e2a-9b19-f7daa8cda38b,Chlorine; chlor-alkali electrolysis; at plant,8e7b84f0-db57-4000-96ba-de12a24f8660,Sodium borohydride; at plant,PRODUCT_FLOW,-4.13953509187e-06,kg,,,기본 공급자가 없거나 그 공정의 기준 흐름을 읽지 못했다.
a3e150d0-770e-4e2a-9b19-f7daa8cda38b,Chlorine; chlor-alkali electrolysis; at plant,dedb7007-3a85-3f32-a800-9b274c3fad99,Nitrogen; at plant,PRODUCT_FLOW,-0.00501185869100644,kg,,,기본 공급자가 없거나 그 공정의 기준 흐름을 읽지 못했다.
a3e150d0-770e-4e2a-9b19-f7daa8cda38b,Chlorine; chlor-alkali electrolysis; at plant,875f2fb1-fd74-453d-b83f-c87e877bda0f,Flocculant; at plant,PRODUCT_FLOW,-2.30973023694098e-06,kg,,,기본 공급자가 없거나 그 공정의 기준 흐름을 읽지 못했다.
a3e150d0-770e-4e2a-9b19-f7daa8cda38b,Chlorine; chlor-alkali electrolysis; at plant,b20513f5-f6ff-4753-90e7-01e1b1e9eada,Disposal; hazardous waste,WASTE_FLOW,0.0320546052118934,kg,,,기본 공급자가 없거나 그 공정의 기준 흐름을 읽지 못했다.
a3e150d0-770e-4e2a-9b19-f7daa8cda38b,Chlorine; chlor-alkali electrolysis; at plant,60ff0c9f-006e-40dd-a7ed-149befb2d7d5,Cobalt chloride; at plant,PRODUCT_FLOW,-7.41e-08,kg,,,기본 공급자가 없거나 그 공정의 기준 흐름을 읽지 못했다.
a3e150d0-770e-4e2a-9b19-f7daa8cda38b,Chlorine; chlor-alkali electrolysis; at plant,d12c4a32-12a8-4673-9b14-5d227d2a128e,Sodium hydroxide; at plant,PRODUCT_FLOW,0.552896924275025,kg,,,기본 공급자가 없거나 그 공정의 기준 흐름을 읽지 못했다.
a3e150d0-770e-4e2a-9b19-f7daa8cda38b,Chlorine; chlor-alkali electrolysis; at plant,56eda597-ee40-4540-80ed-b6eff6d6db83,"Disposal, general plant waste; to unspecified treatment",WASTE_FLOW,0.625989840599049,kg,,,기본 공급자가 없거나 그 공정의 기준 흐름을 읽지 못했다.
a3e150d0-770e-4e2a-9b19-f7daa8cda38b,Chlorine; chlor-alkali electrolysis; at plant,f842f7d2-426a-44e0-ae4c-d1c96a977f84,Hydrogen; at plant,PRODUCT_FLOW,0.0192497974466263,kg,,,기본 공급자가 없거나 그 공정의 기준 흐름을 읽지 못했다.
a3e150d0-770e-4e2a-9b19-f7daa8cda38b,Chlorine; chlor-alkali electrolysis; at plant,8191e38b-421f-4348-a2e0-29303147f2d1,"Recycling, solid waste; to recycling or reuse",WASTE_FLOW,0.000115984886357316,kg,,,기본 공급자가 없거나 그 공정의 기준 흐름을 읽지 못했다.
a3e150d0-770e-4e2a-9b19-f7daa8cda38b,Chlorine; chlor-alkali electrolysis; at plant,afca9aff-d083-48a0-b180-a6c49ef1d9ee,"Disposal, brine sludge; to unspecified treatment",WASTE_FLOW,0.000647512896272093,kg,,,기본 공급자가 없거나 그 공정의 기준 흐름을 읽지 못했다.
a3e150d0-770e-4e2a-9b19-f7daa8cda38b,Chlorine; chlor-alkali electrolysis; at plant,f70346f9-746d-42cd-beb4-b991f9292b24,Magnesium chloride; at plant,PRODUCT_FLOW,-1.65591371925247e-07,kg,,,기본 공급자가 없거나 그 공정의 기준 흐름을 읽지 못했다.
a40d4e00-67c2-3f4c-8c2b-1c67a28e6c5c,Pesticide; switchgrass,22db42ef-4b6d-366f-a035-9c51e7ff3307,Application of plant protection products; by field sprayer,PRODUCT_FLOW,-10000.0,m2,,,기본 공급자가 없거나 그 공정의 기준 흐름을 읽지 못했다.
a40d4e00-67c2-3f4c-8c2b-1c67a28e6c5c,Pesticide; switchgrass,67395a27-04d5-364c-94ad-de404bf29ace,"2,4-D; at regional storehouse",PRODUCT_FLOW,-0.5,kg,,,기본 공급자가 없거나 그 공정의 기준 흐름을 읽지 못했다.
a410ca41-74e9-472e-b3d5-6cb4bb832fcd,Wastewater treatment; 5-stage bardenpho; level 3-1; at plant,7a731d7b-bc9a-47ba-8383-518f49203aa3,Crushed gravel; at quarry,PRODUCT_FLOW,-0.000401886079231191,kg,,,기본 공급자가 없거나 그 공정의 기준 흐름을 읽지 못했다.
a410ca41-74e9-472e-b3d5-6cb4bb832fcd,Wastewater treatment; 5-stage bardenpho; level 3-1; at plant,1475f6cd-7fae-31d2-ab63-3b93b84c5b08,Metal product manufacturing; average metal working,PRODUCT_FLOW,-4.45631646556663e-05,kg,,,기본 공급자가 없거나 그 공정의 기준 흐름을 읽지 못했다.
a42d423c-d606-326b-b8ad-63237997f546,"Electricity - COAL - Electric Reliability Council of Texas, Inc.",14d67c68-0a06-328b-9347-1aaa9bc5f53a,"Water, reclaimed",PRODUCT_FLOW,-99.97228932251299,kg,,,기본 공급자가 없거나 그 공정의 기준 흐름을 읽지 못했다.
a49b628c-bb36-3fd8-b1a0-ba4e2d039656,Electricity - GAS - ISO New England,14d67c68-0a06-328b-9347-1aaa9bc5f53a,"Water, reclaimed",PRODUCT_FLOW,-328.768037023194,kg,,,기본 공급자가 없거나 그 공정의 기준 흐름을 읽지 못했다.
a515132e-c816-34ea-9773-d56c11dc1cb0,TDF; combusted in industrial boiler; at pulp and paper mill,0f6dc25b-59c1-4d59-8ec5-1369da95b51d,Tire derived fuel,PRODUCT_FLOW,-1.0,kg,,,기본 공급자가 없거나 그 공정의 기준 흐름을 읽지 못했다.
a591c53f-ce67-41da-b0c1-65b6d91a1a43,Steel; hot rolled coil; at plant,9a5a635a-43ae-3f05-914d-04d1dfb24a70,"Transformation, to forest",PRODUCT_FLOW,-2.58089e-14,m2,,,기본 공급자가 없거나 그 공정의 기준 흐름을 읽지 못했다.
a591c53f-ce67-41da-b0c1-65b6d91a1a43,Steel; hot rolled coil; at plant,9089d7ad-09b1-4174-a188-8844ebde2d5d,"Transformation, to shrub land, sclerophyllous",PRODUCT_FLOW,-0.000138486,m2,,,기본 공급자가 없거나 그 공정의 기준 흐름을 읽지 못했다.
a591c53f-ce67-41da-b0c1-65b6d91a1a43,Steel; hot rolled coil; at plant,0e6a0c9e-ced9-3e7e-8fbf-a8cf18791884,"Transformation, to industrial area",PRODUCT_FLOW,-3.54794e-07,m2,,,기본 공급자가 없거나 그 공정의 기준 흐름을 읽지 못했다.
a591c53f-ce67-41da-b0c1-65b6d91a1a43,Steel; hot rolled coil; at plant,8af79474-1d57-4251-a878-c2973b2814e6,"Transformation, to bare area",PRODUCT_FLOW,-1.417e-09,m2,,,기본 공급자가 없거나 그 공정의 기준 흐름을 읽지 못했다.
a591c53f-ce67-41da-b0c1-65b6d91a1a43,Steel; hot rolled coil; at plant,3142eedb-4ef5-3af9-a010-ee92080a7890,"Transformation, from forest",PRODUCT_FLOW,-9.2481e-07,m2,,,기본 공급자가 없거나 그 공정의 기준 흐름을 읽지 못했다.
a591c53f-ce67-41da-b0c1-65b6d91a1a43,Steel; hot rolled coil; at plant,62b45ece-f0ca-3947-a31d-d5c73fa821f4,"Transformation, from shrub land, sclerophyllous",PRODUCT_FLOW,-0.001183671,m2,,,기본 공급자가 없거나 그 공정의 기준 흐름을 읽지 못했다.
a591c53f-ce67-41da-b0c1-65b6d91a1a43,Steel; hot rolled coil; at plant,84b65d8f-2edd-4ddd-8f68-ca28d1c681b0,"Transformation, to water bodies, artificial",PRODUCT_FLOW,-4.22199e-15,m2,,,기본 공급자가 없거나 그 공정의 기준 흐름을 읽지 못했다.
a591c53f-ce67-41da-b0c1-65b6d91a1a43,Steel; hot rolled coil; at plant,32e9ce57-5c64-44fe-ba5f-e29adb467eb7,"Transformation, from grassland/pasture/meadow",PRODUCT_FLOW,-5.36409e-05,m2,,,기본 공급자가 없거나 그 공정의 기준 흐름을 읽지 못했다.
a591c53f-ce67-41da-b0c1-65b6d91a1a43,Steel; hot rolled coil; at plant,80a0d183-7b74-4497-95f5-8bf25681c32e,"Transformation, from grassland",PRODUCT_FLOW,-8.14026e-09,m2,,,기본 공급자가 없거나 그 공정의 기준 흐름을 읽지 못했다.
a591c53f-ce67-41da-b0c1-65b6d91a1a43,Steel; hot rolled coil; at plant,651df0ec-3468-4453-aa11-dc197034517f,"Transformation, from wetlands",PRODUCT_FLOW,-3.47675e-09,m2,,,기본 공급자가 없거나 그 공정의 기준 흐름을 읽지 못했다.
a591c53f-ce67-41da-b0c1-65b6d91a1a43,Steel; hot rolled coil; at plant,8db68d81-3998-4b52-af19-2beb2ac9a98e,"Transformation, to forest, used",PRODUCT_FLOW,-0.007316586,m2,,,기본 공급자가 없거나 그 공정의 기준 흐름을 읽지 못했다.
a591c53f-ce67-41da-b0c1-65b6d91a1a43,Steel; hot rolled coil; at plant,5daf29c5-8832-357d-b27a-4d068394562e,"Transformation, to forest, intensive",PRODUCT_FLOW,-2.74101e-14,m2,,,기본 공급자가 없거나 그 공정의 기준 흐름을 읽지 못했다.
a591c53f-ce67-41da-b0c1-65b6d91a1a43,Steel; hot rolled coil; at plant,990c759a-1773-383c-9069-c105d72090c3,"Transformation, to urban/industrial fallow",PRODUCT_FLOW,-8.14026e-09,m2,,,기본 공급자가 없거나 그 공정의 기준 흐름을 읽지 못했다.
a591c53f-ce67-41da-b0c1-65b6d91a1a43,Steel; hot rolled coil; at plant,fcb77a5a-6882-4aeb-82a9-ba57688d2224,"Transformation, from permanent crop",PRODUCT_FLOW,-0.000282236,m2,,,기본 공급자가 없거나 그 공정의 기준 흐름을 읽지 못했다.
a591c53f-ce67-41da-b0c1-65b6d91a1a43,Steel; hot rolled coil; at plant,29630a65-f38c-48a5-9744-c0121f586640,"Transformation, from unknown",PRODUCT_FLOW,-3.54794e-07,m2,,,기본 공급자가 없거나 그 공정의 기준 흐름을 읽지 못했다.
a591c53f-ce67-41da-b0c1-65b6d91a1a43,Steel; hot rolled coil; at plant,4b420f19-0421-461e-a0b6-7efbf580089b,"Transformation, from arable, non-irrigated",PRODUCT_FLOW,-2.17516e-15,m2,,,기본 공급자가 없거나 그 공정의 기준 흐름을 읽지 못했다.
a591c53f-ce67-41da-b0c1-65b6d91a1a43,Steel; hot rolled coil; at plant,37b2391c-6d90-4ef3-be80-df3d114cface,"Transformation, from arable, non-irrigated, intensive",PRODUCT_FLOW,-0.000872678,m2,,,기본 공급자가 없거나 그 공정의 기준 흐름을 읽지 못했다.
a591c53f-ce67-41da-b0c1-65b6d91a1a43,Steel; hot rolled coil; at plant,ae3d348a-6d3d-4d25-a27b-23662961197e,Disposal; medium radioactive waste,WASTE_FLOW,6.46829e-06,kg,,,기본 공급자가 없거나 그 공정의 기준 흐름을 읽지 못했다.
a591c53f-ce67-41da-b0c1-65b6d91a1a43,Steel; hot rolled coil; at plant,0d2cd48c-88a6-459c-964d-de2570850ccc,Disposal; radioactive tailings,WASTE_FLOW,0.000569532,kg,,,기본 공급자가 없거나 그 공정의 기준 흐름을 읽지 못했다.
a591c53f-ce67-41da-b0c1-65b6d91a1a43,Steel; hot rolled coil; at plant,fae48449-451a-4d3c-b2fd-fc9102913b95,"Transformation, to unspecified, natural",PRODUCT_FLOW,-0.001738825,m2,,,기본 공급자가 없거나 그 공정의 기준 흐름을 읽지 못했다.
a591c53f-ce67-41da-b0c1-65b6d91a1a43,Steel; hot rolled coil; at plant,3b9ccd9f-1dd3-48ad-b444-b08fb5a63a89,"Transformation, to arable, non-irrigated, intensive",PRODUCT_FLOW,-0.000869742,m2,,,기본 공급자가 없거나 그 공정의 기준 흐름을 읽지 못했다.
a591c53f-ce67-41da-b0c1-65b6d91a1a43,Steel; hot rolled coil; at plant,b44dd5be-1bac-3696-9bb3-0dd49fe301f6,"Transformation, to urban, discontinuously built",PRODUCT_FLOW,-1.99055e-11,m2,,,기본 공급자가 없거나 그 공정의 기준 흐름을 읽지 못했다.
a591c53f-ce67-41da-b0c1-65b6d91a1a43,Steel; hot rolled coil; at plant,d4b314f8-1a50-45bf-b139-79dca87d197f,"Transformation, from unspecified, natural",PRODUCT_FLOW,-0.000206385,m2,,,기본 공급자가 없거나 그 공정의 기준 흐름을 읽지 못했다.
a591c53f-ce67-41da-b0c1-65b6d91a1a43,Steel; hot rolled coil; at plant,dd5923b1-6ff5-4bb2-a37a-20b84727c16a,"Transformation, from permanent crops, non-irrigated, extensive",PRODUCT_FLOW,-1.90594e-08,m2,,,기본 공급자가 없거나 그 공정의 기준 흐름을 읽지 못했다.
a591c53f-ce67-41da-b0c1-65b6d91a1a43,Steel; hot rolled coil; at plant,9c15ac25-4ac3-454c-8104-4d10cfba9376,"Transformation, from forest, primary",PRODUCT_FLOW,-0.000113559,m2,,,기본 공급자가 없거나 그 공정의 기준 흐름을 읽지 못했다.
a591c53f-ce67-41da-b0c1-65b6d91a1a43,Steel; hot rolled coil; at plant,a687e5df-4694-4151-ba84-0722481d6fdf,"Transformation, from arable, irrigated, intensive",PRODUCT_FLOW,-0.006409384,m2,,,기본 공급자가 없거나 그 공정의 기준 흐름을 읽지 못했다.
a591c53f-ce67-41da-b0c1-65b6d91a1a43,Steel; hot rolled coil; at plant,d9ff9e8c-6262-413a-9ff6-6f11ba905e27,Disposal; high radioactive waste,WASTE_FLOW,7.04408e-07,kg,,,기본 공급자가 없거나 그 공정의 기준 흐름을 읽지 못했다.
a591c53f-ce67-41da-b0c1-65b6d91a1a43,Steel; hot rolled coil; at plant,b20513f5-f6ff-4753-90e7-01e1b1e9eada,Disposal; hazardous waste,WASTE_FLOW,1.74155e-06,kg,,,기본 공급자가 없거나 그 공정의 기준 흐름을 읽지 못했다.
a591c53f-ce67-41da-b0c1-65b6d91a1a43,Steel; hot rolled coil; at plant,f05cca02-ec18-4acc-9939-59658ff9a554,"Transformation, from arable",PRODUCT_FLOW,-3.99934e-15,m2,,,기본 공급자가 없거나 그 공정의 기준 흐름을 읽지 못했다.
a591c53f-ce67-41da-b0c1-65b6d91a1a43,Steel; hot rolled coil; at plant,f2960e88-4ca9-4f6c-9813-71e66edc37b7,"Disposal, solid waste; unspecified",WASTE_FLOW,0.056313436,kg,,,기본 공급자가 없거나 그 공정의 기준 흐름을 읽지 못했다.
a591c53f-ce67-41da-b0c1-65b6d91a1a43,Steel; hot rolled coil; at plant,6e02ccfc-9eb5-4a51-be9a-870c1087c833,"Transformation, to permanent crop",PRODUCT_FLOW,-0.000282236,m2,,,기본 공급자가 없거나 그 공정의 기준 흐름을 읽지 못했다.
a591c53f-ce67-41da-b0c1-65b6d91a1a43,Steel; hot rolled coil; at plant,671bebd9-4998-4b85-9913-605f89effc5d,"Overburden; stockpiled, steelmaking, for unspecified beneficial use; on-site",PRODUCT_FLOW,3.306833504,kg,,,기본 공급자가 없거나 그 공정의 기준 흐름을 읽지 못했다.
a591c53f-ce67-41da-b0c1-65b6d91a1a43,Steel; hot rolled coil; at plant,f6225b5f-b9cf-4c88-82d2-a578e1ce5e42,"Transformation, to arable, irrigated, intensive",PRODUCT_FLOW,-0.006412853,m2,,,기본 공급자가 없거나 그 공정의 기준 흐름을 읽지 못했다.
a591c53f-ce67-41da-b0c1-65b6d91a1a43,Steel; hot rolled coil; at plant,b35f19b6-e7e8-3c7a-a11e-1e5704413261,"Tailings; stockpiled, for unspecified beneficial use; on-site",PRODUCT_FLOW,0.603568951,kg,,,기본 공급자가 없거나 그 공정의 기준 흐름을 읽지 못했다.
a591c53f-ce67-41da-b0c1-65b6d91a1a43,Steel; hot rolled coil; at plant,bbfd6ffd-e953-4202-8e09-cf149e3b485b,"Disposal, slag steelmaking; to unspecified treatment",WASTE_FLOW,1.54491e-06,kg,,,기본 공급자가 없거나 그 공정의 기준 흐름을 읽지 못했다.
a591c53f-ce67-41da-b0c1-65b6d91a1a43,Steel; hot rolled coil; at plant,2b80c3d3-e1ce-3d9c-afbd-c81f0b49d891,"Transformation, to pasture and meadow",PRODUCT_FLOW,-9.2481e-07,m2,,,기본 공급자가 없거나 그 공정의 기준 흐름을 읽지 못했다.
a591c53f-ce67-41da-b0c1-65b6d91a1a43,Steel; hot rolled coil; at plant,aee3f8cd-4af5-3754-a011-5df05a274abc,"Transformation, to mineral extraction site",PRODUCT_FLOW,-6.13282e-15,m2,,,기본 공급자가 없거나 그 공정의 기준 흐름을 읽지 못했다.
a591c53f-ce67-41da-b0c1-65b6d91a1a43,Steel; hot rolled coil; at plant,4f228b5b-d313-454b-94cf-8d0c156ca21a,Disposal; spoil,WASTE_FLOW,-0.018793967,kg,,,기본 공급자가 없거나 그 공정의 기준 흐름을 읽지 못했다.
a591c53f-ce67-41da-b0c1-65b6d91a1a43,Steel; hot rolled coil; at plant,655518bb-50b3-3919-838d-cb2b71721bb4,Steel scrap; at plant,PRODUCT_FLOW,-0.469460296,kg,,,기본 공급자가 없거나 그 공정의 기준 흐름을 읽지 못했다.
a591c53f-ce67-41da-b0c1-65b6d91a1a43,Steel; hot rolled coil; at plant,0d809ffd-dffa-4b94-b307-e3ba85ac3e31,Disposal; low radioactive waste,WASTE_FLOW,1.27333e-05,kg,,,기본 공급자가 없거나 그 공정의 기준 흐름을 읽지 못했다.
a591c53f-ce67-41da-b0c1-65b6d91a1a43,Steel; hot rolled coil; at plant,d4008b63-fb71-4e00-bfda-3528c9c7e40d,"Transformation, from forest, used",PRODUCT_FLOW,-0.007318131,m2,,,기본 공급자가 없거나 그 공정의 기준 흐름을 읽지 못했다.
a591c53f-ce67-41da-b0c1-65b6d91a1a43,Steel; hot rolled coil; at plant,4eeb9ea6-997c-35ad-a6b1-42b21f2a1098,"Transformation, to unknown",PRODUCT_FLOW,-4.50463e-05,m2,,,기본 공급자가 없거나 그 공정의 기준 흐름을 읽지 못했다.
a69b6a20-acd3-489b-b3e1-bb7ef0615618,Aluminium sulphate; powder Bridge; USLCI to USEEIO,21b680dd-c1f7-3f23-a1f6-5d21826b609e,Other basic inorganic chemicals,PRODUCT_FLOW,-1.32,USD,,,기본 공급자가 없거나 그 공정의 기준 흐름을 읽지 못했다.
a6a98f21-47a2-3e1a-bf98-0e86d59fb79d,Electricity - GAS - Western Area Power Administration - Rocky Mountain Region,14d67c68-0a06-328b-9347-1aaa9bc5f53a,"Water, reclaimed",PRODUCT_FLOW,-341.11750200424876,kg,,,기본 공급자가 없거나 그 공정의 기준 흐름을 읽지 못했다.
a8c3df5c-389a-3c9b-bd64-37940c68c148,Electricity - MIXED - Public Service Company of Colorado,14d67c68-0a06-328b-9347-1aaa9bc5f53a,"Water, reclaimed",PRODUCT_FLOW,-121179.70722770212,kg,,,기본 공급자가 없거나 그 공정의 기준 흐름을 읽지 못했다.
a941c19b-ed3f-34a9-a91b-ee31e2d6ac18,Planting; switchgrass,41b299a9-4002-340b-8f21-743e623f67e4,Planting,PRODUCT_FLOW,-10000.0,m2,,,기본 공급자가 없거나 그 공정의 기준 흐름을 읽지 못했다.
a941c19b-ed3f-34a9-a91b-ee31e2d6ac18,Planting; switchgrass,966dc062-41a5-3049-a83e-a91f94f368b1,Grass seed IP; at regional storehouse,PRODUCT_FLOW,-5.6,kg,,,기본 공급자가 없거나 그 공정의 기준 흐름을 읽지 못했다.
aa75c433-0c77-47cd-a5fe-d2bc03d9c4cc,Brick Bridge; USLCI to USEEIO,eebfbb7a-3b71-3a98-9907-b38a49a6f756,Clay and ceramic products,PRODUCT_FLOW,-0.18,USD,,,기본 공급자가 없거나 그 공정의 기준 흐름을 읽지 못했다.
ac54bc7d-5db5-3b4f-9175-5dd02f678312,Steel; billets; at plant,36681746-bdeb-41ea-a8cb-c611c349d2ec,"Disposal, BOF dust; to unspecified treatment",WASTE_FLOW,0.016361,kg,,,기본 공급자가 없거나 그 공정의 기준 흐름을 읽지 못했다.
ac54bc7d-5db5-3b4f-9175-5dd02f678312,Steel; billets; at plant,655518bb-50b3-3919-838d-cb2b71721bb4,Steel scrap; at plant,PRODUCT_FLOW,-0.284,kg,,,기본 공급자가 없거나 그 공정의 기준 흐름을 읽지 못했다.
ac54bc7d-5db5-3b4f-9175-5dd02f678312,Steel; billets; at plant,25d73e00-0b36-4a76-b168-087f1ab49c03,"Disposal, solid waste; to unspecified treatment",WASTE_FLOW,0.04829,kg,,,기본 공급자가 없거나 그 공정의 기준 흐름을 읽지 못했다.
ac54bc7d-5db5-3b4f-9175-5dd02f678312,Steel; billets; at plant,cb79b397-e4c5-4156-ad88-b91735997332,"Disposal, slag; to unspecified treatment",WASTE_FLOW,0.20925,kg,,,기본 공급자가 없거나 그 공정의 기준 흐름을 읽지 못했다.
ac54bc7d-5db5-3b4f-9175-5dd02f678312,Steel; billets; at plant,cedd02c1-a6ca-4b1d-b5c4-ca08a550aa87,"Disposal, BOF slag; to unspecified treatment",WASTE_FLOW,0.07938,kg,,,기본 공급자가 없거나 그 공정의 기준 흐름을 읽지 못했다.
af6f2d7d-02d7-3d13-8f1a-06f47afd808d,"Electricity - BIOMASS - Midcontinent Independent System Operator, Inc.",18c6b770-4063-37d6-930c-64bf5a274910,IGNITABLE WASTE,WASTE_FLOW,0.0013191850887033113,kg,,,기본 공급자가 없거나 그 공정의 기준 흐름을 읽지 못했다.
af6f2d7d-02d7-3d13-8f1a-06f47afd808d,"Electricity - BIOMASS - Midcontinent Independent System Operator, Inc.",1fde4048-7ae7-3ecd-8fb9-b690f6b4c230,ARSENIC,WASTE_FLOW,1.381865225917986,kg,,,기본 공급자가 없거나 그 공정의 기준 흐름을 읽지 못했다.
b0b00af7-0e43-314f-bafc-cb188652d097,Electricity - BIOMASS - California Independent System Operator,1fde4048-7ae7-3ecd-8fb9-b690f6b4c230,ARSENIC,WASTE_FLOW,0.3216646702025446,kg,,,기본 공급자가 없거나 그 공정의 기준 흐름을 읽지 못했다.
b0b00af7-0e43-314f-bafc-cb188652d097,Electricity - BIOMASS - California Independent System Operator,cd7a2acd-6b88-37cb-b0f4-938ab7ddb780,"PAINT, INK, ETC.",WASTE_FLOW,0.0005759439036751022,kg,,,기본 공급자가 없거나 그 공정의 기준 흐름을 읽지 못했다.
b0b00af7-0e43-314f-bafc-cb188652d097,Electricity - BIOMASS - California Independent System Operator,66e610e1-1733-390a-82e0-d801990b71ba,LAB PACKS/NO ACUTE,WASTE_FLOW,3.65502861947661e-05,kg,,,기본 공급자가 없거나 그 공정의 기준 흐름을 읽지 못했다.
b0b00af7-0e43-314f-bafc-cb188652d097,Electricity - BIOMASS - California Independent System Operator,f5bb2272-b96d-30c8-bbd2-97ac661eb879,"THE FOLLOWING SPENT NONHALOGENATED SOLVENTS: XYLENE, ACETONE, ETHYL ACETATE, ETHYL BENZENE, ETHYL ETHER, METHYL ISOBUTYL KETONE, N-BUTYL ALCOHOL, CYCLOHEXANONE, AND METHANOL; ALL SPENT SOLVENT MIXTURES/BLENDS CONTAINING, BEFORE USE, ONLY THE ABOVE SPENT N",WASTE_FLOW,9.635984542256518e-05,kg,,,기본 공급자가 없거나 그 공정의 기준 흐름을 읽지 못했다.
b0b00af7-0e43-314f-bafc-cb188652d097,Electricity - BIOMASS - California Independent System Operator,1f9d0cc8-1d49-3297-8991-f7f968c7b6d5,"LEACHATE RESULTING FROM THE TREATMENT, STORAGE, OR DISPOSAL OF WASTES CLASSIFIED BY MORE THAN ONE WASTE CODE UNDER SUBPART D, OR FROM A MIXTURE OF WASTES CLASSIFIED UNDER SUBPARTS C AND D OF THIS PART.  (LEACHATE RESULTING FROM THE MANAGEMENT OF ONE OR MO",WASTE_FLOW,0.18239286048283113,kg,,,기본 공급자가 없거나 그 공정의 기준 흐름을 읽지 못했다.
b0b00af7-0e43-314f-bafc-cb188652d097,Electricity - BIOMASS - California Independent System Operator,d5d165f8-aad3-3b82-a849-1d158c5d031d,CORROSIVE WASTE,WASTE_FLOW,0.059786299954766045,kg,,,기본 공급자가 없거나 그 공정의 기준 흐름을 읽지 못했다.
b0b00af7-0e43-314f-bafc-cb188652d097,Electricity - BIOMASS - California Independent System Operator,9e6a8a52-6512-39f4-868b-2770a065da09,SILVER,WASTE_FLOW,1.661376645216641e-05,kg,,,기본 공급자가 없거나 그 공정의 기준 흐름을 읽지 못했다.
b0b00af7-0e43-314f-bafc-cb188652d097,Electricity - BIOMASS - California Independent System Operator,7fdc2f5e-70bd-3dd4-a6c0-288a85597858,OTHER AQUEOUS WST,WASTE_FLOW,0.030437787342589437,kg,,,기본 공급자가 없거나 그 공정의 기준 흐름을 읽지 못했다.
b0b00af7-0e43-314f-bafc-cb188652d097,Electricity - BIOMASS - California Independent System Operator,18c6b770-4063-37d6-930c-64bf5a274910,IGNITABLE WASTE,WASTE_FLOW,0.006180321120205905,kg,,,기본 공급자가 없거나 그 공정의 기준 흐름을 읽지 못했다.
b0b68081-5a8a-3a69-ae99-1650b268faf6,"Electricity - NUCLEAR - Electric Reliability Council of Texas, Inc.",9416d466-7682-3b22-b570-29edfb5c3da2,"METHANE, TRICHLOROFLUORO- (OR) TRICHLOROMONOFLUOROMETHANE",WASTE_FLOW,1.7766539026713244e-05,kg,,,기본 공급자가 없거나 그 공정의 기준 흐름을 읽지 못했다.
b0b68081-5a8a-3a69-ae99-1650b268faf6,"Electricity - NUCLEAR - Electric Reliability Council of Texas, Inc.",ae6699f4-beff-3f26-8ec1-0d58b5deae89,"THE FOLLOWING SPENT NONHALOGENATED SOLVENTS: TOLUENE, METHYL ETHYL KETONE, CARBON DISULFIDE, ISOBUTANOL, PYRIDINE, BENZENE, 2-ETHOXYETHANOL, AND 2-NITROPROPANE; ALL SPENT SOLVENT MIXTURES/BLENDS CONTAINING, BEFORE USE, A TOTAL OF TEN PERCENT OR MORE (BY V",WASTE_FLOW,7.202650956775639e-06,kg,,,기본 공급자가 없거나 그 공정의 기준 흐름을 읽지 못했다.
b7f45f75-9d5e-430c-8e0f-2e1f59350308,Clay; at mine Bridge; USLCI to USEEIO,b9605c43-5ba8-3edb-8a05-5df2ac9d05bb,"Sand, gravel, clay, phosphate, other nonmetallic minerals",PRODUCT_FLOW,-0.008103333,USD,,,기본 공급자가 없거나 그 공정의 기준 흐름을 읽지 못했다.
b875ad4b-3f4e-3b43-890c-974d41559283,Electricity - GAS - El Paso Electric Company,66e610e1-1733-390a-82e0-d801990b71ba,LAB PACKS/NO ACUTE,WASTE_FLOW,1.124242353499261e-05,kg,,,기본 공급자가 없거나 그 공정의 기준 흐름을 읽지 못했다.
b875ad4b-3f4e-3b43-890c-974d41559283,Electricity - GAS - El Paso Electric Company,f5bb2272-b96d-30c8-bbd2-97ac661eb879,"THE FOLLOWING SPENT NONHALOGENATED SOLVENTS: XYLENE, ACETONE, ETHYL ACETATE, ETHYL BENZENE, ETHYL ETHER, METHYL ISOBUTYL KETONE, N-BUTYL ALCOHOL, CYCLOHEXANONE, AND METHANOL; ALL SPENT SOLVENT MIXTURES/BLENDS CONTAINING, BEFORE USE, ONLY THE ABOVE SPENT N",WASTE_FLOW,0.00010417030414702014,kg,,,기본 공급자가 없거나 그 공정의 기준 흐름을 읽지 못했다.
b875ad4b-3f4e-3b43-890c-974d41559283,Electricity - GAS - El Paso Electric Company,2c0313f3-cd99-363f-9f3c-f34d8a1d0208,LEAD,WASTE_FLOW,1.4230915867079255e-05,kg,,,기본 공급자가 없거나 그 공정의 기준 흐름을 읽지 못했다.
b875ad4b-3f4e-3b43-890c-974d41559283,Electricity - GAS - El Paso Electric Company,d5d165f8-aad3-3b82-a849-1d158c5d031d,CORROSIVE WASTE,WASTE_FLOW,0.001024768251588377,kg,,,기본 공급자가 없거나 그 공정의 기준 흐름을 읽지 못했다.
b9ba9549-1a16-3812-8847-4629ad386841,Electricity - MIXED - Seminole Electric Cooperative,3943bd3e-5354-3f3b-9d2a-ad12d1250b14,MERCURY,WASTE_FLOW,4.5906256103814326e-06,kg,,,기본 공급자가 없거나 그 공정의 기준 흐름을 읽지 못했다.
b9ba9549-1a16-3812-8847-4629ad386841,Electricity - MIXED - Seminole Electric Cooperative,cc41b6e9-d395-3cf7-9091-58a459a9bd08,"THE FOLLOWING SPENT HALOGENATED SOLVENTS USED IN DEGREASING: TETRACHLOROETHYLENE, TRICHLORETHYLENE, METHYLENE CHLORIDE, 1,1,1-TRICHLOROETHANE, CARBON TETRACHLORIDE AND CHLORINATED FLUOROCARBONS; ALL SPENT SOLVENT MIXTURES/BLENDS USED IN DEGREASING CONTAIN",WASTE_FLOW,4.1315630493432894e-05,kg,,,기본 공급자가 없거나 그 공정의 기준 흐름을 읽지 못했다.
b9ba9549-1a16-3812-8847-4629ad386841,Electricity - MIXED - Seminole Electric Cooperative,cba57723-fb37-34c5-afcb-a8ef46813b2a,SOLVENT MIXTURE,WASTE_FLOW,3.672500488305146e-05,kg,,,기본 공급자가 없거나 그 공정의 기준 흐름을 읽지 못했다.
b9ba9549-1a16-3812-8847-4629ad386841,Electricity - MIXED - Seminole Electric Cooperative,18c6b770-4063-37d6-930c-64bf5a274910,IGNITABLE WASTE,WASTE_FLOW,1.0558438903877296e-05,kg,,,기본 공급자가 없거나 그 공정의 기준 흐름을 읽지 못했다.
b9ba9549-1a16-3812-8847-4629ad386841,Electricity - MIXED - Seminole Electric Cooperative,79d7ff97-744b-3343-9b2e-26cd2758424c,CONT. DEBRIS,WASTE_FLOW,3.534781719993703e-05,kg,,,기본 공급자가 없거나 그 공정의 기준 흐름을 읽지 못했다.
b9ba9549-1a16-3812-8847-4629ad386841,Electricity - MIXED - Seminole Electric Cooperative,1b0ee7da-153d-34a5-86b3-723efa6e177b,CHROMIUM,WASTE_FLOW,0.0066692966752794035,kg,,,기본 공급자가 없거나 그 공정의 기준 흐름을 읽지 못했다.
b9ba9549-1a16-3812-8847-4629ad386841,Electricity - MIXED - Seminole Electric Cooperative,e382de33-5d82-3ead-a045-f676eebd7667,OTH INORGANIC SOLIDS,WASTE_FLOW,0.0008125407330375136,kg,,,기본 공급자가 없거나 그 공정의 기준 흐름을 읽지 못했다.
b9ba9549-1a16-3812-8847-4629ad386841,Electricity - MIXED - Seminole Electric Cooperative,cd7a2acd-6b88-37cb-b0f4-938ab7ddb780,"PAINT, INK, ETC.",WASTE_FLOW,3.167531671163188e-05,kg,,,기본 공급자가 없거나 그 공정의 기준 흐름을 읽지 못했다.
bada054f-b912-3251-96c1-19e64cde8930,Pulpwood; hardwood; average; at forest road; NE-NC,1300e0a5-33d2-3f3d-8815-a8934c4fb061,"Pulpwood, hardwood; average, high intensity management",PRODUCT_FLOW,-0.157863747752387,m3,,,기본 공급자가 없거나 그 공정의 기준 흐름을 읽지 못했다.
bada054f-b912-3251-96c1-19e64cde8930,Pulpwood; hardwood; average; at forest road; NE-NC,4943a90e-9ed9-3682-a221-ec37fde3439a,"Pulpwood, hardwood; average, low intensity management",PRODUCT_FLOW,-0.594039803007859,m3,,,기본 공급자가 없거나 그 공정의 기준 흐름을 읽지 못했다.
bada054f-b912-3251-96c1-19e64cde8930,Pulpwood; hardwood; average; at forest road; NE-NC,26748ece-ea96-3ba5-8c2e-e0e6fe832974,"Pulpwood, hardwood; average, medium intensity management",PRODUCT_FLOW,-0.248096449239755,m3,,,기본 공급자가 없거나 그 공정의 기준 흐름을 읽지 못했다.
bb15406b-b0ec-3b29-9a05-6fcfb8d94767,Electricity - MIXED - ISO New England,79d7ff97-744b-3343-9b2e-26cd2758424c,CONT. DEBRIS,WASTE_FLOW,0.11281133504650162,kg,,,기본 공급자가 없거나 그 공정의 기준 흐름을 읽지 못했다.
bb15406b-b0ec-3b29-9a05-6fcfb8d94767,Electricity - MIXED - ISO New England,8dc23c71-0f14-3823-b392-feb37fc45ab7,CADMIUM,WASTE_FLOW,0.015760625425272186,kg,,,기본 공급자가 없거나 그 공정의 기준 흐름을 읽지 못했다.
bb15406b-b0ec-3b29-9a05-6fcfb8d94767,Electricity - MIXED - ISO New England,e50e1a15-cc5a-3d3a-8bf2-6f695268acae,SPENT FILTERS,WASTE_FLOW,0.004478365674110472,kg,,,기본 공급자가 없거나 그 공정의 기준 흐름을 읽지 못했다.
bb15406b-b0ec-3b29-9a05-6fcfb8d94767,Electricity - MIXED - ISO New England,14d67c68-0a06-328b-9347-1aaa9bc5f53a,"Water, reclaimed",PRODUCT_FLOW,-82.63819624021565,kg,,,기본 공급자가 없거나 그 공정의 기준 흐름을 읽지 못했다.
bb15406b-b0ec-3b29-9a05-6fcfb8d94767,Electricity - MIXED - ISO New England,b6710fd3-910b-3169-9046-a56e39651c77,TETRACHLOROETHYLENE,WASTE_FLOW,0.0012752001210130355,kg,,,기본 공급자가 없거나 그 공정의 기준 흐름을 읽지 못했다.
bb15406b-b0ec-3b29-9a05-6fcfb8d94767,Electricity - MIXED - ISO New England,36693162-edff-38f9-8112-55fb1e802159,COMPRESSED GAS,WASTE_FLOW,0.0001569919379736944,kg,,,기본 공급자가 없거나 그 공정의 기준 흐름을 읽지 못했다.
bb15406b-b0ec-3b29-9a05-6fcfb8d94767,Electricity - MIXED - ISO New England,c49963cf-7ac7-320a-967b-c8d509451dfe,ASH,WASTE_FLOW,0.00011945038758868047,kg,,,기본 공급자가 없거나 그 공정의 기준 흐름을 읽지 못했다.
bbb59026-6f14-46f6-9e3d-bc60ed8d45c5,Sodium hypochlorite; 15% in H2O; at plant Bridge; USLCI to USEEIO,21b680dd-c1f7-3f23-a1f6-5d21826b609e,Other basic inorganic chemicals,PRODUCT_FLOW,-0.74,USD,,,기본 공급자가 없거나 그 공정의 기준 흐름을 읽지 못했다.
bc33e50d-116a-40b7-b628-fc061e1b3f44,"Sawn lumber, softwood; planed, kiln-dried, packaged; at planer",696fcc6c-4ed1-4eb4-85f0-d5b4c4cdd28a,Trim; softwood; kiln dried; at planer,PRODUCT_FLOW,1.59,kg,,,기본 공급자가 없거나 그 공정의 기준 흐름을 읽지 못했다.
bc33e50d-116a-40b7-b628-fc061e1b3f44,"Sawn lumber, softwood; planed, kiln-dried, packaged; at planer",df2b3c59-4923-41b4-ac38-967884123025,"Disposal, solid waste, process, to sanitary landfill",WASTE_FLOW,5.72e-05,kg,,,기본 공급자가 없거나 그 공정의 기준 흐름을 읽지 못했다.
bc33e50d-116a-40b7-b628-fc061e1b3f44,"Sawn lumber, softwood; planed, kiln-dried, packaged; at planer",8191e38b-421f-4348-a2e0-29303147f2d1,"Recycling, solid waste; to recycling or reuse",WASTE_FLOW,0.16,kg,,,기본 공급자가 없거나 그 공정의 기준 흐름을 읽지 못했다.
bc33e50d-116a-40b7-b628-fc061e1b3f44,"Sawn lumber, softwood; planed, kiln-dried, packaged; at planer",41c046df-699c-4074-94a1-cfbb68c4239d,"Disposal, solid waste, to compost",WASTE_FLOW,1.26,kg,,,기본 공급자가 없거나 그 공정의 기준 흐름을 읽지 못했다.
bc33e50d-116a-40b7-b628-fc061e1b3f44,"Sawn lumber, softwood; planed, kiln-dried, packaged; at planer",df2b3c59-4923-41b4-ac38-967884123025,"Disposal, solid waste, process, to sanitary landfill",WASTE_FLOW,2.25,kg,,,기본 공급자가 없거나 그 공정의 기준 흐름을 읽지 못했다.
bc33e50d-116a-40b7-b628-fc061e1b3f44,"Sawn lumber, softwood; planed, kiln-dried, packaged; at planer",57ed7081-98c0-41c7-8b07-f0237122401f,"Disposal, solid waste, process, to municipal incineration",WASTE_FLOW,1.85,kg,,,기본 공급자가 없거나 그 공정의 기준 흐름을 읽지 못했다.
bc33e50d-116a-40b7-b628-fc061e1b3f44,"Sawn lumber, softwood; planed, kiln-dried, packaged; at planer",8a761536-61b0-3f99-aca1-c8408fdc06e1,Chips; softwood; dry; at planer,PRODUCT_FLOW,2.02,kg,,,기본 공급자가 없거나 그 공정의 기준 흐름을 읽지 못했다.
bc33e50d-116a-40b7-b628-fc061e1b3f44,"Sawn lumber, softwood; planed, kiln-dried, packaged; at planer",3d19e1b9-94ff-4a62-9a91-fb356ec5886c,"Dry coproducts, softwood; fuel; at planer",PRODUCT_FLOW,9.11,kg,,,기본 공급자가 없거나 그 공정의 기준 흐름을 읽지 못했다.
bc33e50d-116a-40b7-b628-fc061e1b3f44,"Sawn lumber, softwood; planed, kiln-dried, packaged; at planer",456df825-bfb7-31be-a088-e89c0318c699,Shavings; softwood; kiln dried; at planer,PRODUCT_FLOW,51.08,kg,,,기본 공급자가 없거나 그 공정의 기준 흐름을 읽지 못했다.
bcc68f88-debb-3fc3-93ee-5ceadcef0b14,Aluminum; secondary ingot; at plant,ada4bdda-6930-33b9-a9ce-1677e5503ecb,"Disposal, spoil; deposited",WASTE_FLOW,13.743,kg,,,기본 공급자가 없거나 그 공정의 기준 흐름을 읽지 못했다.
bcc68f88-debb-3fc3-93ee-5ceadcef0b14,Aluminum; secondary ingot; at plant,d9ff9e8c-6262-413a-9ff6-6f11ba905e27,Disposal; high radioactive waste,WASTE_FLOW,0.0002693,kg,,,기본 공급자가 없거나 그 공정의 기준 흐름을 읽지 못했다.
bcc68f88-debb-3fc3-93ee-5ceadcef0b14,Aluminum; secondary ingot; at plant,ae9b6fe4-7936-3620-b88e-1d03301c0163,"Disposal, waste; deposited",WASTE_FLOW,131.78,kg,,,기본 공급자가 없거나 그 공정의 기준 흐름을 읽지 못했다.
bcc68f88-debb-3fc3-93ee-5ceadcef0b14,Aluminum; secondary ingot; at plant,0d2cd48c-88a6-459c-964d-de2570850ccc,Disposal; radioactive tailings,WASTE_FLOW,0.21631,kg,,,기본 공급자가 없거나 그 공정의 기준 흐름을 읽지 못했다.
bcc68f88-debb-3fc3-93ee-5ceadcef0b14,Aluminum; secondary ingot; at plant,ae3d348a-6d3d-4d25-a27b-23662961197e,Disposal; medium radioactive waste,WASTE_FLOW,0.0024278,kg,,,기본 공급자가 없거나 그 공정의 기준 흐름을 읽지 못했다.
bcc68f88-debb-3fc3-93ee-5ceadcef0b14,Aluminum; secondary ingot; at plant,673a53f7-bb3a-336a-8baa-588ac4f9bd82,Secondary fuel,PRODUCT_FLOW,-7.8634,MJ,,,기본 공급자가 없거나 그 공정의 기준 흐름을 읽지 못했다.
bcc68f88-debb-3fc3-93ee-5ceadcef0b14,Aluminum; secondary ingot; at plant,e3dfc9b8-a8d8-3b5e-b222-e1f55c29f99f,"Disposal, tailings; deposited",WASTE_FLOW,-6.2577,kg,,,기본 공급자가 없거나 그 공정의 기준 흐름을 읽지 못했다.
bcc68f88-debb-3fc3-93ee-5ceadcef0b14,Aluminum; secondary ingot; at plant,516af467-874b-3fb0-bbd3-dfee65ae6405,Recycled aluminum scrap,PRODUCT_FLOW,-1044.6,kg,,,기본 공급자가 없거나 그 공정의 기준 흐름을 읽지 못했다.
bcc68f88-debb-3fc3-93ee-5ceadcef0b14,Aluminum; secondary ingot; at plant,0d809ffd-dffa-4b94-b307-e3ba85ac3e31,Disposal; low radioactive waste,WASTE_FLOW,0.0048168,kg,,,기본 공급자가 없거나 그 공정의 기준 흐름을 읽지 못했다.
bcc68f88-debb-3fc3-93ee-5ceadcef0b14,Aluminum; secondary ingot; at plant,c3446115-c5d7-3721-81d4-d3b2cdbff8b5,"Disposal, overburden; deposited",WASTE_FLOW,653.5,kg,,,기본 공급자가 없거나 그 공정의 기준 흐름을 읽지 못했다.
bcc68f88-debb-3fc3-93ee-5ceadcef0b14,Aluminum; secondary ingot; at plant,2d20cafa-b435-3f58-b3ee-cbd81e814818,"Disposal, baghouse lime; unspecified treatment",WASTE_FLOW,0.093791,kg,,,기본 공급자가 없거나 그 공정의 기준 흐름을 읽지 못했다.
bcc68f88-debb-3fc3-93ee-5ceadcef0b14,Aluminum; secondary ingot; at plant,655518bb-50b3-3919-838d-cb2b71721bb4,Steel scrap; at plant,PRODUCT_FLOW,-0.011651,kg,,,기본 공급자가 없거나 그 공정의 기준 흐름을 읽지 못했다.
bcc68f88-debb-3fc3-93ee-5ceadcef0b14,Aluminum; secondary ingot; at plant,090df302-0f79-3b9d-ba80-f65ff27fd97a,Ferromanganese; at furnace,PRODUCT_FLOW,-1.3277e-15,kg,,,기본 공급자가 없거나 그 공정의 기준 흐름을 읽지 못했다.
bceac90c-b45d-34b6-b21a-d21287bb6d79,Electricity - GAS - Western Area Power Administration - Desert Southwest Region,1fde4048-7ae7-3ecd-8fb9-b690f6b4c230,ARSENIC,WASTE_FLOW,0.008504819228813717,kg,,,기본 공급자가 없거나 그 공정의 기준 흐름을 읽지 못했다.
bd2af5c5-093b-35d5-9e83-52dfc864fd64,Electricity - GAS - Tampa Electric Company,50a90a6b-bb89-32e4-bc27-7725250477bc,OTH ORGANIC LIQUID,WASTE_FLOW,0.0005066525075063796,kg,,,기본 공급자가 없거나 그 공정의 기준 흐름을 읽지 못했다.
bd2af5c5-093b-35d5-9e83-52dfc864fd64,Electricity - GAS - Tampa Electric Company,d5d165f8-aad3-3b82-a849-1d158c5d031d,CORROSIVE WASTE,WASTE_FLOW,4.266057549426038e-06,kg,,,기본 공급자가 없거나 그 공정의 기준 흐름을 읽지 못했다.
bd2af5c5-093b-35d5-9e83-52dfc864fd64,Electricity - GAS - Tampa Electric Company,66e610e1-1733-390a-82e0-d801990b71ba,LAB PACKS/NO ACUTE,WASTE_FLOW,6.670562713647986e-06,kg,,,기본 공급자가 없거나 그 공정의 기준 흐름을 읽지 못했다.
bd2af5c5-093b-35d5-9e83-52dfc864fd64,Electricity - GAS - Tampa Electric Company,1217c8af-4ecd-32ca-810a-98b50600cbc7,DRIED PAINT,WASTE_FLOW,1.3341125427295972e-05,kg,,,기본 공급자가 없거나 그 공정의 기준 흐름을 읽지 못했다.
bd2af5c5-093b-35d5-9e83-52dfc864fd64,Electricity - GAS - Tampa Electric Company,18c6b770-4063-37d6-930c-64bf5a274910,IGNITABLE WASTE,WASTE_FLOW,1.977899409279345e-05,kg,,,기본 공급자가 없거나 그 공정의 기준 흐름을 읽지 못했다.
bd2af5c5-093b-35d5-9e83-52dfc864fd64,Electricity - GAS - Tampa Electric Company,36693162-edff-38f9-8112-55fb1e802159,COMPRESSED GAS,WASTE_FLOW,1.3341125427295972e-05,kg,,,기본 공급자가 없거나 그 공정의 기준 흐름을 읽지 못했다.
bd2af5c5-093b-35d5-9e83-52dfc864fd64,Electricity - GAS - Tampa Electric Company,14d67c68-0a06-328b-9347-1aaa9bc5f53a,"Water, reclaimed",PRODUCT_FLOW,-241.09911240431418,kg,,,기본 공급자가 없거나 그 공정의 기준 흐름을 읽지 못했다.
bee25e2a-d316-4d38-a90b-30263ad24315,Agrochemicals; at plant Bridge; USLCI to USEEIO,73c55a19-ecdc-3918-8dcb-8e6f7f1bf9bd,Other basic organic chemicals,PRODUCT_FLOW,-4.499231762,USD,,,기본 공급자가 없거나 그 공정의 기준 흐름을 읽지 못했다.
c001e6d7-96a1-3b15-bc00-3a59a69b10b3,Electricity - GAS - Nevada Power Company,14d67c68-0a06-328b-9347-1aaa9bc5f53a,"Water, reclaimed",PRODUCT_FLOW,-90.9887889594382,kg,,,기본 공급자가 없거나 그 공정의 기준 흐름을 읽지 못했다.
c001e6d7-96a1-3b15-bc00-3a59a69b10b3,Electricity - GAS - Nevada Power Company,d5d165f8-aad3-3b82-a849-1d158c5d031d,CORROSIVE WASTE,WASTE_FLOW,0.0017785508161419768,kg,,,기본 공급자가 없거나 그 공정의 기준 흐름을 읽지 못했다.
c0138d7e-3eac-3b37-b27a-58c9d5a2d1cf,Corn stover; carted,60cb562b-0086-3c2f-bd09-097d361f8b29,Baling,PRODUCT_FLOW,-4050.0000000000005,m2,,,기본 공급자가 없거나 그 공정의 기준 흐름을 읽지 못했다.
c0138d7e-3eac-3b37-b27a-58c9d5a2d1cf,Corn stover; carted,6cf4a5b2-0890-3733-99c9-9c7e05e8ebc7,Transport; tractor and trailer,PRODUCT_FLOW,-1.3957,t*km,,,기본 공급자가 없거나 그 공정의 기준 흐름을 읽지 못했다.
c02ac756-d681-4e48-bf98-5df00b5eab56,"Seedlings, softwood; planting; at greenhouse",6b902763-aac9-346e-932c-1ce6f29d5904,"Potassium chloride, K2O; at regional storehouse",PRODUCT_FLOW,-0.00017509,kg,,,기본 공급자가 없거나 그 공정의 기준 흐름을 읽지 못했다.
c02e3d5f-e612-315d-9571-76f0d481e7b5,Electricity - COAL - Southwest Power Pool,14d67c68-0a06-328b-9347-1aaa9bc5f53a,"Water, reclaimed",PRODUCT_FLOW,-58.10877743206022,kg,,,기본 공급자가 없거나 그 공정의 기준 흐름을 읽지 못했다.
c245a252-0860-41d2-9789-802bab7984ab,Containerboard; at mill,ac1212ed-6bb6-47f7-a5a0-2b4faea4a276,"Disposal, coal ash; to uns. beneficial use",WASTE_FLOW,0.009152425,kg,,,기본 공급자가 없거나 그 공정의 기준 흐름을 읽지 못했다.
c245a252-0860-41d2-9789-802bab7984ab,Containerboard; at mill,ba93cfc7-fbe8-3a7e-8c11-19eaef561ba2,Recovered paper; pulp substitutes,PRODUCT_FLOW,-0.006480112,kg,,,기본 공급자가 없거나 그 공정의 기준 흐름을 읽지 못했다.
c245a252-0860-41d2-9789-802bab7984ab,Containerboard; at mill,6a1347f8-02dc-4bb7-9848-f19fb735d0a5,"Disposal, coal ash; to uns. land application",WASTE_FLOW,0.001773215,kg,,,기본 공급자가 없거나 그 공정의 기준 흐름을 읽지 못했다.
c245a252-0860-41d2-9789-802bab7984ab,Containerboard; at mill,b8f8e582-dfd0-354a-b5bf-67aa8cae8f77,Old corrugated containers,PRODUCT_FLOW,-0.557820896,kg,,,기본 공급자가 없거나 그 공정의 기준 흐름을 읽지 못했다.
c245a252-0860-41d2-9789-802bab7984ab,Containerboard; at mill,dde87dad-650a-3eb5-8494-6113235f5c54,Turpentine; from containerboard,PRODUCT_FLOW,0.001208018,kg,,,기본 공급자가 없거나 그 공정의 기준 흐름을 읽지 못했다.
c245a252-0860-41d2-9789-802bab7984ab,Containerboard; at mill,09b494b5-eb57-4844-aec5-f87160089e0d,"Disposal, other solid waste from plant; to uns. landfill",WASTE_FLOW,0.014409805,kg,,,기본 공급자가 없거나 그 공정의 기준 흐름을 읽지 못했다.
c245a252-0860-41d2-9789-802bab7984ab,Containerboard; at mill,1b47c5e0-bead-406c-abe2-8014c70bf70b,"Disposal, other solid waste from plant; to uns. land application",WASTE_FLOW,0.033406711,kg,,,기본 공급자가 없거나 그 공정의 기준 흐름을 읽지 못했다.
c245a252-0860-41d2-9789-802bab7984ab,Containerboard; at mill,30d30f91-5673-3541-a025-e4a2df5362a4,Recycled non-deinked pulp,PRODUCT_FLOW,-0.004159036,kg,,,기본 공급자가 없거나 그 공정의 기준 흐름을 읽지 못했다.
c245a252-0860-41d2-9789-802bab7984ab,Containerboard; at mill,8cfb2070-ca25-3a96-adb9-e739e8cbb371,Sulphate pulp; unbleached; at plant,PRODUCT_FLOW,-0.000127237,kg,,,기본 공급자가 없거나 그 공정의 기준 흐름을 읽지 못했다.
c245a252-0860-41d2-9789-802bab7984ab,Containerboard; at mill,d839207a-c7c8-4384-a286-9fb3dcae9601,"Disposal, coal ash; to uns. landfill",WASTE_FLOW,0.007604163,kg,,,기본 공급자가 없거나 그 공정의 기준 흐름을 읽지 못했다.
c245a252-0860-41d2-9789-802bab7984ab,Containerboard; at mill,b842a1f7-5cbb-4124-9275-4adda2695a64,"Disposal, wood ash mixture; pure; 0% water; to sanitary landfill",WASTE_FLOW,0.002325278,kg,,,기본 공급자가 없거나 그 공정의 기준 흐름을 읽지 못했다.
c245a252-0860-41d2-9789-802bab7984ab,Containerboard; at mill,6f873075-c979-4869-8f3f-ec76197d0c29,"Disposal, wastewater treatment plant residuals; to unspecified land application",WASTE_FLOW,0.013894319,kg,,,기본 공급자가 없거나 그 공정의 기준 흐름을 읽지 못했다.
c245a252-0860-41d2-9789-802bab7984ab,Containerboard; at mill,ff27c858-39e1-46e0-81c2-f321153e2891,"Disposal, chemical waste; unspecified; to unspecified treatment",WASTE_FLOW,0.003951266,kg,,,기본 공급자가 없거나 그 공정의 기준 흐름을 읽지 못했다.
c245a252-0860-41d2-9789-802bab7984ab,Containerboard; at mill,8eefe5ec-36e3-34d8-94cc-58780605e2a2,Bark; softwood; green; at sawmill,PRODUCT_FLOW,-0.119937163,kg,8614ca58-dd7d-4102-9fd5-ea6852fb5a2c,"Sawn lumber, softwood; rough, green; at sawmill",차원이 다르다: kg(mass) -> m3(volume)
c245a252-0860-41d2-9789-802bab7984ab,Containerboard; at mill,e47ab562-c93a-49d7-8fdb-58df4dd7fbcc,"Disposal, wood ash; to uns. beneficial use",WASTE_FLOW,0.001438064,kg,,,기본 공급자가 없거나 그 공정의 기준 흐름을 읽지 못했다.
c245a252-0860-41d2-9789-802bab7984ab,Containerboard; at mill,21c2c8b8-5d77-38a8-bb2e-4d4fc20dc1e7,Unspecified additive,PRODUCT_FLOW,-0.005522751,kg,,,기본 공급자가 없거나 그 공정의 기준 흐름을 읽지 못했다.
c245a252-0860-41d2-9789-802bab7984ab,Containerboard; at mill,57c60bb5-769f-34c7-9c73-9489c495c842,Recovered paper; mixed,PRODUCT_FLOW,-0.011222875,kg,,,기본 공급자가 없거나 그 공정의 기준 흐름을 읽지 못했다.
c245a252-0860-41d2-9789-802bab7984ab,Containerboard; at mill,201cec3b-525b-41cb-866a-dfd20846b531,"Disposal, wastewater treatment plant residuals; to unspecified landfill",WASTE_FLOW,0.012809398,kg,,,기본 공급자가 없거나 그 공정의 기준 흐름을 읽지 못했다.
c245a252-0860-41d2-9789-802bab7984ab,Containerboard; at mill,61615967-3277-36c4-804a-010b5711b401,Tall oil; from industry-average containerboard,PRODUCT_FLOW,0.015558472,kg,,,기본 공급자가 없거나 그 공정의 기준 흐름을 읽지 못했다.
c245a252-0860-41d2-9789-802bab7984ab,Containerboard; at mill,04289ef0-4433-4037-89f2-2923eb4189f3,"Disposal, wood ash mixture; pure; 0% water; to uns. land application",WASTE_FLOW,0.006307604,kg,,,기본 공급자가 없거나 그 공정의 기준 흐름을 읽지 못했다.
c245a252-0860-41d2-9789-802bab7984ab,Containerboard; at mill,86b3dfe0-cad5-46c9-971f-630d2e0b45bd,Pitch despergents; in paper production,PRODUCT_FLOW,-6.01e-05,kg,,,기본 공급자가 없거나 그 공정의 기준 흐름을 읽지 못했다.
c245a252-0860-41d2-9789-802bab7984ab,Containerboard; at mill,7a157e7c-91ca-3d1e-b13c-df3bca99bd51,Softwood logs with bark; harvested at average intensity site; at mill,PRODUCT_FLOW,-0.001284565,m3,,,기본 공급자가 없거나 그 공정의 기준 흐름을 읽지 못했다.
c245a252-0860-41d2-9789-802bab7984ab,Containerboard; at mill,f4e19741-e926-3559-bf34-d54bd937ab6a,"Chips, softwood; green; at sawmill",PRODUCT_FLOW,-0.098047818,kg,,,기본 공급자가 없거나 그 공정의 기준 흐름을 읽지 못했다.
c245a252-0860-41d2-9789-802bab7984ab,Containerboard; at mill,f50aad63-87e1-4ac8-b30c-e30e6cf527c8,"Disposal, other solid waste from plant; to uns. beneficial use",WASTE_FLOW,0.000637607,kg,,,기본 공급자가 없거나 그 공정의 기준 흐름을 읽지 못했다.
c245a252-0860-41d2-9789-802bab7984ab,Containerboard; at mill,f4e19741-e926-3559-bf34-d54bd937ab6a,"Chips, softwood; green; at sawmill",PRODUCT_FLOW,-0.222833764,kg,,,기본 공급자가 없거나 그 공정의 기준 흐름을 읽지 못했다.
c245a252-0860-41d2-9789-802bab7984ab,Containerboard; at mill,96fa7e78-b96d-4365-abce-db999d654ced,"Disposal, wastewater treatment plant residuals; to unspecified beneficial use",WASTE_FLOW,0.004610732,kg,,,기본 공급자가 없거나 그 공정의 기준 흐름을 읽지 못했다.
c347ee01-7522-333a-b168-9c4c2e0a00b9,"Electricity - NUCLEAR - Midcontinent Independent System Operator, Inc.",d5ce727f-406c-3d3d-9de6-4883c7108431,"HYDRAZINE (R,T)",WASTE_FLOW,4.629567388605957e-05,kg,,,기본 공급자가 없거나 그 공정의 기준 흐름을 읽지 못했다.
c347ee01-7522-333a-b168-9c4c2e0a00b9,"Electricity - NUCLEAR - Midcontinent Independent System Operator, Inc.",f7ea6d18-d226-339f-a4be-4fc98bcc3fb6,"THE FOLLOWING SPENT HALOGENATED SOLVENTS: TETRACHLOROETHYLENE, METHYLENE CHLORIDE, TRICHLOROETHYLENE, 1,1,1-TRICHLOROETHANE, CHLOROBENZENE, 1,1,2-TRICHLORO-1,2,2-TRIFLUOROETHANE, ORTHO-DICHLOROBENZENE, TRICHLOROFLUOROMETHANE, AND 1,1,2, TRICHLOROETHANE; A",WASTE_FLOW,2.1478200006762886e-06,kg,,,기본 공급자가 없거나 그 공정의 기준 흐름을 읽지 못했다.
c347ee01-7522-333a-b168-9c4c2e0a00b9,"Electricity - NUCLEAR - Midcontinent Independent System Operator, Inc.",9108d69c-0266-3105-ba49-c0dc765ce931,PAINT THINNER,WASTE_FLOW,9.159820591119466e-05,kg,,,기본 공급자가 없거나 그 공정의 기준 흐름을 읽지 못했다.
c347ee01-7522-333a-b168-9c4c2e0a00b9,"Electricity - NUCLEAR - Midcontinent Independent System Operator, Inc.",36693162-edff-38f9-8112-55fb1e802159,COMPRESSED GAS,WASTE_FLOW,5.3063788252002414e-06,kg,,,기본 공급자가 없거나 그 공정의 기준 흐름을 읽지 못했다.
c347ee01-7522-333a-b168-9c4c2e0a00b9,"Electricity - NUCLEAR - Midcontinent Independent System Operator, Inc.",d5d165f8-aad3-3b82-a849-1d158c5d031d,CORROSIVE WASTE,WASTE_FLOW,1.3265947063000604e-05,kg,,,기본 공급자가 없거나 그 공정의 기준 흐름을 읽지 못했다.
c347ee01-7522-333a-b168-9c4c2e0a00b9,"Electricity - NUCLEAR - Midcontinent Independent System Operator, Inc.",66e610e1-1733-390a-82e0-d801990b71ba,LAB PACKS/NO ACUTE,WASTE_FLOW,6.001261766595512e-06,kg,,,기본 공급자가 없거나 그 공정의 기준 흐름을 읽지 못했다.
c347ee01-7522-333a-b168-9c4c2e0a00b9,"Electricity - NUCLEAR - Midcontinent Independent System Operator, Inc.",cba57723-fb37-34c5-afcb-a8ef46813b2a,SOLVENT MIXTURE,WASTE_FLOW,3.2665663752403154e-06,kg,,,기본 공급자가 없거나 그 공정의 기준 흐름을 읽지 못했다.
c347ee01-7522-333a-b168-9c4c2e0a00b9,"Electricity - NUCLEAR - Midcontinent Independent System Operator, Inc.",2c0313f3-cd99-363f-9f3c-f34d8a1d0208,LEAD,WASTE_FLOW,3.663928236447786e-06,kg,,,기본 공급자가 없거나 그 공정의 기준 흐름을 읽지 못했다.
c347ee01-7522-333a-b168-9c4c2e0a00b9,"Electricity - NUCLEAR - Midcontinent Independent System Operator, Inc.",cd7a2acd-6b88-37cb-b0f4-938ab7ddb780,"PAINT, INK, ETC.",WASTE_FLOW,6.317117649047908e-06,kg,,,기본 공급자가 없거나 그 공정의 기준 흐름을 읽지 못했다.
c347ee01-7522-333a-b168-9c4c2e0a00b9,"Electricity - NUCLEAR - Midcontinent Independent System Operator, Inc.",18c6b770-4063-37d6-930c-64bf5a274910,IGNITABLE WASTE,WASTE_FLOW,1.0865442356362398e-05,kg,,,기본 공급자가 없거나 그 공정의 기준 흐름을 읽지 못했다.
c347ee01-7522-333a-b168-9c4c2e0a00b9,"Electricity - NUCLEAR - Midcontinent Independent System Operator, Inc.",eb57fdb2-dc92-378b-8727-29e05ff89d35,NONHALOGEN. SOLVENT,WASTE_FLOW,2.792166000879175e-05,kg,,,기본 공급자가 없거나 그 공정의 기준 흐름을 읽지 못했다.
c4792ca4-bd95-398a-aea2-db4ccce8d525,"Electricity - COAL - PJM Interconnection, LLC",2c0313f3-cd99-363f-9f3c-f34d8a1d0208,LEAD,WASTE_FLOW,0.0005585937829582045,kg,,,기본 공급자가 없거나 그 공정의 기준 흐름을 읽지 못했다.
c4792ca4-bd95-398a-aea2-db4ccce8d525,"Electricity - COAL - PJM Interconnection, LLC",cba57723-fb37-34c5-afcb-a8ef46813b2a,SOLVENT MIXTURE,WASTE_FLOW,3.582164540012534e-05,kg,,,기본 공급자가 없거나 그 공정의 기준 흐름을 읽지 못했다.
c4792ca4-bd95-398a-aea2-db4ccce8d525,"Electricity - COAL - PJM Interconnection, LLC",18c6b770-4063-37d6-930c-64bf5a274910,IGNITABLE WASTE,WASTE_FLOW,1.3433117025047001e-06,kg,,,기본 공급자가 없거나 그 공정의 기준 흐름을 읽지 못했다.
c4792ca4-bd95-398a-aea2-db4ccce8d525,"Electricity - COAL - PJM Interconnection, LLC",fec1ec90-e0a9-33cd-9cb7-01218fce4760,OTH INORGANIC LIQUID,WASTE_FLOW,1.1194264187539169e-06,kg,,,기본 공급자가 없거나 그 공정의 기준 흐름을 읽지 못했다.
c4792ca4-bd95-398a-aea2-db4ccce8d525,"Electricity - COAL - PJM Interconnection, LLC",3943bd3e-5354-3f3b-9d2a-ad12d1250b14,MERCURY,WASTE_FLOW,2.1716872523825987e-06,kg,,,기본 공급자가 없거나 그 공정의 기준 흐름을 읽지 못했다.
c4792ca4-bd95-398a-aea2-db4ccce8d525,"Electricity - COAL - PJM Interconnection, LLC",1b0ee7da-153d-34a5-86b3-723efa6e177b,CHROMIUM,WASTE_FLOW,0.02859149404667754,kg,,,기본 공급자가 없거나 그 공정의 기준 흐름을 읽지 못했다.
c4792ca4-bd95-398a-aea2-db4ccce8d525,"Electricity - COAL - PJM Interconnection, LLC",755b6259-c5d0-341c-98dd-de093cedd03e,HYDROGEN SULFIDE (OR) HYDROGEN SULFIDE H2S,WASTE_FLOW,4.4777056750156674e-06,kg,,,기본 공급자가 없거나 그 공정의 기준 흐름을 읽지 못했다.
c4792ca4-bd95-398a-aea2-db4ccce8d525,"Electricity - COAL - PJM Interconnection, LLC",36693162-edff-38f9-8112-55fb1e802159,COMPRESSED GAS,WASTE_FLOW,6.716558512523501e-07,kg,,,기본 공급자가 없거나 그 공정의 기준 흐름을 읽지 못했다.
c4792ca4-bd95-398a-aea2-db4ccce8d525,"Electricity - COAL - PJM Interconnection, LLC",3c00f91e-b638-3f04-89e4-92e0ce9d8586,"PAINT, INK SLUDGE",WASTE_FLOW,1.20898053225423e-05,kg,,,기본 공급자가 없거나 그 공정의 기준 흐름을 읽지 못했다.
c4792ca4-bd95-398a-aea2-db4ccce8d525,"Electricity - COAL - PJM Interconnection, LLC",19a373c5-af0a-3a97-ac48-4c3bc2fb6958,METHANOL (I) (OR) METHYL ALCOHOL (I),WASTE_FLOW,1.544808457880405e-06,kg,,,기본 공급자가 없거나 그 공정의 기준 흐름을 읽지 못했다.
c4792ca4-bd95-398a-aea2-db4ccce8d525,"Electricity - COAL - PJM Interconnection, LLC",f5bb2272-b96d-30c8-bbd2-97ac661eb879,"THE FOLLOWING SPENT NONHALOGENATED SOLVENTS: XYLENE, ACETONE, ETHYL ACETATE, ETHYL BENZENE, ETHYL ETHER, METHYL ISOBUTYL KETONE, N-BUTYL ALCOHOL, CYCLOHEXANONE, AND METHANOL; ALL SPENT SOLVENT MIXTURES/BLENDS CONTAINING, BEFORE USE, ONLY THE ABOVE SPENT N",WASTE_FLOW,4.2538203912648833e-07,kg,,,기본 공급자가 없거나 그 공정의 기준 흐름을 읽지 못했다.
c4792ca4-bd95-398a-aea2-db4ccce8d525,"Electricity - COAL - PJM Interconnection, LLC",f7ea6d18-d226-339f-a4be-4fc98bcc3fb6,"THE FOLLOWING SPENT HALOGENATED SOLVENTS: TETRACHLOROETHYLENE, METHYLENE CHLORIDE, TRICHLOROETHYLENE, 1,1,1-TRICHLOROETHANE, CHLOROBENZENE, 1,1,2-TRICHLORO-1,2,2-TRIFLUOROETHANE, ORTHO-DICHLOROBENZENE, TRICHLOROFLUOROMETHANE, AND 1,1,2, TRICHLOROETHANE; A",WASTE_FLOW,5.2613041681434074e-05,kg,,,기본 공급자가 없거나 그 공정의 기준 흐름을 읽지 못했다.
ca45812c-19a8-3b82-865b-ba7d54249d88,Electricity - COAL - Tennessee Valley Authority,fd3ea7cc-46b0-3b73-abee-d5c1cd58dad2,"METAL SCALE, ETC.",WASTE_FLOW,0.12354607167052857,kg,,,기본 공급자가 없거나 그 공정의 기준 흐름을 읽지 못했다.
ca45812c-19a8-3b82-865b-ba7d54249d88,Electricity - COAL - Tennessee Valley Authority,b6710fd3-910b-3169-9046-a56e39651c77,TETRACHLOROETHYLENE,WASTE_FLOW,0.00027283294029171453,kg,,,기본 공급자가 없거나 그 공정의 기준 흐름을 읽지 못했다.
caa2304b-be86-4977-97e7-781898344b4c,Concrete Bridge; USLCI to USEEIO ,954c1b67-38a3-34e4-b2e5-3cad9eda6627,Ready-mix concrete,PRODUCT_FLOW,-81.3,USD,,,기본 공급자가 없거나 그 공정의 기준 흐름을 읽지 못했다.
cbf4023b-71f7-36b7-8c45-ea43bc2f108c,"Pulp; kraft market, bleached; at mill",6f873075-c979-4869-8f3f-ec76197d0c29,"Disposal, wastewater treatment plant residuals; to unspecified land application",WASTE_FLOW,3.1751,kg,,,기본 공급자가 없거나 그 공정의 기준 흐름을 읽지 못했다.
cbf4023b-71f7-36b7-8c45-ea43bc2f108c,"Pulp; kraft market, bleached; at mill",201cec3b-525b-41cb-866a-dfd20846b531,"Disposal, wastewater treatment plant residuals; to unspecified landfill",WASTE_FLOW,14.696,kg,,,기본 공급자가 없거나 그 공정의 기준 흐름을 읽지 못했다.
cbf4023b-71f7-36b7-8c45-ea43bc2f108c,"Pulp; kraft market, bleached; at mill",cb12fdc5-2c86-47a9-8ef7-cd54c1964bf9,"Disposal, corrugate packaging; to unspecified treatment",WASTE_FLOW,2.0865,kg,,,기본 공급자가 없거나 그 공정의 기준 흐름을 읽지 못했다.
cbf4023b-71f7-36b7-8c45-ea43bc2f108c,"Pulp; kraft market, bleached; at mill",d87221d8-e9f6-3054-86c1-3fab2ed1fd37,Tall oil; at bleached kraft market pulp mill,PRODUCT_FLOW,29.846,kg,,,기본 공급자가 없거나 그 공정의 기준 흐름을 읽지 못했다.
cbf4023b-71f7-36b7-8c45-ea43bc2f108c,"Pulp; kraft market, bleached; at mill",2b7f3572-b712-4ed6-8f6e-8a1366a27fa3,"Disposal, unspecified ashes; to unspecified beneficial use",WASTE_FLOW,6.8946,kg,,,기본 공급자가 없거나 그 공정의 기준 흐름을 읽지 못했다.
cbf4023b-71f7-36b7-8c45-ea43bc2f108c,"Pulp; kraft market, bleached; at mill",a595c5ab-6af0-4b03-a64d-90a34d89f2d5,"Disposal, unspecified ashes; to unspecified landfill",WASTE_FLOW,13.336,kg,,,기본 공급자가 없거나 그 공정의 기준 흐름을 읽지 못했다.
cbf4023b-71f7-36b7-8c45-ea43bc2f108c,"Pulp; kraft market, bleached; at mill",c59d8872-e743-3dfb-8480-a189c1860473,Steam; at bleached kraft market pulp mill,PRODUCT_FLOW,114.0,MJ,,,기본 공급자가 없거나 그 공정의 기준 흐름을 읽지 못했다.
cbf4023b-71f7-36b7-8c45-ea43bc2f108c,"Pulp; kraft market, bleached; at mill",56c5a93b-10a7-42d7-b29c-c584313d9bfb,"Disposal, solid waste; to unspecified beneficial use",WASTE_FLOW,8.1647,kg,,,기본 공급자가 없거나 그 공정의 기준 흐름을 읽지 못했다.
cbf4023b-71f7-36b7-8c45-ea43bc2f108c,"Pulp; kraft market, bleached; at mill",96fa7e78-b96d-4365-abce-db999d654ced,"Disposal, wastewater treatment plant residuals; to unspecified beneficial use",WASTE_FLOW,0.90718,kg,,,기본 공급자가 없거나 그 공정의 기준 흐름을 읽지 못했다.
cbf4023b-71f7-36b7-8c45-ea43bc2f108c,"Pulp; kraft market, bleached; at mill",b003f26f-e4d9-334a-8c25-e60d46315eb7,Sawdust; softwood; green; at sawmill,PRODUCT_FLOW,-55.338,kg,,,기본 공급자가 없거나 그 공정의 기준 흐름을 읽지 못했다.
cbf4023b-71f7-36b7-8c45-ea43bc2f108c,"Pulp; kraft market, bleached; at mill",18a951f4-e201-425c-bea7-3a9dd773638d,"Disposal, solid waste; to unspecified incinerator",WASTE_FLOW,0.48081,kg,,,기본 공급자가 없거나 그 공정의 기준 흐름을 읽지 못했다.
cbf4023b-71f7-36b7-8c45-ea43bc2f108c,"Pulp; kraft market, bleached; at mill",cc4feb8c-7601-3b9d-9b11-be32b1831ab2,Electricity; at bleached kraft market pulp mill,PRODUCT_FLOW,185.0004,MJ,,,기본 공급자가 없거나 그 공정의 기준 흐름을 읽지 못했다.
cbf4023b-71f7-36b7-8c45-ea43bc2f108c,"Pulp; kraft market, bleached; at mill",f4e19741-e926-3559-bf34-d54bd937ab6a,"Chips, softwood; green; at sawmill",PRODUCT_FLOW,-1321.8,kg,,,기본 공급자가 없거나 그 공정의 기준 흐름을 읽지 못했다.
cbf4023b-71f7-36b7-8c45-ea43bc2f108c,"Pulp; kraft market, bleached; at mill",3fa50bec-03d8-465f-aba1-4c0c2999919a,"Disposal, wastewater treatment plant residuals; to unspecified incinerator",WASTE_FLOW,6.3503,kg,,,기본 공급자가 없거나 그 공정의 기준 흐름을 읽지 못했다.
cbf4023b-71f7-36b7-8c45-ea43bc2f108c,"Pulp; kraft market, bleached; at mill",7224edad-d8e7-48db-9fa7-0e49bbca75b6,"Disposal, solid waste; to unspecified landfill",WASTE_FLOW,25.583,kg,,,기본 공급자가 없거나 그 공정의 기준 흐름을 읽지 못했다.
cbf4023b-71f7-36b7-8c45-ea43bc2f108c,"Pulp; kraft market, bleached; at mill",3df2a39b-5b73-3adf-8a06-5bdddd9cd43d,Talc; at plant,PRODUCT_FLOW,-16.964,kg,,,기본 공급자가 없거나 그 공정의 기준 흐름을 읽지 못했다.
cbf4023b-71f7-36b7-8c45-ea43bc2f108c,"Pulp; kraft market, bleached; at mill",e619bae5-8284-4a73-98bb-9b411c3e6d48,"Disposal, solid waste; to unspecified land application",WASTE_FLOW,3.6287,kg,,,기본 공급자가 없거나 그 공정의 기준 흐름을 읽지 못했다.
cbf4023b-71f7-36b7-8c45-ea43bc2f108c,"Pulp; kraft market, bleached; at mill",8c24c11a-be36-3121-94c1-36ab7b919d1a,Turpentine; at bleached kraft market pulp mill,PRODUCT_FLOW,2.3133,kg,,,기본 공급자가 없거나 그 공정의 기준 흐름을 읽지 못했다.
cc19f1d9-6d6b-3485-bd2a-d190abeeccef,"coal extraction and processing - Rocky Mountain, BIT, Underground",66b3cd21-7664-3778-86d6-52f45f1af823,copper,PRODUCT_FLOW,-1.7241420788065423e-10,kg,,,기본 공급자가 없거나 그 공정의 기준 흐름을 읽지 못했다.
cc19f1d9-6d6b-3485-bd2a-d190abeeccef,"coal extraction and processing - Rocky Mountain, BIT, Underground",25804c89-c3cd-34f7-b5e6-4160fc17a7dc,polyvinyl chloride (PVC),PRODUCT_FLOW,-2.7534590536796797e-09,kg,,,기본 공급자가 없거나 그 공정의 기준 흐름을 읽지 못했다.
cc19f1d9-6d6b-3485-bd2a-d190abeeccef,"coal extraction and processing - Rocky Mountain, BIT, Underground",aab4c1d4-d871-40b1-8188-35999f9b751a,"Waste, solid",WASTE_FLOW,0.0008820300738241872,kg,,,기본 공급자가 없거나 그 공정의 기준 흐름을 읽지 못했다.
cc19f1d9-6d6b-3485-bd2a-d190abeeccef,"coal extraction and processing - Rocky Mountain, BIT, Underground",66c312ea-5071-3a57-9940-25a403d38dea,cast iron,PRODUCT_FLOW,-7.189623666863323e-09,kg,,,기본 공급자가 없거나 그 공정의 기준 흐름을 읽지 못했다.
cc19f1d9-6d6b-3485-bd2a-d190abeeccef,"coal extraction and processing - Rocky Mountain, BIT, Underground",8fe56530-fbb6-3f64-a436-c460029321b4,"rubber, styrene-butadiene",PRODUCT_FLOW,-0.0002097353239962468,kg,,,기본 공급자가 없거나 그 공정의 기준 흐름을 읽지 못했다.
cc19f1d9-6d6b-3485-bd2a-d190abeeccef,"coal extraction and processing - Rocky Mountain, BIT, Underground",7e540229-9844-4be6-b0e8-af5d8d70c11a,Ammonium nitrate,PRODUCT_FLOW,-1.3342071475291994,kg,,,기본 공급자가 없거나 그 공정의 기준 흐름을 읽지 못했다.
cc19f1d9-6d6b-3485-bd2a-d190abeeccef,"coal extraction and processing - Rocky Mountain, BIT, Underground",2db44184-7fa2-300c-b4ab-7fa9227bc0ed,zinc,PRODUCT_FLOW,-1.3755938014459287e-10,kg,,,기본 공급자가 없거나 그 공정의 기준 흐름을 읽지 못했다.
cc19f1d9-6d6b-3485-bd2a-d190abeeccef,"coal extraction and processing - Rocky Mountain, BIT, Underground",6aec53b7-c1e1-4f37-9997-bad469fa567b,residual oil,PRODUCT_FLOW,-1.7257132186256928e-06,kg,,,기본 공급자가 없거나 그 공정의 기준 흐름을 읽지 못했다.
cc19f1d9-6d6b-3485-bd2a-d190abeeccef,"coal extraction and processing - Rocky Mountain, BIT, Underground",e6653400-5caf-43f6-b1f2-89b4c01ca58d,petroleum coke,PRODUCT_FLOW,-0.00010596010101334968,kg,,,기본 공급자가 없거나 그 공정의 기준 흐름을 읽지 못했다.
cc19f1d9-6d6b-3485-bd2a-d190abeeccef,"coal extraction and processing - Rocky Mountain, BIT, Underground",9f723736-35c3-4218-8dbe-a1331f56be46,Light fuel oil,PRODUCT_FLOW,-0.0010257610709106216,kg,,,기본 공급자가 없거나 그 공정의 기준 흐름을 읽지 못했다.
cc19f1d9-6d6b-3485-bd2a-d190abeeccef,"coal extraction and processing - Rocky Mountain, BIT, Underground",14d67c68-0a06-328b-9347-1aaa9bc5f53a,"Water, reclaimed",PRODUCT_FLOW,-90.38048397441679,kg,,,기본 공급자가 없거나 그 공정의 기준 흐름을 읽지 못했다.
cc19f1d9-6d6b-3485-bd2a-d190abeeccef,"coal extraction and processing - Rocky Mountain, BIT, Underground",8a5b6ae2-63d7-4e5a-950e-7d1d8b0bea80,"natural gas, delivered",PRODUCT_FLOW,-7.834611283353986e-05,kg,,,기본 공급자가 없거나 그 공정의 기준 흐름을 읽지 못했다.
cc19f1d9-6d6b-3485-bd2a-d190abeeccef,"coal extraction and processing - Rocky Mountain, BIT, Underground",2b325037-62f4-4658-ab68-2aaf30da8ae6,liquefied petroleum gas,PRODUCT_FLOW,-3.605911975079022e-08,kg,,,기본 공급자가 없거나 그 공정의 기준 흐름을 읽지 못했다.
cc19f1d9-6d6b-3485-bd2a-d190abeeccef,"coal extraction and processing - Rocky Mountain, BIT, Underground",2b69310a-e90f-3417-8b35-d23d5eeac99f,asphalt,PRODUCT_FLOW,-0.5475694272855038,kg,,,기본 공급자가 없거나 그 공정의 기준 흐름을 읽지 못했다.
ccc739c2-aec2-30d0-a1f1-a7ae81af1e8a,Grinding corn,13f37d5b-be6f-3843-9c10-f6518bab1a3b,Agricultural machinery; general,PRODUCT_FLOW,-0.822,kg,,,기본 공급자가 없거나 그 공정의 기준 흐름을 읽지 못했다.
cd82de2a-ffdd-35e2-84c5-b2b94bf3c8bf,Electricity - OIL - California Independent System Operator,d5d165f8-aad3-3b82-a849-1d158c5d031d,CORROSIVE WASTE,WASTE_FLOW,0.0013939055997541571,kg,,,기본 공급자가 없거나 그 공정의 기준 흐름을 읽지 못했다.
cd82de2a-ffdd-35e2-84c5-b2b94bf3c8bf,Electricity - OIL - California Independent System Operator,ac647bd3-bc3d-3033-a9d9-fab4f44889d0,OTH ORGANIC SOLIDS,WASTE_FLOW,0.0004646351999180524,kg,,,기본 공급자가 없거나 그 공정의 기준 흐름을 읽지 못했다.
cd82de2a-ffdd-35e2-84c5-b2b94bf3c8bf,Electricity - OIL - California Independent System Operator,50a90a6b-bb89-32e4-bc27-7725250477bc,OTH ORGANIC LIQUID,WASTE_FLOW,0.002323175999590262,kg,,,기본 공급자가 없거나 그 공정의 기준 흐름을 읽지 못했다.
cd82de2a-ffdd-35e2-84c5-b2b94bf3c8bf,Electricity - OIL - California Independent System Operator,e50e1a15-cc5a-3d3a-8bf2-6f695268acae,SPENT FILTERS,WASTE_FLOW,0.051729385590876496,kg,,,기본 공급자가 없거나 그 공정의 기준 흐름을 읽지 못했다.
cd82de2a-ffdd-35e2-84c5-b2b94bf3c8bf,Electricity - OIL - California Independent System Operator,79d7ff97-744b-3343-9b2e-26cd2758424c,CONT. DEBRIS,WASTE_FLOW,0.10764048798101547,kg,,,기본 공급자가 없거나 그 공정의 기준 흐름을 읽지 못했다.
cd82de2a-ffdd-35e2-84c5-b2b94bf3c8bf,Electricity - OIL - California Independent System Operator,18c6b770-4063-37d6-930c-64bf5a274910,IGNITABLE WASTE,WASTE_FLOW,0.00038719599993171036,kg,,,기본 공급자가 없거나 그 공정의 기준 흐름을 읽지 못했다.
cd82de2a-ffdd-35e2-84c5-b2b94bf3c8bf,Electricity - OIL - California Independent System Operator,9411c75c-9039-3692-ae7f-ef4e58ab6653,HALOGENATED SOLVENT,WASTE_FLOW,0.00015487839997268415,kg,,,기본 공급자가 없거나 그 공정의 기준 흐름을 읽지 못했다.
cd82de2a-ffdd-35e2-84c5-b2b94bf3c8bf,Electricity - OIL - California Independent System Operator,2c0313f3-cd99-363f-9f3c-f34d8a1d0208,LEAD,WASTE_FLOW,0.0037945207993307613,kg,,,기본 공급자가 없거나 그 공정의 기준 흐름을 읽지 못했다.
cd82de2a-ffdd-35e2-84c5-b2b94bf3c8bf,Electricity - OIL - California Independent System Operator,cba57723-fb37-34c5-afcb-a8ef46813b2a,SOLVENT MIXTURE,WASTE_FLOW,0.04839949999146379,kg,,,기본 공급자가 없거나 그 공정의 기준 흐름을 읽지 못했다.
ce587724-1be4-3da0-b7a2-988592c28b9a,Sawn lumber; hardwood; rough; green; at sawmill; SE,adc79a99-03bc-3f30-8e32-3fded81f5b76,Recycled wood waste; unspecified,PRODUCT_FLOW,-0.00046667,kg,,,기본 공급자가 없거나 그 공정의 기준 흐름을 읽지 못했다.
ce587724-1be4-3da0-b7a2-988592c28b9a,Sawn lumber; hardwood; rough; green; at sawmill; SE,de3af1d1-ce3e-329c-9ca7-6323adb9f172,Wood chips; hardwood; green; at sawmill,PRODUCT_FLOW,0.37124,kg,,,기본 공급자가 없거나 그 공정의 기준 흐름을 읽지 못했다.
ce587724-1be4-3da0-b7a2-988592c28b9a,Sawn lumber; hardwood; rough; green; at sawmill; SE,851dabd1-801f-3582-8b29-a3cdd6f65473,Wood fuel; hardwood; green; at sawmill,PRODUCT_FLOW,0.1268,kg,,,기본 공급자가 없거나 그 공정의 기준 흐름을 읽지 못했다.
ce587724-1be4-3da0-b7a2-988592c28b9a,Sawn lumber; hardwood; rough; green; at sawmill; SE,09158da1-b29b-33c9-9b80-baa6618ee541,Sawdust; hardwood; green; at sawmill,PRODUCT_FLOW,0.054902,kg,,,기본 공급자가 없거나 그 공정의 기준 흐름을 읽지 못했다.
ce587724-1be4-3da0-b7a2-988592c28b9a,Sawn lumber; hardwood; rough; green; at sawmill; SE,76dd64c9-130f-3803-bdf2-ae1445a7372d,"Bark, hardwood; green; at sawmill",PRODUCT_FLOW,0.035294,kg,,,기본 공급자가 없거나 그 공정의 기준 흐름을 읽지 못했다.
ce587724-1be4-3da0-b7a2-988592c28b9a,Sawn lumber; hardwood; rough; green; at sawmill; SE,a02815b0-8760-3b74-b2b6-ea070b183bbe,Bark; hardwood; green; at logyard,PRODUCT_FLOW,-0.028235,kg,4a42fda8-640a-3152-9741-f64c558be34d,Roundwood; hardwood; green; at logyard; SE,차원이 다르다: kg(mass) -> m3(volume)
ce587724-1be4-3da0-b7a2-988592c28b9a,Sawn lumber; hardwood; rough; green; at sawmill; SE,9d8c4200-5dc8-3515-9c23-31c577722fce,Hogged fuel; hardwood; green; at sawmill,PRODUCT_FLOW,0.16732,kg,,,기본 공급자가 없거나 그 공정의 기준 흐름을 읽지 못했다.
ce664816-3835-34a1-b500-3a6b0f6e755e,"Electricity - GAS - New Harquahala Generating Company, LLC",d5d165f8-aad3-3b82-a849-1d158c5d031d,CORROSIVE WASTE,WASTE_FLOW,0.0016747977976457845,kg,,,기본 공급자가 없거나 그 공정의 기준 흐름을 읽지 못했다.
ce664816-3835-34a1-b500-3a6b0f6e755e,"Electricity - GAS - New Harquahala Generating Company, LLC",18c6b770-4063-37d6-930c-64bf5a274910,IGNITABLE WASTE,WASTE_FLOW,6.82397240018655e-05,kg,,,기본 공급자가 없거나 그 공정의 기준 흐름을 읽지 못했다.
ce664816-3835-34a1-b500-3a6b0f6e755e,"Electricity - GAS - New Harquahala Generating Company, LLC",7fdc2f5e-70bd-3dd4-a6c0-288a85597858,OTHER AQUEOUS WST,WASTE_FLOW,5.8491192001599e-05,kg,,,기본 공급자가 없거나 그 공정의 기준 흐름을 읽지 못했다.
d1bf60a0-272b-3ef0-951c-7febc0546d58,"Methylene diphenyl diisocyanate, MDI; mass alloc; at plant",28579c88-adc1-468a-aa24-b333dccb85c1,Hydrogen combustion; energy,PRODUCT_FLOW,-0.1702,MJ,,,기본 공급자가 없거나 그 공정의 기준 흐름을 읽지 못했다.
d1bf60a0-272b-3ef0-951c-7febc0546d58,"Methylene diphenyl diisocyanate, MDI; mass alloc; at plant",a98db096-441e-4783-900f-b6693ecde0c9,"Disposal, hazardous waste; to incineration with energy recovery",WASTE_FLOW,0.00011,kg,,,기본 공급자가 없거나 그 공정의 기준 흐름을 읽지 못했다.
d1bf60a0-272b-3ef0-951c-7febc0546d58,"Methylene diphenyl diisocyanate, MDI; mass alloc; at plant",527eba6b-49d0-41de-acdf-89337eb67578,Formaldehyde; at plant; 50% solution state,PRODUCT_FLOW,-0.204,kg,,,기본 공급자가 없거나 그 공정의 기준 흐름을 읽지 못했다.
d1bf60a0-272b-3ef0-951c-7febc0546d58,"Methylene diphenyl diisocyanate, MDI; mass alloc; at plant",42929598-5cd9-4fac-a79d-fd0ab85a4176,"Disposal, hazardous waste; to unspecified hazardous waste landfill",WASTE_FLOW,9.7e-05,kg,,,기본 공급자가 없거나 그 공정의 기준 흐름을 읽지 못했다.
d2515701-2588-440b-9935-4148dcb53435,Sodium chlorate Bridge; USLCI to USEEIO,21b680dd-c1f7-3f23-a1f6-5d21826b609e,Other basic inorganic chemicals,PRODUCT_FLOW,-0.449444211,USD,,,기본 공급자가 없거나 그 공정의 기준 흐름을 읽지 못했다.
d3e13675-1455-375f-a557-bb8234de75ff,Gasoline; combusted in equipment,53de1795-1f4f-3b79-abd0-a7d4803451a2,"Gasoline combustion; reciprocating, industrial, uncontrolled",PRODUCT_FLOW,-0.001,m3,8e2d94e3-7050-3575-b205-59645df56d5c,"Gasoline combustion; reciprocating, industrial, uncontrolled; at reciprocating engine",기본 공급자가 없거나 그 공정의 기준 흐름을 읽지 못했다.
d3e8abb6-74a0-4b6b-b2e4-dee491ba972d,Building construction; hall; steel construction Bridge; USLCI to USEEIO,bf8686ae-c7db-3a2d-aa68-834c42aa6c10,Other nonresidential structures,PRODUCT_FLOW,-130.8,USD,,,기본 공급자가 없거나 그 공정의 기준 흐름을 읽지 못했다.
d5b0f333-d1b3-3ba1-8111-b036b67589f8,"Tillage; conservation, corn production",86ca4ddf-af46-3676-b254-d025303e1810,"Tillage; cultivating, chiselling",PRODUCT_FLOW,-10000.0,m2,,,기본 공급자가 없거나 그 공정의 기준 흐름을 읽지 못했다.
d5b0f333-d1b3-3ba1-8111-b036b67589f8,"Tillage; conservation, corn production",81040c58-d108-3d5e-8b1a-06c2126da24a,Fertilising; by broadcaster,PRODUCT_FLOW,-20000.0,m2,,,기본 공급자가 없거나 그 공정의 기준 흐름을 읽지 못했다.
d67585e4-5ddf-3722-a4cc-0b7576a05b07,"Tillage; reduce, corn production",8bba463b-9122-3988-b302-bcc4dfedd8fb,Tillage; rotary cultivator,PRODUCT_FLOW,-1.0,m2,,,기본 공급자가 없거나 그 공정의 기준 흐름을 읽지 못했다.
d67585e4-5ddf-3722-a4cc-0b7576a05b07,"Tillage; reduce, corn production",81040c58-d108-3d5e-8b1a-06c2126da24a,Fertilising; by broadcaster,PRODUCT_FLOW,-1.0,m2,,,기본 공급자가 없거나 그 공정의 기준 흐름을 읽지 못했다.
d67585e4-5ddf-3722-a4cc-0b7576a05b07,"Tillage; reduce, corn production",86ca4ddf-af46-3676-b254-d025303e1810,"Tillage; cultivating, chiselling",PRODUCT_FLOW,-1.0,m2,,,기본 공급자가 없거나 그 공정의 기준 흐름을 읽지 못했다.
d67585e4-5ddf-3722-a4cc-0b7576a05b07,"Tillage; reduce, corn production",e600b640-5039-347e-a647-15779b4b5edc,Tillage; rolling,PRODUCT_FLOW,-1.0,m2,,,기본 공급자가 없거나 그 공정의 기준 흐름을 읽지 못했다.
d6ad7035-5498-3237-8abd-50e93b1eef89,Diesel; combusted in industrial equipment,58a2bd6a-3aa0-32ca-b6ae-ade7160cb39b,"Diesel combustion; turbine, industrial, uncontrolled",PRODUCT_FLOW,-0.0005,m3,93b8169f-31b2-3c76-8f38-bac5555a6342,"Diesel combustion; turbine, industrial, uncontrolled; at turbine",기본 공급자가 없거나 그 공정의 기준 흐름을 읽지 못했다.
d6ad7035-5498-3237-8abd-50e93b1eef89,Diesel; combusted in industrial equipment,753525bc-da7f-31ff-8dfe-51c127be4c55,"Diesel combustion; reciprocating, industrial, uncontrolled",PRODUCT_FLOW,-0.0005,m3,cfefb6f5-bd48-3f9c-bd99-7b13060a3ec9,"Diesel combustion; reciprocating, industrial, uncontrolled; at reciprocating engine",기본 공급자가 없거나 그 공정의 기준 흐름을 읽지 못했다.
d77237c8-2b23-3236-9fd0-935c952cef32,Electricity - NUCLEAR - ISO New England,ac647bd3-bc3d-3033-a9d9-fab4f44889d0,OTH ORGANIC SOLIDS,WASTE_FLOW,3.650119902339947e-07,kg,,,기본 공급자가 없거나 그 공정의 기준 흐름을 읽지 못했다.
d77237c8-2b23-3236-9fd0-935c952cef32,Electricity - NUCLEAR - ISO New England,36693162-edff-38f9-8112-55fb1e802159,COMPRESSED GAS,WASTE_FLOW,2.976506865817211e-05,kg,,,기본 공급자가 없거나 그 공정의 기준 흐름을 읽지 못했다.
d77237c8-2b23-3236-9fd0-935c952cef32,Electricity - NUCLEAR - ISO New England,cd7a2acd-6b88-37cb-b0f4-938ab7ddb780,"PAINT, INK, ETC.",WASTE_FLOW,5.641094394525372e-06,kg,,,기본 공급자가 없거나 그 공정의 기준 흐름을 읽지 못했다.
d77237c8-2b23-3236-9fd0-935c952cef32,Electricity - NUCLEAR - ISO New England,842813ca-6b14-36d4-b35b-5b5ee4b8bf61,LAB PACKS/ACUTE,WASTE_FLOW,4.3137780664017546e-07,kg,,,기본 공급자가 없거나 그 공정의 기준 흐름을 읽지 못했다.
d77237c8-2b23-3236-9fd0-935c952cef32,Electricity - NUCLEAR - ISO New England,1b0ee7da-153d-34a5-86b3-723efa6e177b,CHROMIUM,WASTE_FLOW,8.959385214834415e-06,kg,,,기본 공급자가 없거나 그 공정의 기준 흐름을 읽지 못했다.
d77237c8-2b23-3236-9fd0-935c952cef32,Electricity - NUCLEAR - ISO New England,2c0313f3-cd99-363f-9f3c-f34d8a1d0208,LEAD,WASTE_FLOW,6.951819268547445e-05,kg,,,기본 공급자가 없거나 그 공정의 기준 흐름을 읽지 못했다.
d77237c8-2b23-3236-9fd0-935c952cef32,Electricity - NUCLEAR - ISO New England,66e610e1-1733-390a-82e0-d801990b71ba,LAB PACKS/NO ACUTE,WASTE_FLOW,5.7406431191346435e-05,kg,,,기본 공급자가 없거나 그 공정의 기준 흐름을 읽지 못했다.
d77237c8-2b23-3236-9fd0-935c952cef32,Electricity - NUCLEAR - ISO New England,18c6b770-4063-37d6-930c-64bf5a274910,IGNITABLE WASTE,WASTE_FLOW,7.034776539055171e-06,kg,,,기본 공급자가 없거나 그 공정의 기준 흐름을 읽지 못했다.
d77237c8-2b23-3236-9fd0-935c952cef32,Electricity - NUCLEAR - ISO New England,50a90a6b-bb89-32e4-bc27-7725250477bc,OTH ORGANIC LIQUID,WASTE_FLOW,1.410273598631343e-05,kg,,,기본 공급자가 없거나 그 공정의 기준 흐름을 읽지 못했다.
d77237c8-2b23-3236-9fd0-935c952cef32,Electricity - NUCLEAR - ISO New England,79d7ff97-744b-3343-9b2e-26cd2758424c,CONT. DEBRIS,WASTE_FLOW,1.025351863475494e-05,kg,,,기본 공급자가 없거나 그 공정의 기준 흐름을 읽지 못했다.
d7a673e2-dc84-31fa-b15c-a03a6863c8dd,"Tillage; intensive, corn production",c32fe3f6-63fb-3d2a-ab0e-e156b79d7eeb,Tillage; ploughing,PRODUCT_FLOW,-2.0,m2,,,기본 공급자가 없거나 그 공정의 기준 흐름을 읽지 못했다.
d7a673e2-dc84-31fa-b15c-a03a6863c8dd,"Tillage; intensive, corn production",8bba463b-9122-3988-b302-bcc4dfedd8fb,Tillage; rotary cultivator,PRODUCT_FLOW,-2.0,m2,,,기본 공급자가 없거나 그 공정의 기준 흐름을 읽지 못했다.
d7a673e2-dc84-31fa-b15c-a03a6863c8dd,"Tillage; intensive, corn production",81040c58-d108-3d5e-8b1a-06c2126da24a,Fertilising; by broadcaster,PRODUCT_FLOW,-1.0,m2,,,기본 공급자가 없거나 그 공정의 기준 흐름을 읽지 못했다.
d7a673e2-dc84-31fa-b15c-a03a6863c8dd,"Tillage; intensive, corn production",e600b640-5039-347e-a647-15779b4b5edc,Tillage; rolling,PRODUCT_FLOW,-1.0,m2,,,기본 공급자가 없거나 그 공정의 기준 흐름을 읽지 못했다.
d85c6177-4580-35f0-afd6-52125ababf10,Heat; onsite boiler; hardwood mill,97624ce0-6d6a-3376-bfa7-c663b3c7e48d,Electricity; onsite boiler; at hardwood mill,PRODUCT_FLOW,0.006910821435961116,MJ,,,기본 공급자가 없거나 그 공정의 기준 흐름을 읽지 못했다.
d9cadd89-4203-375a-903a-63197cd29c6a,"Ethanol; denatured; forest residues, thermochem",0cdd9079-9cf3-33c9-ab62-9d734c03f7df,Mixed alcohols; thermochemical process,PRODUCT_FLOW,3787.0,kg,,,기본 공급자가 없거나 그 공정의 기준 흐름을 읽지 못했다.
d9cadd89-4203-375a-903a-63197cd29c6a,"Ethanol; denatured; forest residues, thermochem",0f2bfe0f-76ff-36cb-bc35-abca9c747602,Magnesium oxide; at plant,PRODUCT_FLOW,-3.1615,kg,,,기본 공급자가 없거나 그 공정의 기준 흐름을 읽지 못했다.
d9cadd89-4203-375a-903a-63197cd29c6a,"Ethanol; denatured; forest residues, thermochem",91f5f6a2-c435-36ba-9adf-64512fcff252,Chemicals inorganic; at plant,PRODUCT_FLOW,-0.45359,kg,,,기본 공급자가 없거나 그 공정의 기준 흐름을 읽지 못했다.
d9cadd89-4203-375a-903a-63197cd29c6a,"Ethanol; denatured; forest residues, thermochem",09b494b5-eb57-4844-aec5-f87160089e0d,"Disposal, other solid waste from plant; to uns. landfill",WASTE_FLOW,1102.2,kg,,,기본 공급자가 없거나 그 공정의 기준 흐름을 읽지 못했다.
d9cadd89-4203-375a-903a-63197cd29c6a,"Ethanol; denatured; forest residues, thermochem",57ce615d-ee8c-3c8d-8693-356b330f8445,Sulphite; at plant,PRODUCT_FLOW,-0.39916,kg,,,기본 공급자가 없거나 그 공정의 기준 흐름을 읽지 못했다.
d9cadd89-4203-375a-903a-63197cd29c6a,"Ethanol; denatured; forest residues, thermochem",de044d6a-cc59-3669-a18d-89ebaa435b1e,"Monoethanolamine, MEA; at plant",PRODUCT_FLOW,-27.216,kg,,,기본 공급자가 없거나 그 공정의 기준 흐름을 읽지 못했다.
d9cadd89-4203-375a-903a-63197cd29c6a,"Ethanol; denatured; forest residues, thermochem",e42f7027-df85-352b-9eac-ae48dbd7b141,Thermochemical conversion plant,PRODUCT_FLOW,-5.95e-06,Item(s),,,기본 공급자가 없거나 그 공정의 기준 흐름을 읽지 못했다.
d9cadd89-4203-375a-903a-63197cd29c6a,"Ethanol; denatured; forest residues, thermochem",f670bb2d-c28a-3a08-9b9c-cc50bca5d126,Energy; output,PRODUCT_FLOW,-11968.0,MJ,,,기본 공급자가 없거나 그 공정의 기준 흐름을 읽지 못했다.
d9cadd89-4203-375a-903a-63197cd29c6a,"Ethanol; denatured; forest residues, thermochem",80e4ff02-d959-3ec5-a5df-3ed385d7df0c,Sulfur; thermochemical process,PRODUCT_FLOW,53.52,kg,,,기본 공급자가 없거나 그 공정의 기준 흐름을 읽지 못했다.
d9fb0399-cc8d-30e5-a5e5-27cdcda82a8e,Electricity - GAS - Tennessee Valley Authority,751445c0-1204-3973-b58d-bdf0112cfbe5,ELECTRICAL DEVICES,WASTE_FLOW,5.426544772388164e-06,kg,,,기본 공급자가 없거나 그 공정의 기준 흐름을 읽지 못했다.
d9fb0399-cc8d-30e5-a5e5-27cdcda82a8e,Electricity - GAS - Tennessee Valley Authority,66e610e1-1733-390a-82e0-d801990b71ba,LAB PACKS/NO ACUTE,WASTE_FLOW,7.941285032763168e-07,kg,,,기본 공급자가 없거나 그 공정의 기준 흐름을 읽지 못했다.
d9fb0399-cc8d-30e5-a5e5-27cdcda82a8e,Electricity - GAS - Tennessee Valley Authority,3943bd3e-5354-3f3b-9d2a-ad12d1250b14,MERCURY,WASTE_FLOW,2.316208134555924e-06,kg,,,기본 공급자가 없거나 그 공정의 기준 흐름을 읽지 못했다.
d9fb0399-cc8d-30e5-a5e5-27cdcda82a8e,Electricity - GAS - Tennessee Valley Authority,842813ca-6b14-36d4-b35b-5b5ee4b8bf61,LAB PACKS/ACUTE,WASTE_FLOW,3.652991115071057e-05,kg,,,기본 공급자가 없거나 그 공정의 기준 흐름을 읽지 못했다.
d9fb0399-cc8d-30e5-a5e5-27cdcda82a8e,Electricity - GAS - Tennessee Valley Authority,14d67c68-0a06-328b-9347-1aaa9bc5f53a,"Water, reclaimed",PRODUCT_FLOW,-108.51553103496225,kg,,,기본 공급자가 없거나 그 공정의 기준 흐름을 읽지 못했다.
d9fb0399-cc8d-30e5-a5e5-27cdcda82a8e,Electricity - GAS - Tennessee Valley Authority,2c0313f3-cd99-363f-9f3c-f34d8a1d0208,LEAD,WASTE_FLOW,1.9853212581907917e-06,kg,,,기본 공급자가 없거나 그 공정의 기준 흐름을 읽지 못했다.
d9fb0399-cc8d-30e5-a5e5-27cdcda82a8e,Electricity - GAS - Tennessee Valley Authority,d5d165f8-aad3-3b82-a849-1d158c5d031d,CORROSIVE WASTE,WASTE_FLOW,0.00024485628851019767,kg,,,기본 공급자가 없거나 그 공정의 기준 흐름을 읽지 못했다.
d9fb0399-cc8d-30e5-a5e5-27cdcda82a8e,Electricity - GAS - Tennessee Valley Authority,1217c8af-4ecd-32ca-810a-98b50600cbc7,DRIED PAINT,WASTE_FLOW,1.1581040672779617e-05,kg,,,기본 공급자가 없거나 그 공정의 기준 흐름을 읽지 못했다.
dacaeae9-aeed-3366-912d-6a31de09eef9,Nitrogen fertilizer; production mix; at plant,624b6420-78ba-4b8b-a374-fbc1be60a081,"Disposal, chemical waste; to sanitary landfill",WASTE_FLOW,9e-05,kg,,,기본 공급자가 없거나 그 공정의 기준 흐름을 읽지 못했다.
db291182-7d45-38c4-8529-a9abc78e55e9,"Wood fuel; hardwood, purchased; combusted in industrial boiler; SE",25d73e00-0b36-4a76-b168-087f1ab49c03,"Disposal, solid waste; to unspecified treatment",WASTE_FLOW,0.0882,kg,,,기본 공급자가 없거나 그 공정의 기준 흐름을 읽지 못했다.
de3b7db8-68ed-4a66-9c7c-11fc72585df7,"Forest management, softwood; site prep, herbaceous weed control, chemical; at forest",29ed73db-ca99-432f-9333-f5c2c0406f6e,"Triclopyr, production",PRODUCT_FLOW,-2.727272727,kg,,,기본 공급자가 없거나 그 공정의 기준 흐름을 읽지 못했다.
de3b7db8-68ed-4a66-9c7c-11fc72585df7,"Forest management, softwood; site prep, herbaceous weed control, chemical; at forest",712f5239-6b2b-34f5-ae19-5b5265bd123c,Ammonium sulfate; at plant,PRODUCT_FLOW,-0.968127611,kg,,,기본 공급자가 없거나 그 공정의 기준 흐름을 읽지 못했다.
de3b7db8-68ed-4a66-9c7c-11fc72585df7,"Forest management, softwood; site prep, herbaceous weed control, chemical; at forest",c8707371-2073-4758-b57c-7f5f4d8420cb,"Imazapyr, production",PRODUCT_FLOW,-1.03578,kg,,,기본 공급자가 없거나 그 공정의 기준 흐름을 읽지 못했다.
de3b7db8-68ed-4a66-9c7c-11fc72585df7,"Forest management, softwood; site prep, herbaceous weed control, chemical; at forest",2eb3ce0f-e59a-3ba9-ab44-2398b021d108,Glyphosate; at regional storehouse,PRODUCT_FLOW,-3.12267658,kg,,,기본 공급자가 없거나 그 공정의 기준 흐름을 읽지 못했다.
dfc791b4-4f3e-3b3f-9ee4-eb31a279a576,Electricity - OIL - Southwest Power Pool,79d7ff97-744b-3343-9b2e-26cd2758424c,CONT. DEBRIS,WASTE_FLOW,0.004423852763329,kg,,,기본 공급자가 없거나 그 공정의 기준 흐름을 읽지 못했다.
dfc791b4-4f3e-3b3f-9ee4-eb31a279a576,Electricity - OIL - Southwest Power Pool,19a373c5-af0a-3a97-ac48-4c3bc2fb6958,METHANOL (I) (OR) METHYL ALCOHOL (I),WASTE_FLOW,0.08847705526657997,kg,,,기본 공급자가 없거나 그 공정의 기준 흐름을 읽지 못했다.
dfc791b4-4f3e-3b3f-9ee4-eb31a279a576,Electricity - OIL - Southwest Power Pool,18c6b770-4063-37d6-930c-64bf5a274910,IGNITABLE WASTE,WASTE_FLOW,0.011059631908322496,kg,,,기본 공급자가 없거나 그 공정의 기준 흐름을 읽지 못했다.
dfc791b4-4f3e-3b3f-9ee4-eb31a279a576,Electricity - OIL - Southwest Power Pool,cd7a2acd-6b88-37cb-b0f4-938ab7ddb780,"PAINT, INK, ETC.",WASTE_FLOW,0.15483484671651496,kg,,,기본 공급자가 없거나 그 공정의 기준 흐름을 읽지 못했다.
dfc791b4-4f3e-3b3f-9ee4-eb31a279a576,Electricity - OIL - Southwest Power Pool,36693162-edff-38f9-8112-55fb1e802159,COMPRESSED GAS,WASTE_FLOW,0.019170028641092327,kg,,,기본 공급자가 없거나 그 공정의 기준 흐름을 읽지 못했다.
dfc791b4-4f3e-3b3f-9ee4-eb31a279a576,Electricity - OIL - Southwest Power Pool,d5d165f8-aad3-3b82-a849-1d158c5d031d,CORROSIVE WASTE,WASTE_FLOW,0.07373087938881664,kg,,,기본 공급자가 없거나 그 공정의 기준 흐름을 읽지 못했다.
e0368d96-44a3-3628-8220-e6ae975b0931,Carbon monoxide; at plant,164869a7-0657-4889-af36-6643720e09e4,"Disposal, solid waste fuel; to municipal incineration",WASTE_FLOW,0.021476,kg,,,기본 공급자가 없거나 그 공정의 기준 흐름을 읽지 못했다.
e1af8650-b9cc-367d-9cac-75a8d52eb3fb,Electricity - ALL - British Columbia Hydro and Power Authority,14d67c68-0a06-328b-9347-1aaa9bc5f53a,"Water, reclaimed",PRODUCT_FLOW,-5723.972306933821,kg,,,기본 공급자가 없거나 그 공정의 기준 흐름을 읽지 못했다.
e1f18612-6d5f-4ebe-81d4-843ce9b496ad,Wastewater treatment; anaerobic/anoxic/oxic; level 2-1; at plant,1475f6cd-7fae-31d2-ab63-3b93b84c5b08,Metal product manufacturing; average metal working,PRODUCT_FLOW,-4.22631646556663e-05,kg,,,기본 공급자가 없거나 그 공정의 기준 흐름을 읽지 못했다.
e2884390-2613-3d46-81d2-6051ecadc9c2,Styrene; at plant,42929598-5cd9-4fac-a79d-fd0ab85a4176,"Disposal, hazardous waste; to unspecified hazardous waste landfill",WASTE_FLOW,1e-05,kg,,,기본 공급자가 없거나 그 공정의 기준 흐름을 읽지 못했다.
e2884390-2613-3d46-81d2-6051ecadc9c2,Styrene; at plant,c3a414cf-44c3-409b-8481-7c0fafdb225c,"Disposal, solid waste; to incineration without energy recovery",WASTE_FLOW,0.0001,kg,,,기본 공급자가 없거나 그 공정의 기준 흐름을 읽지 못했다.
e584ef96-ebea-319a-98d4-cf729fb8dea5,"coal extraction and processing - West/Northwest, SUB, Underground",9f723736-35c3-4218-8dbe-a1331f56be46,Light fuel oil,PRODUCT_FLOW,-0.0018542097818547909,kg,,,기본 공급자가 없거나 그 공정의 기준 흐름을 읽지 못했다.
e584ef96-ebea-319a-98d4-cf729fb8dea5,"coal extraction and processing - West/Northwest, SUB, Underground",8a5b6ae2-63d7-4e5a-950e-7d1d8b0bea80,"natural gas, delivered",PRODUCT_FLOW,-0.0001461411120069766,kg,,,기본 공급자가 없거나 그 공정의 기준 흐름을 읽지 못했다.
e584ef96-ebea-319a-98d4-cf729fb8dea5,"coal extraction and processing - West/Northwest, SUB, Underground",66c312ea-5071-3a57-9940-25a403d38dea,cast iron,PRODUCT_FLOW,-0.00020559663842944985,kg,,,기본 공급자가 없거나 그 공정의 기준 흐름을 읽지 못했다.
e584ef96-ebea-319a-98d4-cf729fb8dea5,"coal extraction and processing - West/Northwest, SUB, Underground",14d67c68-0a06-328b-9347-1aaa9bc5f53a,"Water, reclaimed",PRODUCT_FLOW,-11.27470277264582,kg,,,기본 공급자가 없거나 그 공정의 기준 흐름을 읽지 못했다.
e584ef96-ebea-319a-98d4-cf729fb8dea5,"coal extraction and processing - West/Northwest, SUB, Underground",2b69310a-e90f-3417-8b35-d23d5eeac99f,asphalt,PRODUCT_FLOW,-0.7095480267865422,kg,,,기본 공급자가 없거나 그 공정의 기준 흐름을 읽지 못했다.
e584ef96-ebea-319a-98d4-cf729fb8dea5,"coal extraction and processing - West/Northwest, SUB, Underground",6aec53b7-c1e1-4f37-9997-bad469fa567b,residual oil,PRODUCT_FLOW,-3.1373312268900576e-06,kg,,,기본 공급자가 없거나 그 공정의 기준 흐름을 읽지 못했다.
e584ef96-ebea-319a-98d4-cf729fb8dea5,"coal extraction and processing - West/Northwest, SUB, Underground",25804c89-c3cd-34f7-b5e6-4160fc17a7dc,polyvinyl chloride (PVC),PRODUCT_FLOW,-7.895155918422794e-05,kg,,,기본 공급자가 없거나 그 공정의 기준 흐름을 읽지 못했다.
e584ef96-ebea-319a-98d4-cf729fb8dea5,"coal extraction and processing - West/Northwest, SUB, Underground",e6653400-5caf-43f6-b1f2-89b4c01ca58d,petroleum coke,PRODUCT_FLOW,-0.00019263639591385524,kg,,,기본 공급자가 없거나 그 공정의 기준 흐름을 읽지 못했다.
e584ef96-ebea-319a-98d4-cf729fb8dea5,"coal extraction and processing - West/Northwest, SUB, Underground",8fe56530-fbb6-3f64-a436-c460029321b4,"rubber, styrene-butadiene",PRODUCT_FLOW,-0.0002706461823720676,kg,,,기본 공급자가 없거나 그 공정의 기준 흐름을 읽지 못했다.
e584ef96-ebea-319a-98d4-cf729fb8dea5,"coal extraction and processing - West/Northwest, SUB, Underground",2db44184-7fa2-300c-b4ab-7fa9227bc0ed,zinc,PRODUCT_FLOW,-3.9341102623133974e-06,kg,,,기본 공급자가 없거나 그 공정의 기준 흐름을 읽지 못했다.
e584ef96-ebea-319a-98d4-cf729fb8dea5,"coal extraction and processing - West/Northwest, SUB, Underground",66b3cd21-7664-3778-86d6-52f45f1af823,copper,PRODUCT_FLOW,-4.929709042411585e-06,kg,,,기본 공급자가 없거나 그 공정의 기준 흐름을 읽지 못했다.
e584ef96-ebea-319a-98d4-cf729fb8dea5,"coal extraction and processing - West/Northwest, SUB, Underground",aab4c1d4-d871-40b1-8188-35999f9b751a,"Waste, solid",WASTE_FLOW,0.001603397522780943,kg,,,기본 공급자가 없거나 그 공정의 기준 흐름을 읽지 못했다.
e584ef96-ebea-319a-98d4-cf729fb8dea5,"coal extraction and processing - West/Northwest, SUB, Underground",2b325037-62f4-4658-ab68-2aaf30da8ae6,liquefied petroleum gas,PRODUCT_FLOW,-6.555503794708621e-08,kg,,,기본 공급자가 없거나 그 공정의 기준 흐름을 읽지 못했다.
e584ef96-ebea-319a-98d4-cf729fb8dea5,"coal extraction and processing - West/Northwest, SUB, Underground",7e540229-9844-4be6-b0e8-af5d8d70c11a,Ammonium nitrate,PRODUCT_FLOW,-1.726973030592957,kg,,,기본 공급자가 없거나 그 공정의 기준 흐름을 읽지 못했다.
e729d94a-e386-4fc0-80e4-cc7406fd227d,"Forest management, softwood; woody brush control, chemical; at forest",e5c7d671-f69e-4dd9-9b55-4b994be9a85e,"Hexazinone, production",PRODUCT_FLOW,-0.746666667,kg,,,기본 공급자가 없거나 그 공정의 기준 흐름을 읽지 못했다.
e729d94a-e386-4fc0-80e4-cc7406fd227d,"Forest management, softwood; woody brush control, chemical; at forest",8ac8eea3-641c-45a0-804a-3294cd5f9b09,"Non-ionic surfactant, production",PRODUCT_FLOW,-0.968127611,kg,,,기본 공급자가 없거나 그 공정의 기준 흐름을 읽지 못했다.
e729d94a-e386-4fc0-80e4-cc7406fd227d,"Forest management, softwood; woody brush control, chemical; at forest",73a92376-cd8b-4d24-92cb-3ad47eb2d722,"Sulfometuron methyl, production",PRODUCT_FLOW,-0.183333333,kg,,,기본 공급자가 없거나 그 공정의 기준 흐름을 읽지 못했다.
e80db889-85b6-3c9e-ae23-f920d786ef15,Electricity - GAS - Florida Municipal Power Pool,14d67c68-0a06-328b-9347-1aaa9bc5f53a,"Water, reclaimed",PRODUCT_FLOW,-825.6091509753304,kg,,,기본 공급자가 없거나 그 공정의 기준 흐름을 읽지 못했다.
e93bf6bd-1924-4956-85a4-50d1c2b5b0ae,Hydrogen peroxide Bridge; USLCI to USEEIO,21b680dd-c1f7-3f23-a1f6-5d21826b609e,Other basic inorganic chemicals,PRODUCT_FLOW,-0.467347895,USD,,,기본 공급자가 없거나 그 공정의 기준 흐름을 읽지 못했다.
ebe8e7c3-8e40-32b0-80c5-edec75f29774,"coal extraction and processing - Lignite, LIG, Surface",7e540229-9844-4be6-b0e8-af5d8d70c11a,Ammonium nitrate,PRODUCT_FLOW,-1.477056260099996,kg,,,기본 공급자가 없거나 그 공정의 기준 흐름을 읽지 못했다.
ebe8e7c3-8e40-32b0-80c5-edec75f29774,"coal extraction and processing - Lignite, LIG, Surface",9f723736-35c3-4218-8dbe-a1331f56be46,Light fuel oil,PRODUCT_FLOW,-0.0002969577551448392,kg,,,기본 공급자가 없거나 그 공정의 기준 흐름을 읽지 못했다.
ebe8e7c3-8e40-32b0-80c5-edec75f29774,"coal extraction and processing - Lignite, LIG, Surface",2db44184-7fa2-300c-b4ab-7fa9227bc0ed,zinc,PRODUCT_FLOW,-4.437693901547805e-06,kg,,,기본 공급자가 없거나 그 공정의 기준 흐름을 읽지 못했다.
ebe8e7c3-8e40-32b0-80c5-edec75f29774,"coal extraction and processing - Lignite, LIG, Surface",8fe56530-fbb6-3f64-a436-c460029321b4,"rubber, styrene-butadiene",PRODUCT_FLOW,-0.0008774546393411742,kg,,,기본 공급자가 없거나 그 공정의 기준 흐름을 읽지 못했다.
ebe8e7c3-8e40-32b0-80c5-edec75f29774,"coal extraction and processing - Lignite, LIG, Surface",8a5b6ae2-63d7-4e5a-950e-7d1d8b0bea80,"natural gas, delivered",PRODUCT_FLOW,-0.00013842855510480702,kg,,,기본 공급자가 없거나 그 공정의 기준 흐름을 읽지 못했다.
ebe8e7c3-8e40-32b0-80c5-edec75f29774,"coal extraction and processing - Lignite, LIG, Surface",66b3cd21-7664-3778-86d6-52f45f1af823,copper,PRODUCT_FLOW,-5.560734475183499e-06,kg,,,기본 공급자가 없거나 그 공정의 기준 흐름을 읽지 못했다.
ebe8e7c3-8e40-32b0-80c5-edec75f29774,"coal extraction and processing - Lignite, LIG, Surface",25804c89-c3cd-34f7-b5e6-4160fc17a7dc,polyvinyl chloride (PVC),PRODUCT_FLOW,-8.905622233965233e-05,kg,,,기본 공급자가 없거나 그 공정의 기준 흐름을 읽지 못했다.
ebe8e7c3-8e40-32b0-80c5-edec75f29774,"coal extraction and processing - Lignite, LIG, Surface",2b69310a-e90f-3417-8b35-d23d5eeac99f,asphalt,PRODUCT_FLOW,-0.00021979762278755054,kg,,,기본 공급자가 없거나 그 공정의 기준 흐름을 읽지 못했다.
ebe8e7c3-8e40-32b0-80c5-edec75f29774,"coal extraction and processing - Lignite, LIG, Surface",6aec53b7-c1e1-4f37-9997-bad469fa567b,residual oil,PRODUCT_FLOW,-2.902570649165852e-06,kg,,,기본 공급자가 없거나 그 공정의 기준 흐름을 읽지 못했다.
ebe8e7c3-8e40-32b0-80c5-edec75f29774,"coal extraction and processing - Lignite, LIG, Surface",aab4c1d4-d871-40b1-8188-35999f9b751a,"Waste, solid",WASTE_FLOW,0.0014837442245903166,kg,,,기본 공급자가 없거나 그 공정의 기준 흐름을 읽지 못했다.
ebe8e7c3-8e40-32b0-80c5-edec75f29774,"coal extraction and processing - Lignite, LIG, Surface",e6653400-5caf-43f6-b1f2-89b4c01ca58d,petroleum coke,PRODUCT_FLOW,-0.00017822159211186616,kg,,,기본 공급자가 없거나 그 공정의 기준 흐름을 읽지 못했다.
ebe8e7c3-8e40-32b0-80c5-edec75f29774,"coal extraction and processing - Lignite, LIG, Surface",14d67c68-0a06-328b-9347-1aaa9bc5f53a,"Water, reclaimed",PRODUCT_FLOW,-3.082205347674739,kg,,,기본 공급자가 없거나 그 공정의 기준 흐름을 읽지 못했다.
ebe8e7c3-8e40-32b0-80c5-edec75f29774,"coal extraction and processing - Lignite, LIG, Surface",2b325037-62f4-4658-ab68-2aaf30da8ae6,liquefied petroleum gas,PRODUCT_FLOW,-6.06492570724233e-08,kg,,,기본 공급자가 없거나 그 공정의 기준 흐름을 읽지 못했다.
ebe8e7c3-8e40-32b0-80c5-edec75f29774,"coal extraction and processing - Lignite, LIG, Surface",66c312ea-5071-3a57-9940-25a403d38dea,cast iron,PRODUCT_FLOW,-0.00023191332674495129,kg,,,기본 공급자가 없거나 그 공정의 기준 흐름을 읽지 못했다.
eef678db-f4f6-349d-98c1-81dfc5063997,"Electricity - GAS - Midcontinent Independent System Operator, Inc.",14d67c68-0a06-328b-9347-1aaa9bc5f53a,"Water, reclaimed",PRODUCT_FLOW,-103.18990824366155,kg,,,기본 공급자가 없거나 그 공정의 기준 흐름을 읽지 못했다.
eef678db-f4f6-349d-98c1-81dfc5063997,"Electricity - GAS - Midcontinent Independent System Operator, Inc.",d5d165f8-aad3-3b82-a849-1d158c5d031d,CORROSIVE WASTE,WASTE_FLOW,0.004549067821905364,kg,,,기본 공급자가 없거나 그 공정의 기준 흐름을 읽지 못했다.
eef678db-f4f6-349d-98c1-81dfc5063997,"Electricity - GAS - Midcontinent Independent System Operator, Inc.",1b0ee7da-153d-34a5-86b3-723efa6e177b,CHROMIUM,WASTE_FLOW,6.932553747554614e-06,kg,,,기본 공급자가 없거나 그 공정의 기준 흐름을 읽지 못했다.
eef678db-f4f6-349d-98c1-81dfc5063997,"Electricity - GAS - Midcontinent Independent System Operator, Inc.",171438fe-24cb-3dea-8aa6-d5a7205f9067,OIL-WATER EMULSION,WASTE_FLOW,0.0013056309557894523,kg,,,기본 공급자가 없거나 그 공정의 기준 흐름을 읽지 못했다.
eef678db-f4f6-349d-98c1-81dfc5063997,"Electricity - GAS - Midcontinent Independent System Operator, Inc.",19a373c5-af0a-3a97-ac48-4c3bc2fb6958,METHANOL (I) (OR) METHYL ALCOHOL (I),WASTE_FLOW,3.6973619986957943e-06,kg,,,기본 공급자가 없거나 그 공정의 기준 흐름을 읽지 못했다.
eef678db-f4f6-349d-98c1-81dfc5063997,"Electricity - GAS - Midcontinent Independent System Operator, Inc.",6a41027e-3557-329e-be45-1ae193bf2740,BARIUM,WASTE_FLOW,0.0008362200387050322,kg,,,기본 공급자가 없거나 그 공정의 기준 흐름을 읽지 못했다.
eef678db-f4f6-349d-98c1-81dfc5063997,"Electricity - GAS - Midcontinent Independent System Operator, Inc.",18c6b770-4063-37d6-930c-64bf5a274910,IGNITABLE WASTE,WASTE_FLOW,3.0298341011812576e-05,kg,,,기본 공급자가 없거나 그 공정의 기준 흐름을 읽지 못했다.
eef678db-f4f6-349d-98c1-81dfc5063997,"Electricity - GAS - Midcontinent Independent System Operator, Inc.",66e610e1-1733-390a-82e0-d801990b71ba,LAB PACKS/NO ACUTE,WASTE_FLOW,1.7254355993913707e-05,kg,,,기본 공급자가 없거나 그 공정의 기준 흐름을 읽지 못했다.
f04300c5-ea44-3525-b6ab-c4b8b27b127e,"Switchgrass; harvested, wet",7a7a05c9-7521-349b-a275-ab8d1a68fb91,Mowing; by rotary mower,PRODUCT_FLOW,-0.933,m2,,,기본 공급자가 없거나 그 공정의 기준 흐름을 읽지 못했다.
f04300c5-ea44-3525-b6ab-c4b8b27b127e,"Switchgrass; harvested, wet",60cb562b-0086-3c2f-bd09-097d361f8b29,Baling,PRODUCT_FLOW,-0.933,m2,,,기본 공급자가 없거나 그 공정의 기준 흐름을 읽지 못했다.
f1c0c62b-5f0a-392c-98a3-159345fb2563,"coal extraction and processing - Northern Appalachia, BIT, Underground",aab4c1d4-d871-40b1-8188-35999f9b751a,"Waste, solid",WASTE_FLOW,0.0016320223766622493,kg,,,기본 공급자가 없거나 그 공정의 기준 흐름을 읽지 못했다.
f1c0c62b-5f0a-392c-98a3-159345fb2563,"coal extraction and processing - Northern Appalachia, BIT, Underground",2db44184-7fa2-300c-b4ab-7fa9227bc0ed,zinc,PRODUCT_FLOW,-4.158620836868385e-06,kg,,,기본 공급자가 없거나 그 공정의 기준 흐름을 읽지 못했다.
f1c0c62b-5f0a-392c-98a3-159345fb2563,"coal extraction and processing - Northern Appalachia, BIT, Underground",9f723736-35c3-4218-8dbe-a1331f56be46,Light fuel oil,PRODUCT_FLOW,-0.0014510161170903516,kg,,,기본 공급자가 없거나 그 공정의 기준 흐름을 읽지 못했다.
f1c0c62b-5f0a-392c-98a3-159345fb2563,"coal extraction and processing - Northern Appalachia, BIT, Underground",2b325037-62f4-4658-ab68-2aaf30da8ae6,liquefied petroleum gas,PRODUCT_FLOW,-6.672530505253284e-08,kg,,,기본 공급자가 없거나 그 공정의 기준 흐름을 읽지 못했다.
f1c0c62b-5f0a-392c-98a3-159345fb2563,"coal extraction and processing - Northern Appalachia, BIT, Underground",2b69310a-e90f-3417-8b35-d23d5eeac99f,asphalt,PRODUCT_FLOW,-0.7207688043062265,kg,,,기본 공급자가 없거나 그 공정의 기준 흐름을 읽지 못했다.
f1c0c62b-5f0a-392c-98a3-159345fb2563,"coal extraction and processing - Northern Appalachia, BIT, Underground",7e540229-9844-4be6-b0e8-af5d8d70c11a,Ammonium nitrate,PRODUCT_FLOW,-1.7424703924764062,kg,,,기본 공급자가 없거나 그 공정의 기준 흐름을 읽지 못했다.
f1c0c62b-5f0a-392c-98a3-159345fb2563,"coal extraction and processing - Northern Appalachia, BIT, Underground",14d67c68-0a06-328b-9347-1aaa9bc5f53a,"Water, reclaimed",PRODUCT_FLOW,-0.6875731742481312,kg,,,기본 공급자가 없거나 그 공정의 기준 흐름을 읽지 못했다.
f1c0c62b-5f0a-392c-98a3-159345fb2563,"coal extraction and processing - Northern Appalachia, BIT, Underground",6aec53b7-c1e1-4f37-9997-bad469fa567b,residual oil,PRODUCT_FLOW,-3.19334618705093e-06,kg,,,기본 공급자가 없거나 그 공정의 기준 흐름을 읽지 못했다.
f1c0c62b-5f0a-392c-98a3-159345fb2563,"coal extraction and processing - Northern Appalachia, BIT, Underground",8fe56530-fbb6-3f64-a436-c460029321b4,"rubber, styrene-butadiene",PRODUCT_FLOW,-0.0002679103494710738,kg,,,기본 공급자가 없거나 그 공정의 기준 흐름을 읽지 못했다.
f1c0c62b-5f0a-392c-98a3-159345fb2563,"coal extraction and processing - Northern Appalachia, BIT, Underground",e6653400-5caf-43f6-b1f2-89b4c01ca58d,petroleum coke,PRODUCT_FLOW,-0.00019607488802198363,kg,,,기본 공급자가 없거나 그 공정의 기준 흐름을 읽지 못했다.
f1c0c62b-5f0a-392c-98a3-159345fb2563,"coal extraction and processing - Northern Appalachia, BIT, Underground",8a5b6ae2-63d7-4e5a-950e-7d1d8b0bea80,"natural gas, delivered",PRODUCT_FLOW,-0.00014993247686024736,kg,,,기본 공급자가 없거나 그 공정의 기준 흐름을 읽지 못했다.
f1c0c62b-5f0a-392c-98a3-159345fb2563,"coal extraction and processing - Northern Appalachia, BIT, Underground",66b3cd21-7664-3778-86d6-52f45f1af823,copper,PRODUCT_FLOW,-5.211027643129489e-06,kg,,,기본 공급자가 없거나 그 공정의 기준 흐름을 읽지 못했다.
f1c0c62b-5f0a-392c-98a3-159345fb2563,"coal extraction and processing - Northern Appalachia, BIT, Underground",66c312ea-5071-3a57-9940-25a403d38dea,cast iron,PRODUCT_FLOW,-0.00021732987990690436,kg,,,기본 공급자가 없거나 그 공정의 기준 흐름을 읽지 못했다.
f1c0c62b-5f0a-392c-98a3-159345fb2563,"coal extraction and processing - Northern Appalachia, BIT, Underground",25804c89-c3cd-34f7-b5e6-4160fc17a7dc,polyvinyl chloride (PVC),PRODUCT_FLOW,-8.345680576773482e-05,kg,,,기본 공급자가 없거나 그 공정의 기준 흐름을 읽지 못했다.
f2810f07-91dc-3d23-91cc-5f225733f2c6,"Electricity - GAS - Southern Company Services, Inc. - Trans",cd7a2acd-6b88-37cb-b0f4-938ab7ddb780,"PAINT, INK, ETC.",WASTE_FLOW,2.396383439422809e-05,kg,,,기본 공급자가 없거나 그 공정의 기준 흐름을 읽지 못했다.
f2810f07-91dc-3d23-91cc-5f225733f2c6,"Electricity - GAS - Southern Company Services, Inc. - Trans",e2c670e5-7d2b-35f9-a30e-caddbaa8e497,WASTE OIL,WASTE_FLOW,0.001084363506338821,kg,,,기본 공급자가 없거나 그 공정의 기준 흐름을 읽지 못했다.
f2810f07-91dc-3d23-91cc-5f225733f2c6,"Electricity - GAS - Southern Company Services, Inc. - Trans",455e4bb6-174d-3f14-9cbe-e85d103b32aa,SELENIUM,WASTE_FLOW,0.0012294645235958717,kg,,,기본 공급자가 없거나 그 공정의 기준 흐름을 읽지 못했다.
f2810f07-91dc-3d23-91cc-5f225733f2c6,"Electricity - GAS - Southern Company Services, Inc. - Trans",14d67c68-0a06-328b-9347-1aaa9bc5f53a,"Water, reclaimed",PRODUCT_FLOW,-186.1564882994194,kg,,,기본 공급자가 없거나 그 공정의 기준 흐름을 읽지 못했다.
f2810f07-91dc-3d23-91cc-5f225733f2c6,"Electricity - GAS - Southern Company Services, Inc. - Trans",1b0ee7da-153d-34a5-86b3-723efa6e177b,CHROMIUM,WASTE_FLOW,0.0012111321902842874,kg,,,기본 공급자가 없거나 그 공정의 기준 흐름을 읽지 못했다.
f2810f07-91dc-3d23-91cc-5f225733f2c6,"Electricity - GAS - Southern Company Services, Inc. - Trans",66e610e1-1733-390a-82e0-d801990b71ba,LAB PACKS/NO ACUTE,WASTE_FLOW,1.5576492356248255e-05,kg,,,기본 공급자가 없거나 그 공정의 기준 흐름을 읽지 못했다.
f2810f07-91dc-3d23-91cc-5f225733f2c6,"Electricity - GAS - Southern Company Services, Inc. - Trans",18c6b770-4063-37d6-930c-64bf5a274910,IGNITABLE WASTE,WASTE_FLOW,9.274003910566269e-05,kg,,,기본 공급자가 없거나 그 공정의 기준 흐름을 읽지 못했다.
f2810f07-91dc-3d23-91cc-5f225733f2c6,"Electricity - GAS - Southern Company Services, Inc. - Trans",f5bb2272-b96d-30c8-bbd2-97ac661eb879,"THE FOLLOWING SPENT NONHALOGENATED SOLVENTS: XYLENE, ACETONE, ETHYL ACETATE, ETHYL BENZENE, ETHYL ETHER, METHYL ISOBUTYL KETONE, N-BUTYL ALCOHOL, CYCLOHEXANONE, AND METHANOL; ALL SPENT SOLVENT MIXTURES/BLENDS CONTAINING, BEFORE USE, ONLY THE ABOVE SPENT N",WASTE_FLOW,0.0003764718383333232,kg,,,기본 공급자가 없거나 그 공정의 기준 흐름을 읽지 못했다.
f2810f07-91dc-3d23-91cc-5f225733f2c6,"Electricity - GAS - Southern Company Services, Inc. - Trans",f7ea6d18-d226-339f-a4be-4fc98bcc3fb6,"THE FOLLOWING SPENT HALOGENATED SOLVENTS: TETRACHLOROETHYLENE, METHYLENE CHLORIDE, TRICHLOROETHYLENE, 1,1,1-TRICHLOROETHANE, CHLOROBENZENE, 1,1,2-TRICHLORO-1,2,2-TRIFLUOROETHANE, ORTHO-DICHLOROBENZENE, TRICHLOROFLUOROMETHANE, AND 1,1,2, TRICHLOROETHANE; A",WASTE_FLOW,0.0012761940006646166,kg,,,기본 공급자가 없거나 그 공정의 기준 흐름을 읽지 못했다.
f2810f07-91dc-3d23-91cc-5f225733f2c6,"Electricity - GAS - Southern Company Services, Inc. - Trans",6979e05b-10bb-370e-be59-6ebc9ac1ee14,PHENOL,WASTE_FLOW,0.00030278304757107186,kg,,,기본 공급자가 없거나 그 공정의 기준 흐름을 읽지 못했다.
f2810f07-91dc-3d23-91cc-5f225733f2c6,"Electricity - GAS - Southern Company Services, Inc. - Trans",e755b899-f70a-3aef-ab6a-95c52be5747a,METAL SALTS/CHEM.,WASTE_FLOW,0.0006729044697899247,kg,,,기본 공급자가 없거나 그 공정의 기준 흐름을 읽지 못했다.
f2810f07-91dc-3d23-91cc-5f225733f2c6,"Electricity - GAS - Southern Company Services, Inc. - Trans",2c0313f3-cd99-363f-9f3c-f34d8a1d0208,LEAD,WASTE_FLOW,0.00021567450954805277,kg,,,기본 공급자가 없거나 그 공정의 기준 흐름을 읽지 못했다.
f2810f07-91dc-3d23-91cc-5f225733f2c6,"Electricity - GAS - Southern Company Services, Inc. - Trans",50a90a6b-bb89-32e4-bc27-7725250477bc,OTH ORGANIC LIQUID,WASTE_FLOW,0.00041145903654889627,kg,,,기본 공급자가 없거나 그 공정의 기준 흐름을 읽지 못했다.
f2810f07-91dc-3d23-91cc-5f225733f2c6,"Electricity - GAS - Southern Company Services, Inc. - Trans",9e6a8a52-6512-39f4-868b-2770a065da09,SILVER,WASTE_FLOW,0.000597298572276135,kg,,,기본 공급자가 없거나 그 공정의 기준 흐름을 읽지 못했다.
f2810f07-91dc-3d23-91cc-5f225733f2c6,"Electricity - GAS - Southern Company Services, Inc. - Trans",cc41b6e9-d395-3cf7-9091-58a459a9bd08,"THE FOLLOWING SPENT HALOGENATED SOLVENTS USED IN DEGREASING: TETRACHLOROETHYLENE, TRICHLORETHYLENE, METHYLENE CHLORIDE, 1,1,1-TRICHLOROETHANE, CARBON TETRACHLORIDE AND CHLORINATED FLUOROCARBONS; ALL SPENT SOLVENT MIXTURES/BLENDS USED IN DEGREASING CONTAIN",WASTE_FLOW,0.0005482925309399385,kg,,,기본 공급자가 없거나 그 공정의 기준 흐름을 읽지 못했다.
f2810f07-91dc-3d23-91cc-5f225733f2c6,"Electricity - GAS - Southern Company Services, Inc. - Trans",b6710fd3-910b-3169-9046-a56e39651c77,TETRACHLOROETHYLENE,WASTE_FLOW,0.0005637492041242157,kg,,,기본 공급자가 없거나 그 공정의 기준 흐름을 읽지 못했다.
f2810f07-91dc-3d23-91cc-5f225733f2c6,"Electricity - GAS - Southern Company Services, Inc. - Trans",9411c75c-9039-3692-ae7f-ef4e58ab6653,HALOGENATED SOLVENT,WASTE_FLOW,0.002383682607193868,kg,,,기본 공급자가 없거나 그 공정의 기준 흐름을 읽지 못했다.
f2810f07-91dc-3d23-91cc-5f225733f2c6,"Electricity - GAS - Southern Company Services, Inc. - Trans",d5d165f8-aad3-3b82-a849-1d158c5d031d,CORROSIVE WASTE,WASTE_FLOW,0.0007281411080686203,kg,,,기본 공급자가 없거나 그 공정의 기준 흐름을 읽지 못했다.
f2bff7f9-a317-345e-9296-6ddbb7c09f45,"coal extraction and processing - Import, BIT, Surface",66b3cd21-7664-3778-86d6-52f45f1af823,copper,PRODUCT_FLOW,-4.3520530862232624e-07,kg,,,기본 공급자가 없거나 그 공정의 기준 흐름을 읽지 못했다.
f2bff7f9-a317-345e-9296-6ddbb7c09f45,"coal extraction and processing - Import, BIT, Surface",25804c89-c3cd-34f7-b5e6-4160fc17a7dc,polyvinyl chloride (PVC),PRODUCT_FLOW,-6.969901120336616e-06,kg,,,기본 공급자가 없거나 그 공정의 기준 흐름을 읽지 못했다.
f2bff7f9-a317-345e-9296-6ddbb7c09f45,"coal extraction and processing - Import, BIT, Surface",9f723736-35c3-4218-8dbe-a1331f56be46,Light fuel oil,PRODUCT_FLOW,-0.00011579071201043996,kg,,,기본 공급자가 없거나 그 공정의 기준 흐름을 읽지 못했다.
f2bff7f9-a317-345e-9296-6ddbb7c09f45,"coal extraction and processing - Import, BIT, Surface",aab4c1d4-d871-40b1-8188-35999f9b751a,"Waste, solid",WASTE_FLOW,0.0007644576997900661,kg,,,기본 공급자가 없거나 그 공정의 기준 흐름을 읽지 못했다.
f2bff7f9-a317-345e-9296-6ddbb7c09f45,"coal extraction and processing - Import, BIT, Surface",6aec53b7-c1e1-4f37-9997-bad469fa567b,residual oil,PRODUCT_FLOW,-1.4954765633696862e-06,kg,,,기본 공급자가 없거나 그 공정의 기준 흐름을 읽지 못했다.
f2bff7f9-a317-345e-9296-6ddbb7c09f45,"coal extraction and processing - Import, BIT, Surface",8fe56530-fbb6-3f64-a436-c460029321b4,"rubber, styrene-butadiene",PRODUCT_FLOW,-0.0006763739135608234,kg,,,기본 공급자가 없거나 그 공정의 기준 흐름을 읽지 못했다.
f2bff7f9-a317-345e-9296-6ddbb7c09f45,"coal extraction and processing - Import, BIT, Surface",2b325037-62f4-4658-ab68-2aaf30da8ae6,liquefied petroleum gas,PRODUCT_FLOW,-3.124797234901545e-08,kg,,,기본 공급자가 없거나 그 공정의 기준 흐름을 읽지 못했다.
f2bff7f9-a317-345e-9296-6ddbb7c09f45,"coal extraction and processing - Import, BIT, Surface",2b69310a-e90f-3417-8b35-d23d5eeac99f,asphalt,PRODUCT_FLOW,-0.00017902490633281144,kg,,,기본 공급자가 없거나 그 공정의 기준 흐름을 읽지 못했다.
f2bff7f9-a317-345e-9296-6ddbb7c09f45,"coal extraction and processing - Import, BIT, Surface",66c312ea-5071-3a57-9940-25a403d38dea,cast iron,PRODUCT_FLOW,-1.8150469408526444e-05,kg,,,기본 공급자가 없거나 그 공정의 기준 흐름을 읽지 못했다.
f2bff7f9-a317-345e-9296-6ddbb7c09f45,"coal extraction and processing - Import, BIT, Surface",8a5b6ae2-63d7-4e5a-950e-7d1d8b0bea80,"natural gas, delivered",PRODUCT_FLOW,-7.116423904618986e-05,kg,,,기본 공급자가 없거나 그 공정의 기준 흐름을 읽지 못했다.
f2bff7f9-a317-345e-9296-6ddbb7c09f45,"coal extraction and processing - Import, BIT, Surface",e6653400-5caf-43f6-b1f2-89b4c01ca58d,petroleum coke,PRODUCT_FLOW,-9.182400750892205e-05,kg,,,기본 공급자가 없거나 그 공정의 기준 흐름을 읽지 못했다.
f2bff7f9-a317-345e-9296-6ddbb7c09f45,"coal extraction and processing - Import, BIT, Surface",14d67c68-0a06-328b-9347-1aaa9bc5f53a,"Water, reclaimed",PRODUCT_FLOW,-14.080556863225008,kg,,,기본 공급자가 없거나 그 공정의 기준 흐름을 읽지 못했다.
f2bff7f9-a317-345e-9296-6ddbb7c09f45,"coal extraction and processing - Import, BIT, Surface",7e540229-9844-4be6-b0e8-af5d8d70c11a,Ammonium nitrate,PRODUCT_FLOW,-1.1385854314914965,kg,,,기본 공급자가 없거나 그 공정의 기준 흐름을 읽지 못했다.
f2bff7f9-a317-345e-9296-6ddbb7c09f45,"coal extraction and processing - Import, BIT, Surface",2db44184-7fa2-300c-b4ab-7fa9227bc0ed,zinc,PRODUCT_FLOW,-3.47311664438902e-07,kg,,,기본 공급자가 없거나 그 공정의 기준 흐름을 읽지 못했다.
f3929bea-4d5f-4691-9aef-aa95392ba015,Hydrogen fluoride Bridge; USLCI to USEEIO,21b680dd-c1f7-3f23-a1f6-5d21826b609e,Other basic inorganic chemicals,PRODUCT_FLOW,-1.52,USD,,,기본 공급자가 없거나 그 공정의 기준 흐름을 읽지 못했다.
f3aad25e-1c89-4b8e-a81b-216028fef017,Polymers Bridge; USLCI to USEEIO,73c55a19-ecdc-3918-8dcb-8e6f7f1bf9bd,Other basic organic chemicals,PRODUCT_FLOW,-1.49,USD,,,기본 공급자가 없거나 그 공정의 기준 흐름을 읽지 못했다.
f61b7ac1-ff32-3aa5-bb07-2130c1d166e3,Electricity - MIXED - Avista Corporation,79d7ff97-744b-3343-9b2e-26cd2758424c,CONT. DEBRIS,WASTE_FLOW,0.011003961082418419,kg,,,기본 공급자가 없거나 그 공정의 기준 흐름을 읽지 못했다.
f662f4d7-9b65-3682-98a9-bc7b1ff88b7f,Electricity - NUCLEAR - New York Independent System Operator,d5d165f8-aad3-3b82-a849-1d158c5d031d,CORROSIVE WASTE,WASTE_FLOW,0.0007926460263513908,kg,,,기본 공급자가 없거나 그 공정의 기준 흐름을 읽지 못했다.
f662f4d7-9b65-3682-98a9-bc7b1ff88b7f,Electricity - NUCLEAR - New York Independent System Operator,f5bb2272-b96d-30c8-bbd2-97ac661eb879,"THE FOLLOWING SPENT NONHALOGENATED SOLVENTS: XYLENE, ACETONE, ETHYL ACETATE, ETHYL BENZENE, ETHYL ETHER, METHYL ISOBUTYL KETONE, N-BUTYL ALCOHOL, CYCLOHEXANONE, AND METHANOL; ALL SPENT SOLVENT MIXTURES/BLENDS CONTAINING, BEFORE USE, ONLY THE ABOVE SPENT N",WASTE_FLOW,2.373023941974334e-06,kg,,,기본 공급자가 없거나 그 공정의 기준 흐름을 읽지 못했다.
f662f4d7-9b65-3682-98a9-bc7b1ff88b7f,Electricity - NUCLEAR - New York Independent System Operator,1b0ee7da-153d-34a5-86b3-723efa6e177b,CHROMIUM,WASTE_FLOW,2.4718999395565974e-07,kg,,,기본 공급자가 없거나 그 공정의 기준 흐름을 읽지 못했다.
f662f4d7-9b65-3682-98a9-bc7b1ff88b7f,Electricity - NUCLEAR - New York Independent System Operator,cd7a2acd-6b88-37cb-b0f4-938ab7ddb780,"PAINT, INK, ETC.",WASTE_FLOW,7.333303154017906e-06,kg,,,기본 공급자가 없거나 그 공정의 기준 흐름을 읽지 못했다.
f662f4d7-9b65-3682-98a9-bc7b1ff88b7f,Electricity - NUCLEAR - New York Independent System Operator,18c6b770-4063-37d6-930c-64bf5a274910,IGNITABLE WASTE,WASTE_FLOW,1.1497630585524254e-05,kg,,,기본 공급자가 없거나 그 공정의 기준 흐름을 읽지 못했다.
f662f4d7-9b65-3682-98a9-bc7b1ff88b7f,Electricity - NUCLEAR - New York Independent System Operator,2c0313f3-cd99-363f-9f3c-f34d8a1d0208,LEAD,WASTE_FLOW,7.880417007306434e-05,kg,,,기본 공급자가 없거나 그 공정의 기준 흐름을 읽지 못했다.
f662f4d7-9b65-3682-98a9-bc7b1ff88b7f,Electricity - NUCLEAR - New York Independent System Operator,3943bd3e-5354-3f3b-9d2a-ad12d1250b14,MERCURY,WASTE_FLOW,1.8127266223415048e-08,kg,,,기본 공급자가 없거나 그 공정의 기준 흐름을 읽지 못했다.
f662f4d7-9b65-3682-98a9-bc7b1ff88b7f,Electricity - NUCLEAR - New York Independent System Operator,66e610e1-1733-390a-82e0-d801990b71ba,LAB PACKS/NO ACUTE,WASTE_FLOW,9.228426441011297e-08,kg,,,기본 공급자가 없거나 그 공정의 기준 흐름을 읽지 못했다.
f662f4d7-9b65-3682-98a9-bc7b1ff88b7f,Electricity - NUCLEAR - New York Independent System Operator,36693162-edff-38f9-8112-55fb1e802159,COMPRESSED GAS,WASTE_FLOW,3.62545324468301e-07,kg,,,기본 공급자가 없거나 그 공정의 기준 흐름을 읽지 못했다.
f9cf891e-fd8c-304c-9707-4a7e390b9e75,Paper bag and sack; unbleached kraft; at mill,c02eabee-96d8-3f58-91d7-1652ef6e3648,Core board; at plant,PRODUCT_FLOW,-1.7599,kg,,,기본 공급자가 없거나 그 공정의 기준 흐름을 읽지 못했다.
f9cf891e-fd8c-304c-9707-4a7e390b9e75,Paper bag and sack; unbleached kraft; at mill,f9e86c9e-f8db-3b0e-b8b1-c97098c0569a,Old magazines,PRODUCT_FLOW,-3.792,kg,,,기본 공급자가 없거나 그 공정의 기준 흐름을 읽지 못했다.
f9cf891e-fd8c-304c-9707-4a7e390b9e75,Paper bag and sack; unbleached kraft; at mill,4542303c-bf10-30b8-afad-67137e5b22b2,"Softwood with bark; average harvest, in self-gen. hogged fuel; at mill; US SE",PRODUCT_FLOW,-0.17,m3,,,기본 공급자가 없거나 그 공정의 기준 흐름을 읽지 못했다.
f9cf891e-fd8c-304c-9707-4a7e390b9e75,Paper bag and sack; unbleached kraft; at mill,0ae83083-582a-385e-b524-ce333a47cda9,Old newspaper,PRODUCT_FLOW,-7.1668,kg,,,기본 공급자가 없거나 그 공정의 기준 흐름을 읽지 못했다.
f9cf891e-fd8c-304c-9707-4a7e390b9e75,Paper bag and sack; unbleached kraft; at mill,3fa50bec-03d8-465f-aba1-4c0c2999919a,"Disposal, wastewater treatment plant residuals; to unspecified incinerator",WASTE_FLOW,4.173,kg,,,기본 공급자가 없거나 그 공정의 기준 흐름을 읽지 못했다.
f9cf891e-fd8c-304c-9707-4a7e390b9e75,Paper bag and sack; unbleached kraft; at mill,7224edad-d8e7-48db-9fa7-0e49bbca75b6,"Disposal, solid waste; to unspecified landfill",WASTE_FLOW,20.775,kg,,,기본 공급자가 없거나 그 공정의 기준 흐름을 읽지 못했다.
f9cf891e-fd8c-304c-9707-4a7e390b9e75,Paper bag and sack; unbleached kraft; at mill,8cd24684-a777-3c3d-8134-713acad3dc1b,"Softwood with bark; average harvest, in pulp; at mill; US SE",PRODUCT_FLOW,-0.621,m3,,,기본 공급자가 없거나 그 공정의 기준 흐름을 읽지 못했다.
f9cf891e-fd8c-304c-9707-4a7e390b9e75,Paper bag and sack; unbleached kraft; at mill,6b5699ba-31ef-383f-81f5-a2c43146df8e,Retention aid; at plant,PRODUCT_FLOW,-0.48081,kg,,,기본 공급자가 없거나 그 공정의 기준 흐름을 읽지 못했다.
f9cf891e-fd8c-304c-9707-4a7e390b9e75,Paper bag and sack; unbleached kraft; at mill,c7b75e8a-0d37-395d-b327-49091b08a49d,Sizer; at plant,PRODUCT_FLOW,-0.55338,kg,,,기본 공급자가 없거나 그 공정의 기준 흐름을 읽지 못했다.
f9cf891e-fd8c-304c-9707-4a7e390b9e75,Paper bag and sack; unbleached kraft; at mill,05bc6706-36bc-322a-a7e5-7387dd740580,Dry strengths; at plant,PRODUCT_FLOW,-0.20865,kg,,,기본 공급자가 없거나 그 공정의 기준 흐름을 읽지 못했다.
f9cf891e-fd8c-304c-9707-4a7e390b9e75,Paper bag and sack; unbleached kraft; at mill,a595c5ab-6af0-4b03-a64d-90a34d89f2d5,"Disposal, unspecified ashes; to unspecified landfill",WASTE_FLOW,20.321,kg,,,기본 공급자가 없거나 그 공정의 기준 흐름을 읽지 못했다.
f9cf891e-fd8c-304c-9707-4a7e390b9e75,Paper bag and sack; unbleached kraft; at mill,56c5a93b-10a7-42d7-b29c-c584313d9bfb,"Disposal, solid waste; to unspecified beneficial use",WASTE_FLOW,2.268,kg,,,기본 공급자가 없거나 그 공정의 기준 흐름을 읽지 못했다.
f9cf891e-fd8c-304c-9707-4a7e390b9e75,Paper bag and sack; unbleached kraft; at mill,3df2a39b-5b73-3adf-8a06-5bdddd9cd43d,Talc; at plant,PRODUCT_FLOW,-7.0307,kg,,,기본 공급자가 없거나 그 공정의 기준 흐름을 읽지 못했다.
f9cf891e-fd8c-304c-9707-4a7e390b9e75,Paper bag and sack; unbleached kraft; at mill,18a951f4-e201-425c-bea7-3a9dd773638d,"Disposal, solid waste; to unspecified incinerator",WASTE_FLOW,0.45359,kg,,,기본 공급자가 없거나 그 공정의 기준 흐름을 읽지 못했다.
f9cf891e-fd8c-304c-9707-4a7e390b9e75,Paper bag and sack; unbleached kraft; at mill,e619bae5-8284-4a73-98bb-9b411c3e6d48,"Disposal, solid waste; to unspecified land application",WASTE_FLOW,0.45359,kg,,,기본 공급자가 없거나 그 공정의 기준 흐름을 읽지 못했다.
f9cf891e-fd8c-304c-9707-4a7e390b9e75,Paper bag and sack; unbleached kraft; at mill,96fa7e78-b96d-4365-abce-db999d654ced,"Disposal, wastewater treatment plant residuals; to unspecified beneficial use",WASTE_FLOW,0.090718,kg,,,기본 공급자가 없거나 그 공정의 기준 흐름을 읽지 못했다.
f9cf891e-fd8c-304c-9707-4a7e390b9e75,Paper bag and sack; unbleached kraft; at mill,885a2756-72dc-3f07-8d54-45eb06ab5ac9,"Softwood with bark; average harvest, in black liquor; at mill; US SE",PRODUCT_FLOW,-0.66,m3,,,기본 공급자가 없거나 그 공정의 기준 흐름을 읽지 못했다.
f9cf891e-fd8c-304c-9707-4a7e390b9e75,Paper bag and sack; unbleached kraft; at mill,4f98f36d-fdb0-3dd0-a8a4-b04a38e10338,Tall oil; at unbleached kraft bag and sack paper mill,PRODUCT_FLOW,25.174,kg,,,기본 공급자가 없거나 그 공정의 기준 흐름을 읽지 못했다.
f9cf891e-fd8c-304c-9707-4a7e390b9e75,Paper bag and sack; unbleached kraft; at mill,6629a53d-6d75-3e00-b4e2-4230fb50b9b9,Electricity; at unbleached kraft bag and sack paper mill,PRODUCT_FLOW,234.0,MJ,,,기본 공급자가 없거나 그 공정의 기준 흐름을 읽지 못했다.
f9cf891e-fd8c-304c-9707-4a7e390b9e75,Paper bag and sack; unbleached kraft; at mill,f4e19741-e926-3559-bf34-d54bd937ab6a,"Chips, softwood; green; at sawmill",PRODUCT_FLOW,-335.45,kg,,,기본 공급자가 없거나 그 공정의 기준 흐름을 읽지 못했다.
f9cf891e-fd8c-304c-9707-4a7e390b9e75,Paper bag and sack; unbleached kraft; at mill,c5902052-45c9-3f0d-b355-26b464f4e196,Sodium sulfate; at plant,PRODUCT_FLOW,-13.109,kg,,,기본 공급자가 없거나 그 공정의 기준 흐름을 읽지 못했다.
f9cf891e-fd8c-304c-9707-4a7e390b9e75,Paper bag and sack; unbleached kraft; at mill,2b7f3572-b712-4ed6-8f6e-8a1366a27fa3,"Disposal, unspecified ashes; to unspecified beneficial use",WASTE_FLOW,1.1793,kg,,,기본 공급자가 없거나 그 공정의 기준 흐름을 읽지 못했다.
f9cf891e-fd8c-304c-9707-4a7e390b9e75,Paper bag and sack; unbleached kraft; at mill,b8f8e582-dfd0-354a-b5bf-67aa8cae8f77,Old corrugated containers,PRODUCT_FLOW,-209.56,kg,,,기본 공급자가 없거나 그 공정의 기준 흐름을 읽지 못했다.
f9cf891e-fd8c-304c-9707-4a7e390b9e75,Paper bag and sack; unbleached kraft; at mill,c7b75e8a-0d37-395d-b327-49091b08a49d,Sizer; at plant,PRODUCT_FLOW,-3.3112,kg,,,기본 공급자가 없거나 그 공정의 기준 흐름을 읽지 못했다.
f9cf891e-fd8c-304c-9707-4a7e390b9e75,Paper bag and sack; unbleached kraft; at mill,201cec3b-525b-41cb-866a-dfd20846b531,"Disposal, wastewater treatment plant residuals; to unspecified landfill",WASTE_FLOW,10.07,kg,,,기본 공급자가 없거나 그 공정의 기준 흐름을 읽지 못했다.
f9cf891e-fd8c-304c-9707-4a7e390b9e75,Paper bag and sack; unbleached kraft; at mill,6f873075-c979-4869-8f3f-ec76197d0c29,"Disposal, wastewater treatment plant residuals; to unspecified land application",WASTE_FLOW,0.45359,kg,,,기본 공급자가 없거나 그 공정의 기준 흐름을 읽지 못했다.
f9cf891e-fd8c-304c-9707-4a7e390b9e75,Paper bag and sack; unbleached kraft; at mill,afa955a6-954e-33e2-8bfb-e1ff7d414c83,Turpentine; at unbleached kraft bag and sack paper mill,PRODUCT_FLOW,1.9504,kg,,,기본 공급자가 없거나 그 공정의 기준 흐름을 읽지 못했다.
f9cf891e-fd8c-304c-9707-4a7e390b9e75,Paper bag and sack; unbleached kraft; at mill,f4e19741-e926-3559-bf34-d54bd937ab6a,"Chips, softwood; green; at sawmill",PRODUCT_FLOW,-315.9,kg,,,기본 공급자가 없거나 그 공정의 기준 흐름을 읽지 못했다.
fa501a68-3e1d-3ef1-84a0-48eead282f98,Pulpwood; softwd; avg; state or private moist forest; at forest rd; INW,dac6904f-42a7-3229-95d4-39c316fbd8e3,"Pulpwood, softwood; state-private moist cold forest, steep slope; at forest road",PRODUCT_FLOW,-0.3,m3,,,기본 공급자가 없거나 그 공정의 기준 흐름을 읽지 못했다.
fa501a68-3e1d-3ef1-84a0-48eead282f98,Pulpwood; softwd; avg; state or private moist forest; at forest rd; INW,0702afcb-0b66-3f30-a5c7-e10fbe896a4b,"Pulpwood, softwood; state-private moist cold forest, gentle slope; at forest road",PRODUCT_FLOW,-0.7,m3,,,기본 공급자가 없거나 그 공정의 기준 흐름을 읽지 못했다.
fab115fe-2f03-31bb-9eb6-42412d590cf0,"coal extraction and processing - Illinois Basin, BIT, Underground",7e540229-9844-4be6-b0e8-af5d8d70c11a,Ammonium nitrate,PRODUCT_FLOW,-1.7872021534256344,kg,,,기본 공급자가 없거나 그 공정의 기준 흐름을 읽지 못했다.
fab115fe-2f03-31bb-9eb6-42412d590cf0,"coal extraction and processing - Illinois Basin, BIT, Underground",2db44184-7fa2-300c-b4ab-7fa9227bc0ed,zinc,PRODUCT_FLOW,-4.476575229590739e-06,kg,,,기본 공급자가 없거나 그 공정의 기준 흐름을 읽지 못했다.
fab115fe-2f03-31bb-9eb6-42412d590cf0,"coal extraction and processing - Illinois Basin, BIT, Underground",8fe56530-fbb6-3f64-a436-c460029321b4,"rubber, styrene-butadiene",PRODUCT_FLOW,-0.00028449327978273553,kg,,,기본 공급자가 없거나 그 공정의 기준 흐름을 읽지 못했다.
fab115fe-2f03-31bb-9eb6-42412d590cf0,"coal extraction and processing - Illinois Basin, BIT, Underground",6aec53b7-c1e1-4f37-9997-bad469fa567b,residual oil,PRODUCT_FLOW,-3.3534764542873463e-06,kg,,,기본 공급자가 없거나 그 공정의 기준 흐름을 읽지 못했다.
fab115fe-2f03-31bb-9eb6-42412d590cf0,"coal extraction and processing - Illinois Basin, BIT, Underground",14d67c68-0a06-328b-9347-1aaa9bc5f53a,"Water, reclaimed",PRODUCT_FLOW,-5.613423635699809,kg,,,기본 공급자가 없거나 그 공정의 기준 흐름을 읽지 못했다.
fab115fe-2f03-31bb-9eb6-42412d590cf0,"coal extraction and processing - Illinois Basin, BIT, Underground",e6653400-5caf-43f6-b1f2-89b4c01ca58d,petroleum coke,PRODUCT_FLOW,-0.00020590899302236598,kg,,,기본 공급자가 없거나 그 공정의 기준 흐름을 읽지 못했다.
fab115fe-2f03-31bb-9eb6-42412d590cf0,"coal extraction and processing - Illinois Basin, BIT, Underground",25804c89-c3cd-34f7-b5e6-4160fc17a7dc,polyvinyl chloride (PVC),PRODUCT_FLOW,-8.98382964720501e-05,kg,,,기본 공급자가 없거나 그 공정의 기준 흐름을 읽지 못했다.
fab115fe-2f03-31bb-9eb6-42412d590cf0,"coal extraction and processing - Illinois Basin, BIT, Underground",2b69310a-e90f-3417-8b35-d23d5eeac99f,asphalt,PRODUCT_FLOW,-0.7301516617683589,kg,,,기본 공급자가 없거나 그 공정의 기준 흐름을 읽지 못했다.
fab115fe-2f03-31bb-9eb6-42412d590cf0,"coal extraction and processing - Illinois Basin, BIT, Underground",aab4c1d4-d871-40b1-8188-35999f9b751a,"Waste, solid",WASTE_FLOW,0.0017138522763488438,kg,,,기본 공급자가 없거나 그 공정의 기준 흐름을 읽지 못했다.
fab115fe-2f03-31bb-9eb6-42412d590cf0,"coal extraction and processing - Illinois Basin, BIT, Underground",66b3cd21-7664-3778-86d6-52f45f1af823,copper,PRODUCT_FLOW,-5.6094621632134865e-06,kg,,,기본 공급자가 없거나 그 공정의 기준 흐름을 읽지 못했다.
fab115fe-2f03-31bb-9eb6-42412d590cf0,"coal extraction and processing - Illinois Basin, BIT, Underground",2b325037-62f4-4658-ab68-2aaf30da8ae6,liquefied petroleum gas,PRODUCT_FLOW,-7.007156773203775e-08,kg,,,기본 공급자가 없거나 그 공정의 기준 흐름을 읽지 못했다.
fab115fe-2f03-31bb-9eb6-42412d590cf0,"coal extraction and processing - Illinois Basin, BIT, Underground",9f723736-35c3-4218-8dbe-a1331f56be46,Light fuel oil,PRODUCT_FLOW,-0.0023639192879004772,kg,,,기본 공급자가 없거나 그 공정의 기준 흐름을 읽지 못했다.
fab115fe-2f03-31bb-9eb6-42412d590cf0,"coal extraction and processing - Illinois Basin, BIT, Underground",66c312ea-5071-3a57-9940-25a403d38dea,cast iron,PRODUCT_FLOW,-0.00023394558501324515,kg,,,기본 공급자가 없거나 그 공정의 기준 흐름을 읽지 못했다.
fab115fe-2f03-31bb-9eb6-42412d590cf0,"coal extraction and processing - Illinois Basin, BIT, Underground",8a5b6ae2-63d7-4e5a-950e-7d1d8b0bea80,"natural gas, delivered",PRODUCT_FLOW,-0.0001555571197480601,kg,,,기본 공급자가 없거나 그 공정의 기준 흐름을 읽지 못했다.
fb97ca58-8d24-3147-b08f-7788b67ab151,Metallurgical coke; at plant,25d73e00-0b36-4a76-b168-087f1ab49c03,"Disposal, solid waste; to unspecified treatment",WASTE_FLOW,0.004,kg,,,기본 공급자가 없거나 그 공정의 기준 흐름을 읽지 못했다.
fd0dc9c9-99ee-33ef-8fff-4cc73321eed5,Electricity - NUCLEAR - Duke Energy Carolinas,66e610e1-1733-390a-82e0-d801990b71ba,LAB PACKS/NO ACUTE,WASTE_FLOW,4.1924045946142795e-06,kg,,,기본 공급자가 없거나 그 공정의 기준 흐름을 읽지 못했다.
fd0dc9c9-99ee-33ef-8fff-4cc73321eed5,Electricity - NUCLEAR - Duke Energy Carolinas,2c0313f3-cd99-363f-9f3c-f34d8a1d0208,LEAD,WASTE_FLOW,0.0016284604864876594,kg,,,기본 공급자가 없거나 그 공정의 기준 흐름을 읽지 못했다.
fd0dc9c9-99ee-33ef-8fff-4cc73321eed5,Electricity - NUCLEAR - Duke Energy Carolinas,d5d165f8-aad3-3b82-a849-1d158c5d031d,CORROSIVE WASTE,WASTE_FLOW,4.958083278061798e-05,kg,,,기본 공급자가 없거나 그 공정의 기준 흐름을 읽지 못했다.
fd0dc9c9-99ee-33ef-8fff-4cc73321eed5,Electricity - NUCLEAR - Duke Energy Carolinas,50a90a6b-bb89-32e4-bc27-7725250477bc,OTH ORGANIC LIQUID,WASTE_FLOW,2.3070777379943252e-05,kg,,,기본 공급자가 없거나 그 공정의 기준 흐름을 읽지 못했다.
fd0dc9c9-99ee-33ef-8fff-4cc73321eed5,Electricity - NUCLEAR - Duke Energy Carolinas,3f8e4da0-2af9-36e8-904e-d3ed425d2942,"CYANIDES (SOLUBLE CYANIDE SALTS), NOT OTHERWISE SPECIFIED",WASTE_FLOW,1.757295339059878e-07,kg,,,기본 공급자가 없거나 그 공정의 기준 흐름을 읽지 못했다.
fd0dc9c9-99ee-33ef-8fff-4cc73321eed5,Electricity - NUCLEAR - Duke Energy Carolinas,7fdc2f5e-70bd-3dd4-a6c0-288a85597858,OTHER AQUEOUS WST,WASTE_FLOW,3.514590678119756e-07,kg,,,기본 공급자가 없거나 그 공정의 기준 흐름을 읽지 못했다.
fd0dc9c9-99ee-33ef-8fff-4cc73321eed5,Electricity - NUCLEAR - Duke Energy Carolinas,18c6b770-4063-37d6-930c-64bf5a274910,IGNITABLE WASTE,WASTE_FLOW,2.0434834371353433e-05,kg,,,기본 공급자가 없거나 그 공정의 기준 흐름을 읽지 못했다.
fd0dc9c9-99ee-33ef-8fff-4cc73321eed5,Electricity - NUCLEAR - Duke Energy Carolinas,9411c75c-9039-3692-ae7f-ef4e58ab6653,HALOGENATED SOLVENT,WASTE_FLOW,0.00018326079964481583,kg,,,기본 공급자가 없거나 그 공정의 기준 흐름을 읽지 못했다.
fef4bce7-747e-30a8-adea-c11de716b08b,Fertilizer; switchgrass,81040c58-d108-3d5e-8b1a-06c2126da24a,Fertilising; by broadcaster,PRODUCT_FLOW,-20000.0,m2,,,기본 공급자가 없거나 그 공정의 기준 흐름을 읽지 못했다.
